council	council_id	section	document_id	description	source_page	source_url	final_url	http_status	relative_path	filename	size	sha256	mime	status
CACS_FUNDEB	33	Leis	209	Lei_Municipal_n-_6089/2018_-_Dispoe_sobre_a_organizacao_do_Sistema_Municipal_de_Ensino_de_Limeira.	https://serv42.limeira.sp.gov.br/netConselhos/listaDocumentos/?conselho=33	https://serv42.limeira.sp.gov.br/netConselhos/documento/?documento=209&desc=Lei_Municipal_n-_6089/2018_-_Dispoe_sobre_a_organizacao_do_Sistema_Municipal_de_Ensino_de_Limeira.	https://serv42.limeira.sp.gov.br/netConselhos/documento/?documento=209&desc=Lei_Municipal_n-_6089/2018_-_Dispoe_sobre_a_organizacao_do_Sistema_Municipal_de_Ensino_de_Limeira.	200	files/CACS_FUNDEB/Leis/209__Lei Municipal nº 6089_2018 - Dispõe sobre a organização do Sistema Municipal de Ensino de Limeira..pdf	209__Lei Municipal nº 6089_2018 - Dispõe sobre a organização do Sistema Municipal de Ensino de Limeira..pdf	1202058	541cad50047beb607748b16d428104fefb90dc7c9f94670128ff6edac2349266	application/pdf	DOWNLOADED
CACS_FUNDEB	33	Leis	257	Lei_Federal_n-_11494/2007_-_Criacao_do_Fundeb.	https://serv42.limeira.sp.gov.br/netConselhos/listaDocumentos/?conselho=33	https://serv42.limeira.sp.gov.br/netConselhos/documento/?documento=257&desc=Lei_Federal_n-_11494/2007_-_Criacao_do_Fundeb.	https://serv42.limeira.sp.gov.br/netConselhos/documento/?documento=257&desc=Lei_Federal_n-_11494/2007_-_Criacao_do_Fundeb.	200	files/CACS_FUNDEB/Leis/257__Lei Federal nº 11494_2007 - Criação do Fundeb..pdf	257__Lei Federal nº 11494_2007 - Criação do Fundeb..pdf	64974	efef29bef5ed5ea6554aad37964e7029767b7aaf5aee8c553e46ecbad6ac3268	application/pdf	DOWNLOADED
CACS_FUNDEB	33	Leis	258	Lei_Federal_n-_10880/2008_-_Criacao_do_Programa_Nacional_de_Transporte_do_Escolar_-_PNATE	https://serv42.limeira.sp.gov.br/netConselhos/listaDocumentos/?conselho=33	https://serv42.limeira.sp.gov.br/netConselhos/documento/?documento=258&desc=Lei_Federal_n-_10880/2008_-_Criacao_do_Programa_Nacional_de_Transporte_do_Escolar_-_PNATE	https://serv42.limeira.sp.gov.br/netConselhos/documento/?documento=258&desc=Lei_Federal_n-_10880/2008_-_Criacao_do_Programa_Nacional_de_Transporte_do_Escolar_-_PNATE	200	files/CACS_FUNDEB/Leis/258__Lei Federal nº 10880_2008 - Criação do Programa Nacional de Transporte do Escolar - PNATE.pdf	258__Lei Federal nº 10880_2008 - Criação do Programa Nacional de Transporte do Escolar - PNATE.pdf	55712	0d0c721d78e3635d25ddea59d6126bc3337fd97ffc2d89861021c4077d9184ec	application/pdf	DOWNLOADED
CACS_FUNDEB	33	Leis	529	Lei_Municipal_6542/2021_-_Novo_Fundeb_Municipal	https://serv42.limeira.sp.gov.br/netConselhos/listaDocumentos/?conselho=33	https://serv42.limeira.sp.gov.br/netConselhos/documento/?documento=529&desc=Lei_Municipal_6542/2021_-_Novo_Fundeb_Municipal	https://serv42.limeira.sp.gov.br/netConselhos/documento/?documento=529&desc=Lei_Municipal_6542/2021_-_Novo_Fundeb_Municipal	200	files/CACS_FUNDEB/Leis/529__Lei Municipal 6542_2021 - Novo Fundeb Municipal.pdf	529__Lei Municipal 6542_2021 - Novo Fundeb Municipal.pdf	187728	f278641c1989133219f6f4206a054b095cd11680db995ef6606d5f2a8b8d0178	application/pdf	DOWNLOADED
CACS_FUNDEB	33	Decretos	204	Decreto_n-162-2018_-_nomeacao_de_conselheiros_do_bienio_2018-2019	https://serv42.limeira.sp.gov.br/netConselhos/listaDocumentos/?conselho=33	https://serv42.limeira.sp.gov.br/netConselhos/documento/?documento=204&desc=Decreto_n-162-2018_-_nomeacao_de_conselheiros_do_bienio_2018-2019	https://serv42.limeira.sp.gov.br/netConselhos/documento/?documento=204&desc=Decreto_n-162-2018_-_nomeacao_de_conselheiros_do_bienio_2018-2019	200	files/CACS_FUNDEB/Decretos/204__Decreto nº162-2018 - nomeação de conselheiros do biênio 2018-2019.pdf	204__Decreto nº162-2018 - nomeação de conselheiros do biênio 2018-2019.pdf	265527	f6424177d77ed0480f50075ffc11710f4c287c409d4dd50f0018ba4fe2afb42a	application/pdf	DOWNLOADED
CACS_FUNDEB	33	Decretos	205	Decreto_n-_210-2018_-_retificacao_de_nome_da_Conselheira	https://serv42.limeira.sp.gov.br/netConselhos/listaDocumentos/?conselho=33	https://serv42.limeira.sp.gov.br/netConselhos/documento/?documento=205&desc=Decreto_n-_210-2018_-_retificacao_de_nome_da_Conselheira	https://serv42.limeira.sp.gov.br/netConselhos/documento/?documento=205&desc=Decreto_n-_210-2018_-_retificacao_de_nome_da_Conselheira	200	files/CACS_FUNDEB/Decretos/205__Decreto nº 210-2018 - retificação de nome da Conselheira.pdf	205__Decreto nº 210-2018 - retificação de nome da Conselheira.pdf	101669	4eb2ac5f6da496b8a73a7069a21d7044c7d06a29754bdc42abaf87d10ac6c000	application/pdf	DOWNLOADED
CACS_FUNDEB	33	Decretos	206	Decreto_n-_27-2019_-_Substituicao_de_representantes_do_CME	https://serv42.limeira.sp.gov.br/netConselhos/listaDocumentos/?conselho=33	https://serv42.limeira.sp.gov.br/netConselhos/documento/?documento=206&desc=Decreto_n-_27-2019_-_Substituicao_de_representantes_do_CME	https://serv42.limeira.sp.gov.br/netConselhos/documento/?documento=206&desc=Decreto_n-_27-2019_-_Substituicao_de_representantes_do_CME	200	files/CACS_FUNDEB/Decretos/206__Decreto nº 27-2019 - Substituição de representantes do CME.pdf	206__Decreto nº 27-2019 - Substituição de representantes do CME.pdf	116936	976f322daba5d98678342e599ee88cb73d4e032a47e4ba2f093428fbdda116b0	application/pdf	DOWNLOADED
CACS_FUNDEB	33	Decretos	524	Decreto_n-_241-2020_nomeacao_de_conselheiros_do_bienio_2020-2021	https://serv42.limeira.sp.gov.br/netConselhos/listaDocumentos/?conselho=33	https://serv42.limeira.sp.gov.br/netConselhos/documento/?documento=524&desc=Decreto_n-_241-2020_nomeacao_de_conselheiros_do_bienio_2020-2021	https://serv42.limeira.sp.gov.br/netConselhos/documento/?documento=524&desc=Decreto_n-_241-2020_nomeacao_de_conselheiros_do_bienio_2020-2021	200	files/CACS_FUNDEB/Decretos/524__Decreto nº 241-2020 nomeação de conselheiros do biênio 2020-2021.pdf	524__Decreto nº 241-2020 nomeação de conselheiros do biênio 2020-2021.pdf	132751	61e59daf4a00e0ba1916fca72b6a7b44554e7f99f596f4e043207e3cce47ece4	application/pdf	DOWNLOADED
CACS_FUNDEB	33	Decretos	525	Decreto_n-_148-2021_-_Nomeacao_de_Conselheiros_do_bienio_2021-2022	https://serv42.limeira.sp.gov.br/netConselhos/listaDocumentos/?conselho=33	https://serv42.limeira.sp.gov.br/netConselhos/documento/?documento=525&desc=Decreto_n-_148-2021_-_Nomeacao_de_Conselheiros_do_bienio_2021-2022	https://serv42.limeira.sp.gov.br/netConselhos/documento/?documento=525&desc=Decreto_n-_148-2021_-_Nomeacao_de_Conselheiros_do_bienio_2021-2022	200	files/CACS_FUNDEB/Decretos/525__Decreto nº 148-2021 - Nomeação de Conselheiros do biênio 2021-2022.pdf	525__Decreto nº 148-2021 - Nomeação de Conselheiros do biênio 2021-2022.pdf	273903	129285f1c904aaf8dbaae9fd615613f11693dbd8c878615c0859ec00450e98ef	application/pdf	DOWNLOADED
CACS_FUNDEB	33	Decretos	1193	Decreto_de_Nomeacao_do_Quadrienio_2023-2026_-_n-_471-2022_-_CACS-FUNDEB	https://serv42.limeira.sp.gov.br/netConselhos/listaDocumentos/?conselho=33	https://serv42.limeira.sp.gov.br/netConselhos/documento/?documento=1193&desc=Decreto_de_Nomeacao_do_Quadrienio_2023-2026_-_n-_471-2022_-_CACS-FUNDEB	https://serv42.limeira.sp.gov.br/netConselhos/documento/?documento=1193&desc=Decreto_de_Nomeacao_do_Quadrienio_2023-2026_-_n-_471-2022_-_CACS-FUNDEB	200	files/CACS_FUNDEB/Decretos/1193__Decreto de Nomeação do Quadriênio 2023-2026 - nº 471-2022 - CACS-FUNDEB.pdf	1193__Decreto de Nomeação do Quadriênio 2023-2026 - nº 471-2022 - CACS-FUNDEB.pdf	394896	871593d8029f72a5f2a04d7cf866fbbc84a213df949c11cb093a0e43f0aeea3c	application/pdf	DOWNLOADED
CACS_FUNDEB	33	Decretos	1473	23-01-2024_-_Decreto_n-_28-2024_-_Substituicao_de_representante_titular_da_Secretaria_Educacao	https://serv42.limeira.sp.gov.br/netConselhos/listaDocumentos/?conselho=33	https://serv42.limeira.sp.gov.br/netConselhos/documento/?documento=1473&desc=23-01-2024_-_Decreto_n-_28-2024_-_Substituicao_de_representante_titular_da_Secretaria_Educacao	https://serv42.limeira.sp.gov.br/netConselhos/documento/?documento=1473&desc=23-01-2024_-_Decreto_n-_28-2024_-_Substituicao_de_representante_titular_da_Secretaria_Educacao	200	files/CACS_FUNDEB/Decretos/1473__23-01-2024 - Decreto nº 28-2024 - Substituição de representante titular da Secretaria Educação.pdf	1473__23-01-2024 - Decreto nº 28-2024 - Substituição de representante titular da Secretaria Educação.pdf	122483	b50158eb5e6dbe44523904138e7224689d957f11da876543fb2003c602586df1	application/pdf	DOWNLOADED
CACS_FUNDEB	33	Decretos	2471	23-01-2024_-_Decreto_n-_29-2024_-_Substituicao_de_representante_Suplente_do_Poder_Executivo_-_revogado	https://serv42.limeira.sp.gov.br/netConselhos/listaDocumentos/?conselho=33	https://serv42.limeira.sp.gov.br/netConselhos/documento/?documento=2471&desc=23-01-2024_-_Decreto_n-_29-2024_-_Substituicao_de_representante_Suplente_do_Poder_Executivo_-_revogado	https://serv42.limeira.sp.gov.br/netConselhos/documento/?documento=2471&desc=23-01-2024_-_Decreto_n-_29-2024_-_Substituicao_de_representante_Suplente_do_Poder_Executivo_-_revogado	200	files/CACS_FUNDEB/Decretos/2471__23-01-2024 - Decreto nº 29-2024 - Substituição de representante Suplente do Poder Executivo - revogado.pdf	2471__23-01-2024 - Decreto nº 29-2024 - Substituição de representante Suplente do Poder Executivo - revogado.pdf	121860	645259419eb3ea18037ed85f3a78b2e8ecfa0f524c409364e31a901bcde22c20	application/pdf	DOWNLOADED
CACS_FUNDEB	33	Decretos	2472	07-02-2024_-_Decreto_n-_49-2024_-_Substituicao_de_representante_suplente_do_Poder_Executivo	https://serv42.limeira.sp.gov.br/netConselhos/listaDocumentos/?conselho=33	https://serv42.limeira.sp.gov.br/netConselhos/documento/?documento=2472&desc=07-02-2024_-_Decreto_n-_49-2024_-_Substituicao_de_representante_suplente_do_Poder_Executivo	https://serv42.limeira.sp.gov.br/netConselhos/documento/?documento=2472&desc=07-02-2024_-_Decreto_n-_49-2024_-_Substituicao_de_representante_suplente_do_Poder_Executivo	200	files/CACS_FUNDEB/Decretos/2472__07-02-2024 - Decreto nº 49-2024 - Substituição de representante suplente do Poder Executivo.pdf	2472__07-02-2024 - Decreto nº 49-2024 - Substituição de representante suplente do Poder Executivo.pdf	179437	c47be3b2466cb220a918b6dc272d77e2a8526721f618d105491112ec202c34d2	application/pdf	DOWNLOADED
CACS_FUNDEB	33	Decretos	2473	11-04-2024_-_Decreto_n-__113-2024_-_Substituicoes_de_representantes_do_Conselho_Tutelar	https://serv42.limeira.sp.gov.br/netConselhos/listaDocumentos/?conselho=33	https://serv42.limeira.sp.gov.br/netConselhos/documento/?documento=2473&desc=11-04-2024_-_Decreto_n-__113-2024_-_Substituicoes_de_representantes_do_Conselho_Tutelar	https://serv42.limeira.sp.gov.br/netConselhos/documento/?documento=2473&desc=11-04-2024_-_Decreto_n-__113-2024_-_Substituicoes_de_representantes_do_Conselho_Tutelar	200	files/CACS_FUNDEB/Decretos/2473__11-04-2024 - Decreto nº 113-2024 - Substituições de representantes do Conselho Tutelar.pdf	2473__11-04-2024 - Decreto nº 113-2024 - Substituições de representantes do Conselho Tutelar.pdf	227754	fb907168ab17734198574f0b39386744e99600491a0d69f256c234f644e0fc6c	application/pdf	DOWNLOADED
CACS_FUNDEB	33	Decretos	2474	16-07-2024_-_Decreto_n-_198-2024_-_Substituicao_de_representante_Titular_do_Poder_Executivo	https://serv42.limeira.sp.gov.br/netConselhos/listaDocumentos/?conselho=33	https://serv42.limeira.sp.gov.br/netConselhos/documento/?documento=2474&desc=16-07-2024_-_Decreto_n-_198-2024_-_Substituicao_de_representante_Titular_do_Poder_Executivo	https://serv42.limeira.sp.gov.br/netConselhos/documento/?documento=2474&desc=16-07-2024_-_Decreto_n-_198-2024_-_Substituicao_de_representante_Titular_do_Poder_Executivo	200	files/CACS_FUNDEB/Decretos/2474__16-07-2024 - Decreto nº 198-2024 - Substituição de representante Titular do Poder Executivo.pdf	2474__16-07-2024 - Decreto nº 198-2024 - Substituição de representante Titular do Poder Executivo.pdf	247997	69cd38a42258bbece29f267693a10b4f907bd27205ef70985354d8ce49919822	application/pdf	DOWNLOADED
CACS_FUNDEB	33	Decretos	2483	31-01-2025_-_Decreto_29-2025_-_Substituicoes_de_representantes_da_Secretaria_Educacao	https://serv42.limeira.sp.gov.br/netConselhos/listaDocumentos/?conselho=33	https://serv42.limeira.sp.gov.br/netConselhos/documento/?documento=2483&desc=31-01-2025_-_Decreto_29-2025_-_Substituicoes_de_representantes_da_Secretaria_Educacao	https://serv42.limeira.sp.gov.br/netConselhos/documento/?documento=2483&desc=31-01-2025_-_Decreto_29-2025_-_Substituicoes_de_representantes_da_Secretaria_Educacao	200	files/CACS_FUNDEB/Decretos/2483__31-01-2025 - Decreto 29-2025 - Substituições de representantes da Secretaria Educação.pdf	2483__31-01-2025 - Decreto 29-2025 - Substituições de representantes da Secretaria Educação.pdf	273273	109f96387a814b94e1643026e8cf56ffd8e1de23f6df1410c3df0e2eb22cd922	application/pdf	DOWNLOADED
CACS_FUNDEB	33	Decretos	2484	28-05-2025_-_Decreto_n-_144-2025_-_Substiuicao_representante_suplente_representante_do_CME	https://serv42.limeira.sp.gov.br/netConselhos/listaDocumentos/?conselho=33	https://serv42.limeira.sp.gov.br/netConselhos/documento/?documento=2484&desc=28-05-2025_-_Decreto_n-_144-2025_-_Substiuicao_representante_suplente_representante_do_CME	https://serv42.limeira.sp.gov.br/netConselhos/documento/?documento=2484&desc=28-05-2025_-_Decreto_n-_144-2025_-_Substiuicao_representante_suplente_representante_do_CME	200	files/CACS_FUNDEB/Decretos/2484__28-05-2025 - Decreto nº 144-2025 - Substiuição representante suplente representante do CME.pdf	2484__28-05-2025 - Decreto nº 144-2025 - Substiuição representante suplente representante do CME.pdf	277058	b37c3452d375b322eab116ed187f1822f595798dfe067387a7b1e6a0bf56d512	application/pdf	DOWNLOADED
CACS_FUNDEB	33	Decretos	2485	11-12-2025_-_Decreto_321-2025_-_Substituicao_de_representante_suplente_da_Secretaria_Educacao	https://serv42.limeira.sp.gov.br/netConselhos/listaDocumentos/?conselho=33	https://serv42.limeira.sp.gov.br/netConselhos/documento/?documento=2485&desc=11-12-2025_-_Decreto_321-2025_-_Substituicao_de_representante_suplente_da_Secretaria_Educacao	https://serv42.limeira.sp.gov.br/netConselhos/documento/?documento=2485&desc=11-12-2025_-_Decreto_321-2025_-_Substituicao_de_representante_suplente_da_Secretaria_Educacao	200	files/CACS_FUNDEB/Decretos/2485__11-12-2025 - Decreto 321-2025 - Substituição de representante suplente da Secretaria Educação.pdf	2485__11-12-2025 - Decreto 321-2025 - Substituição de representante suplente da Secretaria Educação.pdf	300970	12a1e47e19c3d348f727d76cdc3c9404ad6365af4746bb256f63e6d08cecd714	application/pdf	DOWNLOADED
CACS_FUNDEB	33	Decretos	2486	13-02-2026-_Decreto_31-2026_-_Substituicao_de_representante_suplente_do_Conselho_Tutelar	https://serv42.limeira.sp.gov.br/netConselhos/listaDocumentos/?conselho=33	https://serv42.limeira.sp.gov.br/netConselhos/documento/?documento=2486&desc=13-02-2026-_Decreto_31-2026_-_Substituicao_de_representante_suplente_do_Conselho_Tutelar	https://serv42.limeira.sp.gov.br/netConselhos/documento/?documento=2486&desc=13-02-2026-_Decreto_31-2026_-_Substituicao_de_representante_suplente_do_Conselho_Tutelar	200	files/CACS_FUNDEB/Decretos/2486__13-02-2026- Decreto 31-2026 - Substituição de representante suplente do Conselho Tutelar.pdf	2486__13-02-2026- Decreto 31-2026 - Substituição de representante suplente do Conselho Tutelar.pdf	282273	80d8586477153b5385f28b84e9e455b856341a875c84ddf78cf93465ca1fa546	application/pdf	DOWNLOADED
CACS_FUNDEB	33	Decretos	2517	Tabela_com_a_composicao_do_CACS-FUNDEB_2026	https://serv42.limeira.sp.gov.br/netConselhos/listaDocumentos/?conselho=33	https://serv42.limeira.sp.gov.br/netConselhos/documento/?documento=2517&desc=Tabela_com_a_composicao_do_CACS-FUNDEB_2026	https://serv42.limeira.sp.gov.br/netConselhos/documento/?documento=2517&desc=Tabela_com_a_composicao_do_CACS-FUNDEB_2026	200	files/CACS_FUNDEB/Decretos/2517__Tabela com a composição do CACS-FUNDEB 2026.pdf	2517__Tabela com a composição do CACS-FUNDEB 2026.pdf	20545	fe3461d662c8a5d4a955543d6f9ee2b2dab9d1cf6dc9305bd9515a7fb2a54c79	application/pdf	DOWNLOADED
CACS_FUNDEB	33	Pautas	132	Pauta_da_1-_Reuniao_Ordinaria_31-01-2019	https://serv42.limeira.sp.gov.br/netConselhos/listaDocumentos/?conselho=33	https://serv42.limeira.sp.gov.br/netConselhos/documento/?documento=132&desc=Pauta_da_1-_Reuniao_Ordinaria_31-01-2019	https://serv42.limeira.sp.gov.br/netConselhos/documento/?documento=132&desc=Pauta_da_1-_Reuniao_Ordinaria_31-01-2019	200	files/CACS_FUNDEB/Pautas/132__Pauta da 1ª Reunião Ordinária 31-01-2019.pdf	132__Pauta da 1ª Reunião Ordinária 31-01-2019.pdf	410024	11f1b88fadfb8bdb021b427daa82674e4225a7342b2d293a9c7fb05c78931061	application/pdf	DOWNLOADED
CACS_FUNDEB	33	Pautas	133	Pauta_da_2-_Reuniao_Ordinaria_26-03-2019	https://serv42.limeira.sp.gov.br/netConselhos/listaDocumentos/?conselho=33	https://serv42.limeira.sp.gov.br/netConselhos/documento/?documento=133&desc=Pauta_da_2-_Reuniao_Ordinaria_26-03-2019	https://serv42.limeira.sp.gov.br/netConselhos/documento/?documento=133&desc=Pauta_da_2-_Reuniao_Ordinaria_26-03-2019	200	files/CACS_FUNDEB/Pautas/133__Pauta da 2ª Reunião Ordinária 26-03-2019.pdf	133__Pauta da 2ª Reunião Ordinária 26-03-2019.pdf	409942	c794b8a7c29b0cbd9b96214caffb68a36df46d985206a78367f439ee3c242c3c	application/pdf	DOWNLOADED
CACS_FUNDEB	33	Pautas	134	Pauta_da_3-_Reuniao_Ordinaria_25-04-2019	https://serv42.limeira.sp.gov.br/netConselhos/listaDocumentos/?conselho=33	https://serv42.limeira.sp.gov.br/netConselhos/documento/?documento=134&desc=Pauta_da_3-_Reuniao_Ordinaria_25-04-2019	https://serv42.limeira.sp.gov.br/netConselhos/documento/?documento=134&desc=Pauta_da_3-_Reuniao_Ordinaria_25-04-2019	200	files/CACS_FUNDEB/Pautas/134__Pauta da 3ª Reunião Ordinária 25-04-2019.pdf	134__Pauta da 3ª Reunião Ordinária 25-04-2019.pdf	423066	f1eddbf41d5878899ddf2ac5a762f866dc5969cae676cc8a5c117e268e14f3d6	application/pdf	DOWNLOADED
CACS_FUNDEB	33	Pautas	135	Pauta_da_4-_Reuniao_Ordinaria_30-05-2019	https://serv42.limeira.sp.gov.br/netConselhos/listaDocumentos/?conselho=33	https://serv42.limeira.sp.gov.br/netConselhos/documento/?documento=135&desc=Pauta_da_4-_Reuniao_Ordinaria_30-05-2019	https://serv42.limeira.sp.gov.br/netConselhos/documento/?documento=135&desc=Pauta_da_4-_Reuniao_Ordinaria_30-05-2019	200	files/CACS_FUNDEB/Pautas/135__Pauta da 4ª Reunião Ordinária 30-05-2019.pdf	135__Pauta da 4ª Reunião Ordinária 30-05-2019.pdf	423118	b5b8f2f068e14804d1dd787d6e79ea7d77f06752aca76ae0f472d8c204f17421	application/pdf	DOWNLOADED
CACS_FUNDEB	33	Pautas	136	Pauta_da_5-_Reuniao_Ordinaria_11-07-2019	https://serv42.limeira.sp.gov.br/netConselhos/listaDocumentos/?conselho=33	https://serv42.limeira.sp.gov.br/netConselhos/documento/?documento=136&desc=Pauta_da_5-_Reuniao_Ordinaria_11-07-2019	https://serv42.limeira.sp.gov.br/netConselhos/documento/?documento=136&desc=Pauta_da_5-_Reuniao_Ordinaria_11-07-2019	200	files/CACS_FUNDEB/Pautas/136__Pauta da 5ª Reunião Ordinária 11-07-2019.pdf	136__Pauta da 5ª Reunião Ordinária 11-07-2019.pdf	408512	a07af580896b00351edc508b7a1a8d795022c11b59a33b9c56507aa9d2066f0f	application/pdf	DOWNLOADED
CACS_FUNDEB	33	Pautas	137	Pauta_da_6-_Reuniao_Ordinaria_30-07-2019	https://serv42.limeira.sp.gov.br/netConselhos/listaDocumentos/?conselho=33	https://serv42.limeira.sp.gov.br/netConselhos/documento/?documento=137&desc=Pauta_da_6-_Reuniao_Ordinaria_30-07-2019	https://serv42.limeira.sp.gov.br/netConselhos/documento/?documento=137&desc=Pauta_da_6-_Reuniao_Ordinaria_30-07-2019	200	files/CACS_FUNDEB/Pautas/137__Pauta da 6ª Reunião Ordinária 30-07-2019.pdf	137__Pauta da 6ª Reunião Ordinária 30-07-2019.pdf	409953	0f420cb03fcda9662ec0c614f20aac660a1c6c9d4b2a83cb8b0fb2c8dc97fa67	application/pdf	DOWNLOADED
CACS_FUNDEB	33	Pautas	138	Pauta_da_7-_Reuniao_Ordinaria_28-08-2019	https://serv42.limeira.sp.gov.br/netConselhos/listaDocumentos/?conselho=33	https://serv42.limeira.sp.gov.br/netConselhos/documento/?documento=138&desc=Pauta_da_7-_Reuniao_Ordinaria_28-08-2019	https://serv42.limeira.sp.gov.br/netConselhos/documento/?documento=138&desc=Pauta_da_7-_Reuniao_Ordinaria_28-08-2019	200	files/CACS_FUNDEB/Pautas/138__Pauta da 7ª Reunião Ordinária 28-08-2019.pdf	138__Pauta da 7ª Reunião Ordinária 28-08-2019.pdf	409369	25ae27579f8b6beca1723d805d6071992a2f5f970a75d36da41f7b6f9e14f7a2	application/pdf	DOWNLOADED
CACS_FUNDEB	33	Pautas	139	Pauta_da_8-_Reuniao_Ordinaria_02-10-2019	https://serv42.limeira.sp.gov.br/netConselhos/listaDocumentos/?conselho=33	https://serv42.limeira.sp.gov.br/netConselhos/documento/?documento=139&desc=Pauta_da_8-_Reuniao_Ordinaria_02-10-2019	https://serv42.limeira.sp.gov.br/netConselhos/documento/?documento=139&desc=Pauta_da_8-_Reuniao_Ordinaria_02-10-2019	200	files/CACS_FUNDEB/Pautas/139__Pauta da 8ª Reunião Ordinária 02-10-2019.pdf	139__Pauta da 8ª Reunião Ordinária 02-10-2019.pdf	410255	ef17005be800387cf5850e5cb82f134f4496a240afeb4431f367184b756673d4	application/pdf	DOWNLOADED
CACS_FUNDEB	33	Pautas	140	Pauta_da_9-_Reuniao_Ordinaria_30-10-2019	https://serv42.limeira.sp.gov.br/netConselhos/listaDocumentos/?conselho=33	https://serv42.limeira.sp.gov.br/netConselhos/documento/?documento=140&desc=Pauta_da_9-_Reuniao_Ordinaria_30-10-2019	https://serv42.limeira.sp.gov.br/netConselhos/documento/?documento=140&desc=Pauta_da_9-_Reuniao_Ordinaria_30-10-2019	200	files/CACS_FUNDEB/Pautas/140__Pauta da 9ª Reunião Ordinária 30-10-2019.pdf	140__Pauta da 9ª Reunião Ordinária 30-10-2019.pdf	408781	5f9056c326ef917cedf0721e0812eb33f0ea7f7ebd6bb7852d3db5755eba3486	application/pdf	DOWNLOADED
CACS_FUNDEB	33	Pautas	141	Pauta_da_10-_Reuniao_Ordinaria_28-11-2019	https://serv42.limeira.sp.gov.br/netConselhos/listaDocumentos/?conselho=33	https://serv42.limeira.sp.gov.br/netConselhos/documento/?documento=141&desc=Pauta_da_10-_Reuniao_Ordinaria_28-11-2019	https://serv42.limeira.sp.gov.br/netConselhos/documento/?documento=141&desc=Pauta_da_10-_Reuniao_Ordinaria_28-11-2019	200	files/CACS_FUNDEB/Pautas/141__Pauta da 10ª Reunião Ordinária 28-11-2019.pdf	141__Pauta da 10ª Reunião Ordinária 28-11-2019.pdf	402508	aa87b85e04737708e6ce86d668e4ce0e22e5f6dd5cd05f5c9e49d8fc3e9db655	application/pdf	DOWNLOADED
CACS_FUNDEB	33	Pautas	142	Pauta_da_1-_Reuniao_Extraordinaria_-21-02-2019	https://serv42.limeira.sp.gov.br/netConselhos/listaDocumentos/?conselho=33	https://serv42.limeira.sp.gov.br/netConselhos/documento/?documento=142&desc=Pauta_da_1-_Reuniao_Extraordinaria_-21-02-2019	https://serv42.limeira.sp.gov.br/netConselhos/documento/?documento=142&desc=Pauta_da_1-_Reuniao_Extraordinaria_-21-02-2019	200	files/CACS_FUNDEB/Pautas/142__Pauta da 1ª Reunião Extraordinária -21-02-2019.pdf	142__Pauta da 1ª Reunião Extraordinária -21-02-2019.pdf	407855	b68960b99e25560f193c154649dbb21887e32750d0fabaf43c6596f20a3614ec	application/pdf	DOWNLOADED
CACS_FUNDEB	33	Pautas	143	Pauta_da_2-_Reuniao_Extraordinaria_-10-04-2019	https://serv42.limeira.sp.gov.br/netConselhos/listaDocumentos/?conselho=33	https://serv42.limeira.sp.gov.br/netConselhos/documento/?documento=143&desc=Pauta_da_2-_Reuniao_Extraordinaria_-10-04-2019	https://serv42.limeira.sp.gov.br/netConselhos/documento/?documento=143&desc=Pauta_da_2-_Reuniao_Extraordinaria_-10-04-2019	200	files/CACS_FUNDEB/Pautas/143__Pauta da 2ª Reunião Extraordinária -10-04-2019.pdf	143__Pauta da 2ª Reunião Extraordinária -10-04-2019.pdf	407078	8dc6e70c328fcf53ff59d8c43333fa11698847ada1696c718cb5b4a7cc500cb6	application/pdf	DOWNLOADED
CACS_FUNDEB	33	Pautas	144	Pauta_da_3-_Reuniao_extraordinaria_08-05-2019	https://serv42.limeira.sp.gov.br/netConselhos/listaDocumentos/?conselho=33	https://serv42.limeira.sp.gov.br/netConselhos/documento/?documento=144&desc=Pauta_da_3-_Reuniao_extraordinaria_08-05-2019	https://serv42.limeira.sp.gov.br/netConselhos/documento/?documento=144&desc=Pauta_da_3-_Reuniao_extraordinaria_08-05-2019	200	files/CACS_FUNDEB/Pautas/144__Pauta da 3ª Reunião extraordinária 08-05-2019.pdf	144__Pauta da 3ª Reunião extraordinária 08-05-2019.pdf	407389	7501f604a6e558d12acd017ce6a5e44b4caa325e05783964c67b82be4203ca8a	application/pdf	DOWNLOADED
CACS_FUNDEB	33	Pautas	233	Pauta_da_1-_Reuniao_Ordinaria_2020_-_28-01-2020	https://serv42.limeira.sp.gov.br/netConselhos/listaDocumentos/?conselho=33	https://serv42.limeira.sp.gov.br/netConselhos/documento/?documento=233&desc=Pauta_da_1-_Reuniao_Ordinaria_2020_-_28-01-2020	https://serv42.limeira.sp.gov.br/netConselhos/documento/?documento=233&desc=Pauta_da_1-_Reuniao_Ordinaria_2020_-_28-01-2020	200	files/CACS_FUNDEB/Pautas/233__Pauta da 1ª Reunião Ordinária 2020 - 28-01-2020.pdf	233__Pauta da 1ª Reunião Ordinária 2020 - 28-01-2020.pdf	403537	d04f7a5b8d2dd8cf0abf271fa71d45a6fb0826600a3872dd5ec29ef04d01c3e0	application/pdf	DOWNLOADED
CACS_FUNDEB	33	Pautas	334	Pauta_da_2-_Reuniao_Ordinaria_2020_-_04-03-2020	https://serv42.limeira.sp.gov.br/netConselhos/listaDocumentos/?conselho=33	https://serv42.limeira.sp.gov.br/netConselhos/documento/?documento=334&desc=Pauta_da_2-_Reuniao_Ordinaria_2020_-_04-03-2020	https://serv42.limeira.sp.gov.br/netConselhos/documento/?documento=334&desc=Pauta_da_2-_Reuniao_Ordinaria_2020_-_04-03-2020	200	files/CACS_FUNDEB/Pautas/334__Pauta da 2ª Reunião Ordinária 2020 - 04-03-2020.pdf	334__Pauta da 2ª Reunião Ordinária 2020 - 04-03-2020.pdf	401814	7aa19ca3cacd2cfed7576ad612c482f214c68beea93114c5876ff2e60efb26fc	application/pdf	DOWNLOADED
CACS_FUNDEB	33	Pautas	336	Pauta_da_1-_Reuniao_Extraordinaria_-28-04-2020	https://serv42.limeira.sp.gov.br/netConselhos/listaDocumentos/?conselho=33	https://serv42.limeira.sp.gov.br/netConselhos/documento/?documento=336&desc=Pauta_da_1-_Reuniao_Extraordinaria_-28-04-2020	https://serv42.limeira.sp.gov.br/netConselhos/documento/?documento=336&desc=Pauta_da_1-_Reuniao_Extraordinaria_-28-04-2020	200	files/CACS_FUNDEB/Pautas/336__Pauta da 1ª Reunião Extraordinária -28-04-2020.pdf	336__Pauta da 1ª Reunião Extraordinária -28-04-2020.pdf	399751	f08216ca0be831a5a33c7fd06a27f1ce7ce9f5ad7268701502980136071f2957	application/pdf	DOWNLOADED
CACS_FUNDEB	33	Pautas	338	Pauta_da_2-_Reuniao_Extraordinaria_-02-07-2020_-_Reuniao_de_Posse	https://serv42.limeira.sp.gov.br/netConselhos/listaDocumentos/?conselho=33	https://serv42.limeira.sp.gov.br/netConselhos/documento/?documento=338&desc=Pauta_da_2-_Reuniao_Extraordinaria_-02-07-2020_-_Reuniao_de_Posse	https://serv42.limeira.sp.gov.br/netConselhos/documento/?documento=338&desc=Pauta_da_2-_Reuniao_Extraordinaria_-02-07-2020_-_Reuniao_de_Posse	200	files/CACS_FUNDEB/Pautas/338__Pauta da 2ª Reunião Extraordinária -02-07-2020 - Reunião de Posse.pdf	338__Pauta da 2ª Reunião Extraordinária -02-07-2020 - Reunião de Posse.pdf	401446	71cc024695e70b964a67a5c51f249dd40e9b5fed5d570a3a5b3d1b1bba2aa8b7	application/pdf	DOWNLOADED
CACS_FUNDEB	33	Pautas	340	Pauta_da_3-_Reuniao_Extraordinaria_07-07-2020	https://serv42.limeira.sp.gov.br/netConselhos/listaDocumentos/?conselho=33	https://serv42.limeira.sp.gov.br/netConselhos/documento/?documento=340&desc=Pauta_da_3-_Reuniao_Extraordinaria_07-07-2020	https://serv42.limeira.sp.gov.br/netConselhos/documento/?documento=340&desc=Pauta_da_3-_Reuniao_Extraordinaria_07-07-2020	200	files/CACS_FUNDEB/Pautas/340__Pauta da 3ª Reunião Extraordinária 07-07-2020.pdf	340__Pauta da 3ª Reunião Extraordinária 07-07-2020.pdf	401194	adc33f46aa7337b3f987f514df9bb3ddb35147716bab4883c940df18765a4ce7	application/pdf	DOWNLOADED
CACS_FUNDEB	33	Pautas	404	Pauta_da_4-_Reuniao_Extraordinaria_29-07-2020	https://serv42.limeira.sp.gov.br/netConselhos/listaDocumentos/?conselho=33	https://serv42.limeira.sp.gov.br/netConselhos/documento/?documento=404&desc=Pauta_da_4-_Reuniao_Extraordinaria_29-07-2020	https://serv42.limeira.sp.gov.br/netConselhos/documento/?documento=404&desc=Pauta_da_4-_Reuniao_Extraordinaria_29-07-2020	200	files/CACS_FUNDEB/Pautas/404__Pauta da 4ª Reunião Extraordinária 29-07-2020.pdf	404__Pauta da 4ª Reunião Extraordinária 29-07-2020.pdf	402230	42ddc9784377db4d9355cdeb3fa8ce26489664088240f9bbe0c6eb50669e5b23	application/pdf	DOWNLOADED
CACS_FUNDEB	33	Pautas	405	Pauta_da_5-_Reuniao_Extraordinaria_01-10-2020	https://serv42.limeira.sp.gov.br/netConselhos/listaDocumentos/?conselho=33	https://serv42.limeira.sp.gov.br/netConselhos/documento/?documento=405&desc=Pauta_da_5-_Reuniao_Extraordinaria_01-10-2020	https://serv42.limeira.sp.gov.br/netConselhos/documento/?documento=405&desc=Pauta_da_5-_Reuniao_Extraordinaria_01-10-2020	200	files/CACS_FUNDEB/Pautas/405__Pauta da 5ª Reunião Extraordinária 01-10-2020.pdf	405__Pauta da 5ª Reunião Extraordinária 01-10-2020.pdf	416073	13f592b703c2e5680a9e34a5f94c80f343dcc5369f4f14e87fc7bdc938d0b001	application/pdf	DOWNLOADED
CACS_FUNDEB	33	Pautas	434	Pauta_da_6-_Reuniao_Extraordinaria_29-10-2020	https://serv42.limeira.sp.gov.br/netConselhos/listaDocumentos/?conselho=33	https://serv42.limeira.sp.gov.br/netConselhos/documento/?documento=434&desc=Pauta_da_6-_Reuniao_Extraordinaria_29-10-2020	https://serv42.limeira.sp.gov.br/netConselhos/documento/?documento=434&desc=Pauta_da_6-_Reuniao_Extraordinaria_29-10-2020	200	files/CACS_FUNDEB/Pautas/434__Pauta da 6ª Reunião Extraordinária 29-10-2020.pdf	434__Pauta da 6ª Reunião Extraordinária 29-10-2020.pdf	416357	3f2c2fbde055c61b86d3355e46fb6f62212bc07296c26fc0d241a7fea0d78d60	application/pdf	DOWNLOADED
CACS_FUNDEB	33	Pautas	444	Pauta_da_7-_Reuniao_Extraordinaria_27-11-2020	https://serv42.limeira.sp.gov.br/netConselhos/listaDocumentos/?conselho=33	https://serv42.limeira.sp.gov.br/netConselhos/documento/?documento=444&desc=Pauta_da_7-_Reuniao_Extraordinaria_27-11-2020	https://serv42.limeira.sp.gov.br/netConselhos/documento/?documento=444&desc=Pauta_da_7-_Reuniao_Extraordinaria_27-11-2020	200	files/CACS_FUNDEB/Pautas/444__Pauta da 7ª Reunião Extraordinária 27-11-2020.pdf	444__Pauta da 7ª Reunião Extraordinária 27-11-2020.pdf	401964	b76928b01f8e56d63dda9a78b7994ae0520700332094562d0675000d49606aac	application/pdf	DOWNLOADED
CACS_FUNDEB	33	Pautas	477	Pauta_da_8-_Reuniao_Extraordinaria_21-12-2020	https://serv42.limeira.sp.gov.br/netConselhos/listaDocumentos/?conselho=33	https://serv42.limeira.sp.gov.br/netConselhos/documento/?documento=477&desc=Pauta_da_8-_Reuniao_Extraordinaria_21-12-2020	https://serv42.limeira.sp.gov.br/netConselhos/documento/?documento=477&desc=Pauta_da_8-_Reuniao_Extraordinaria_21-12-2020	200	files/CACS_FUNDEB/Pautas/477__Pauta da 8ª Reunião Extraordinária 21-12-2020.pdf	477__Pauta da 8ª Reunião Extraordinária 21-12-2020.pdf	400066	5efdce002764c142bb11f2ebb3ad3decc385aaf7e73a7d2f55addb431296c46d	application/pdf	DOWNLOADED
CACS_FUNDEB	33	Pautas	503	Pauta_da_1-_Reuniao_Extraordinaria_29-01-2021	https://serv42.limeira.sp.gov.br/netConselhos/listaDocumentos/?conselho=33	https://serv42.limeira.sp.gov.br/netConselhos/documento/?documento=503&desc=Pauta_da_1-_Reuniao_Extraordinaria_29-01-2021	https://serv42.limeira.sp.gov.br/netConselhos/documento/?documento=503&desc=Pauta_da_1-_Reuniao_Extraordinaria_29-01-2021	200	files/CACS_FUNDEB/Pautas/503__Pauta da 1ª Reunião Extraordinária 29-01-2021.pdf	503__Pauta da 1ª Reunião Extraordinária 29-01-2021.pdf	417243	98e82d84d279787b9787c731841f304d1faf72a461ba7af82f301e68acac6b9a	application/pdf	DOWNLOADED
CACS_FUNDEB	33	Pautas	504	Pauta_da_2-_Reuniao_Extraordinaria_17-02-2021	https://serv42.limeira.sp.gov.br/netConselhos/listaDocumentos/?conselho=33	https://serv42.limeira.sp.gov.br/netConselhos/documento/?documento=504&desc=Pauta_da_2-_Reuniao_Extraordinaria_17-02-2021	https://serv42.limeira.sp.gov.br/netConselhos/documento/?documento=504&desc=Pauta_da_2-_Reuniao_Extraordinaria_17-02-2021	200	files/CACS_FUNDEB/Pautas/504__Pauta da 2ª Reunião Extraordinária 17-02-2021.pdf	504__Pauta da 2ª Reunião Extraordinária 17-02-2021.pdf	401334	30fd5ff496bbb8bad7c056c1d7878e19154714ce2c8a9ec409fd6f90ec64bde4	application/pdf	DOWNLOADED
CACS_FUNDEB	33	Pautas	505	Pauta_da_1-_Reuniao_Ordinaria_26-02-2021	https://serv42.limeira.sp.gov.br/netConselhos/listaDocumentos/?conselho=33	https://serv42.limeira.sp.gov.br/netConselhos/documento/?documento=505&desc=Pauta_da_1-_Reuniao_Ordinaria_26-02-2021	https://serv42.limeira.sp.gov.br/netConselhos/documento/?documento=505&desc=Pauta_da_1-_Reuniao_Ordinaria_26-02-2021	200	files/CACS_FUNDEB/Pautas/505__Pauta da 1ª Reunião Ordinária 26-02-2021.pdf	505__Pauta da 1ª Reunião Ordinária 26-02-2021.pdf	436545	0b1b4b1859d8a774bd190842bebf36816d7398b11c2316d36c9aed48ecbc695b	application/pdf	DOWNLOADED
CACS_FUNDEB	33	Pautas	516	Pauta_da_1-_Reuniao_Ordinaria_26-02-2021	https://serv42.limeira.sp.gov.br/netConselhos/listaDocumentos/?conselho=33	https://serv42.limeira.sp.gov.br/netConselhos/documento/?documento=516&desc=Pauta_da_1-_Reuniao_Ordinaria_26-02-2021	https://serv42.limeira.sp.gov.br/netConselhos/documento/?documento=516&desc=Pauta_da_1-_Reuniao_Ordinaria_26-02-2021	200	files/CACS_FUNDEB/Pautas/516__Pauta da 1ª Reunião Ordinária 26-02-2021.pdf	516__Pauta da 1ª Reunião Ordinária 26-02-2021.pdf	436545	1669f1ed6091bb001236ea382dcc581cfc9ea67f254e21cffa698a7d82843842	application/pdf	DOWNLOADED
CACS_FUNDEB	33	Pautas	517	Pauta_da_3-_Reuniao_Extraordinaria_06-04-2021	https://serv42.limeira.sp.gov.br/netConselhos/listaDocumentos/?conselho=33	https://serv42.limeira.sp.gov.br/netConselhos/documento/?documento=517&desc=Pauta_da_3-_Reuniao_Extraordinaria_06-04-2021	https://serv42.limeira.sp.gov.br/netConselhos/documento/?documento=517&desc=Pauta_da_3-_Reuniao_Extraordinaria_06-04-2021	200	files/CACS_FUNDEB/Pautas/517__Pauta da 3ª Reunião Extraordinária 06-04-2021.pdf	517__Pauta da 3ª Reunião Extraordinária 06-04-2021.pdf	400106	aded16f817ab57410d3b5a35d5ad3869873e7a72e0432a6d481cb84d034ea7bf	application/pdf	DOWNLOADED
CACS_FUNDEB	33	Pautas	527	Pauta_da__2-_Reuniao_Ordinaria_29-04-2021	https://serv42.limeira.sp.gov.br/netConselhos/listaDocumentos/?conselho=33	https://serv42.limeira.sp.gov.br/netConselhos/documento/?documento=527&desc=Pauta_da__2-_Reuniao_Ordinaria_29-04-2021	https://serv42.limeira.sp.gov.br/netConselhos/documento/?documento=527&desc=Pauta_da__2-_Reuniao_Ordinaria_29-04-2021	200	files/CACS_FUNDEB/Pautas/527__Pauta da 2ª Reunião Ordinária 29-04-2021.pdf	527__Pauta da 2ª Reunião Ordinária 29-04-2021.pdf	324432	c9a1af054f06ede4f46b80eb84543548b4522f48dfacaa500efdf67bca0a4339	application/pdf	DOWNLOADED
CACS_FUNDEB	33	Pautas	528	Roteiro_de_Posse_-_bienio_2021-2022_-_19-05-2021	https://serv42.limeira.sp.gov.br/netConselhos/listaDocumentos/?conselho=33	https://serv42.limeira.sp.gov.br/netConselhos/documento/?documento=528&desc=Roteiro_de_Posse_-_bienio_2021-2022_-_19-05-2021	https://serv42.limeira.sp.gov.br/netConselhos/documento/?documento=528&desc=Roteiro_de_Posse_-_bienio_2021-2022_-_19-05-2021	200	files/CACS_FUNDEB/Pautas/528__Roteiro de Posse - biênio 2021-2022 - 19-05-2021.pdf	528__Roteiro de Posse - biênio 2021-2022 - 19-05-2021.pdf	295154	16828c3adb8b1ec847298f805c7ab80a8e32d388c0431d1c71f2724a45476d86	application/pdf	DOWNLOADED
CACS_FUNDEB	33	Pautas	586	Pauta__da_3-_Reuniao_Ordinaria_28-05-2021	https://serv42.limeira.sp.gov.br/netConselhos/listaDocumentos/?conselho=33	https://serv42.limeira.sp.gov.br/netConselhos/documento/?documento=586&desc=Pauta__da_3-_Reuniao_Ordinaria_28-05-2021	https://serv42.limeira.sp.gov.br/netConselhos/documento/?documento=586&desc=Pauta__da_3-_Reuniao_Ordinaria_28-05-2021	200	files/CACS_FUNDEB/Pautas/586__Pauta da 3ª Reunião Ordinária 28-05-2021.pdf	586__Pauta da 3ª Reunião Ordinária 28-05-2021.pdf	386784	c57eff3fe78f8fbe3e289348ce079c5f47a4f9053d8937473b9fb70857a640db	application/pdf	DOWNLOADED
CACS_FUNDEB	33	Pautas	587	Pauta_da_4-_Reuniao_Extraordinaria_15-06-2021	https://serv42.limeira.sp.gov.br/netConselhos/listaDocumentos/?conselho=33	https://serv42.limeira.sp.gov.br/netConselhos/documento/?documento=587&desc=Pauta_da_4-_Reuniao_Extraordinaria_15-06-2021	https://serv42.limeira.sp.gov.br/netConselhos/documento/?documento=587&desc=Pauta_da_4-_Reuniao_Extraordinaria_15-06-2021	200	files/CACS_FUNDEB/Pautas/587__Pauta da 4ª Reunião Extraordinária 15-06-2021.pdf	587__Pauta da 4ª Reunião Extraordinária 15-06-2021.pdf	227601	4fa246c1285e3a2fddc8a8b780f40aeefe7da317d40b7dd6734656535e47439f	application/pdf	DOWNLOADED
CACS_FUNDEB	33	Pautas	588	Pauta_da_4-_Reuniao_Ordinaria_29-06-2021	https://serv42.limeira.sp.gov.br/netConselhos/listaDocumentos/?conselho=33	https://serv42.limeira.sp.gov.br/netConselhos/documento/?documento=588&desc=Pauta_da_4-_Reuniao_Ordinaria_29-06-2021	https://serv42.limeira.sp.gov.br/netConselhos/documento/?documento=588&desc=Pauta_da_4-_Reuniao_Ordinaria_29-06-2021	200	files/CACS_FUNDEB/Pautas/588__Pauta da 4ª Reunião Ordinária 29-06-2021.pdf	588__Pauta da 4ª Reunião Ordinária 29-06-2021.pdf	416880	e42a120d93f56809cea998037ef08cdad99f9b2dc395567c68813998c5a3d692	application/pdf	DOWNLOADED
CACS_FUNDEB	33	Pautas	590	Pauta_da_5-_Reuniao_Ordinaria_30-07-2021	https://serv42.limeira.sp.gov.br/netConselhos/listaDocumentos/?conselho=33	https://serv42.limeira.sp.gov.br/netConselhos/documento/?documento=590&desc=Pauta_da_5-_Reuniao_Ordinaria_30-07-2021	https://serv42.limeira.sp.gov.br/netConselhos/documento/?documento=590&desc=Pauta_da_5-_Reuniao_Ordinaria_30-07-2021	200	files/CACS_FUNDEB/Pautas/590__Pauta da 5ª Reunião Ordinária 30-07-2021.pdf	590__Pauta da 5ª Reunião Ordinária 30-07-2021.pdf	270819	f1dd5a70ef312d6d16e390a6c44feea1fc203def463167d95901739a386e1b10	application/pdf	DOWNLOADED
CACS_FUNDEB	33	Pautas	810	Pauta_da_6-_Reuniao_Ordinaria_27-08-2021	https://serv42.limeira.sp.gov.br/netConselhos/listaDocumentos/?conselho=33	https://serv42.limeira.sp.gov.br/netConselhos/documento/?documento=810&desc=Pauta_da_6-_Reuniao_Ordinaria_27-08-2021	https://serv42.limeira.sp.gov.br/netConselhos/documento/?documento=810&desc=Pauta_da_6-_Reuniao_Ordinaria_27-08-2021	200	files/CACS_FUNDEB/Pautas/810__Pauta da 6ª Reunião Ordinária 27-08-2021.pdf	810__Pauta da 6ª Reunião Ordinária 27-08-2021.pdf	235727	604999ecc87d21b0254ba02d1cbe3af8e13867abfc66dc40bce2911bf3727888	application/pdf	DOWNLOADED
CACS_FUNDEB	33	Pautas	855	Pauta_da_7-_Reuniao_Ordinaria_29-09-2021	https://serv42.limeira.sp.gov.br/netConselhos/listaDocumentos/?conselho=33	https://serv42.limeira.sp.gov.br/netConselhos/documento/?documento=855&desc=Pauta_da_7-_Reuniao_Ordinaria_29-09-2021	https://serv42.limeira.sp.gov.br/netConselhos/documento/?documento=855&desc=Pauta_da_7-_Reuniao_Ordinaria_29-09-2021	200	files/CACS_FUNDEB/Pautas/855__Pauta da 7ª Reunião Ordinária 29-09-2021.pdf	855__Pauta da 7ª Reunião Ordinária 29-09-2021.pdf	237118	af36c8a51377b041dd276b0193a45903ce5beb65ccb9ecdce54a1562efb71d91	application/pdf	DOWNLOADED
CACS_FUNDEB	33	Pautas	856	Pauta_da_8-_Reuniao_Ordinaria_29-10-2021	https://serv42.limeira.sp.gov.br/netConselhos/listaDocumentos/?conselho=33	https://serv42.limeira.sp.gov.br/netConselhos/documento/?documento=856&desc=Pauta_da_8-_Reuniao_Ordinaria_29-10-2021	https://serv42.limeira.sp.gov.br/netConselhos/documento/?documento=856&desc=Pauta_da_8-_Reuniao_Ordinaria_29-10-2021	200	files/CACS_FUNDEB/Pautas/856__Pauta da 8ª Reunião Ordinária 29-10-2021.pdf	856__Pauta da 8ª Reunião Ordinária 29-10-2021.pdf	236020	2474210fa02ae944c646c945563dbf3797e7db3cdc80f98d60f35576b67f8d19	application/pdf	DOWNLOADED
CACS_FUNDEB	33	Pautas	904	Pauta_da_9-_Reuniao_Ordinaria_30-11-2021	https://serv42.limeira.sp.gov.br/netConselhos/listaDocumentos/?conselho=33	https://serv42.limeira.sp.gov.br/netConselhos/documento/?documento=904&desc=Pauta_da_9-_Reuniao_Ordinaria_30-11-2021	https://serv42.limeira.sp.gov.br/netConselhos/documento/?documento=904&desc=Pauta_da_9-_Reuniao_Ordinaria_30-11-2021	200	files/CACS_FUNDEB/Pautas/904__Pauta da 9ª Reunião Ordinária 30-11-2021.pdf	904__Pauta da 9ª Reunião Ordinária 30-11-2021.pdf	237846	3a9987c771bb05a891730098974e8960f83a9a26b6ec5bebe050c8c78f91146c	application/pdf	DOWNLOADED
CACS_FUNDEB	33	Pautas	905	Pauta_10-_Reuniao_Ordinaria_09-12-2021	https://serv42.limeira.sp.gov.br/netConselhos/listaDocumentos/?conselho=33	https://serv42.limeira.sp.gov.br/netConselhos/documento/?documento=905&desc=Pauta_10-_Reuniao_Ordinaria_09-12-2021	https://serv42.limeira.sp.gov.br/netConselhos/documento/?documento=905&desc=Pauta_10-_Reuniao_Ordinaria_09-12-2021	200	files/CACS_FUNDEB/Pautas/905__Pauta 10ª Reunião Ordinária 09-12-2021.pdf	905__Pauta 10ª Reunião Ordinária 09-12-2021.pdf	237253	f70d5751d727e5bc10a134ba4460f0afdea25a268b1d740419d200fbe5dc84f2	application/pdf	DOWNLOADED
CACS_FUNDEB	33	Pautas	1076	Pauta_da_1-_Reuniao_Ordinaria_28-01-2022	https://serv42.limeira.sp.gov.br/netConselhos/listaDocumentos/?conselho=33	https://serv42.limeira.sp.gov.br/netConselhos/documento/?documento=1076&desc=Pauta_da_1-_Reuniao_Ordinaria_28-01-2022	https://serv42.limeira.sp.gov.br/netConselhos/documento/?documento=1076&desc=Pauta_da_1-_Reuniao_Ordinaria_28-01-2022	200	files/CACS_FUNDEB/Pautas/1076__Pauta da 1ª Reunião Ordinária 28-01-2022.pdf	1076__Pauta da 1ª Reunião Ordinária 28-01-2022.pdf	313810	f59b042cc4f526dccb75de16178a5c326d5a396e0b9f91c7d2b5d5fe401f0dd5	application/pdf	DOWNLOADED
CACS_FUNDEB	33	Pautas	1077	Pauta_da_2-_Reuniao_Ordinaria_25-02-2022	https://serv42.limeira.sp.gov.br/netConselhos/listaDocumentos/?conselho=33	https://serv42.limeira.sp.gov.br/netConselhos/documento/?documento=1077&desc=Pauta_da_2-_Reuniao_Ordinaria_25-02-2022	https://serv42.limeira.sp.gov.br/netConselhos/documento/?documento=1077&desc=Pauta_da_2-_Reuniao_Ordinaria_25-02-2022	200	files/CACS_FUNDEB/Pautas/1077__Pauta da 2ª Reunião Ordinária 25-02-2022.pdf	1077__Pauta da 2ª Reunião Ordinária 25-02-2022.pdf	496582	e5764b0a74a974fb137c8e9be12c928d7aa536d9e8a1109b31f907cbb22db80d	application/pdf	DOWNLOADED
CACS_FUNDEB	33	Pautas	1078	Pauta_da_3-_Reuniao_Ordinaria_31-03-2022	https://serv42.limeira.sp.gov.br/netConselhos/listaDocumentos/?conselho=33	https://serv42.limeira.sp.gov.br/netConselhos/documento/?documento=1078&desc=Pauta_da_3-_Reuniao_Ordinaria_31-03-2022	https://serv42.limeira.sp.gov.br/netConselhos/documento/?documento=1078&desc=Pauta_da_3-_Reuniao_Ordinaria_31-03-2022	200	files/CACS_FUNDEB/Pautas/1078__Pauta da 3ª Reunião Ordinária 31-03-2022.pdf	1078__Pauta da 3ª Reunião Ordinária 31-03-2022.pdf	497141	1aa72177856bd0e00a9cff3d0300689bff64a646d624db346feb961d7e976fd5	application/pdf	DOWNLOADED
CACS_FUNDEB	33	Pautas	1079	Pauta_da_4-_Reuniao_Ordinaria_29-04-2022	https://serv42.limeira.sp.gov.br/netConselhos/listaDocumentos/?conselho=33	https://serv42.limeira.sp.gov.br/netConselhos/documento/?documento=1079&desc=Pauta_da_4-_Reuniao_Ordinaria_29-04-2022	https://serv42.limeira.sp.gov.br/netConselhos/documento/?documento=1079&desc=Pauta_da_4-_Reuniao_Ordinaria_29-04-2022	200	files/CACS_FUNDEB/Pautas/1079__Pauta da 4ª Reunião Ordinária 29-04-2022.pdf	1079__Pauta da 4ª Reunião Ordinária 29-04-2022.pdf	498426	09768fa7be7a9d1b9f2680e1ec71a77d11ddc80250cd60ea200413194a7c184e	application/pdf	DOWNLOADED
CACS_FUNDEB	33	Pautas	1080	Pauta_da_1-_Reuniao_Extraordinaria_11-05-2022	https://serv42.limeira.sp.gov.br/netConselhos/listaDocumentos/?conselho=33	https://serv42.limeira.sp.gov.br/netConselhos/documento/?documento=1080&desc=Pauta_da_1-_Reuniao_Extraordinaria_11-05-2022	https://serv42.limeira.sp.gov.br/netConselhos/documento/?documento=1080&desc=Pauta_da_1-_Reuniao_Extraordinaria_11-05-2022	200	files/CACS_FUNDEB/Pautas/1080__Pauta da 1ª Reunião Extraordinária 11-05-2022.pdf	1080__Pauta da 1ª Reunião Extraordinária 11-05-2022.pdf	382791	72a12725e64d2fcbce28fdc746ac197b1c1510c4ceb66d0d9957780e36f95cf4	application/pdf	DOWNLOADED
CACS_FUNDEB	33	Pautas	1081	Pauta_da_5-_Reuniao_Ordinaria_31-05-2022	https://serv42.limeira.sp.gov.br/netConselhos/listaDocumentos/?conselho=33	https://serv42.limeira.sp.gov.br/netConselhos/documento/?documento=1081&desc=Pauta_da_5-_Reuniao_Ordinaria_31-05-2022	https://serv42.limeira.sp.gov.br/netConselhos/documento/?documento=1081&desc=Pauta_da_5-_Reuniao_Ordinaria_31-05-2022	200	files/CACS_FUNDEB/Pautas/1081__Pauta da 5ª Reunião Ordinária 31-05-2022.pdf	1081__Pauta da 5ª Reunião Ordinária 31-05-2022.pdf	495657	f9b4201881de1099a56682b4269cd5ff4dfc9198c238a62660086dfe65ef25ee	application/pdf	DOWNLOADED
CACS_FUNDEB	33	Pautas	1082	Pauta_da_6-_Reuniao_Ordinaria_29-06-2022	https://serv42.limeira.sp.gov.br/netConselhos/listaDocumentos/?conselho=33	https://serv42.limeira.sp.gov.br/netConselhos/documento/?documento=1082&desc=Pauta_da_6-_Reuniao_Ordinaria_29-06-2022	https://serv42.limeira.sp.gov.br/netConselhos/documento/?documento=1082&desc=Pauta_da_6-_Reuniao_Ordinaria_29-06-2022	200	files/CACS_FUNDEB/Pautas/1082__Pauta da 6ª Reunião Ordinária 29-06-2022.pdf	1082__Pauta da 6ª Reunião Ordinária 29-06-2022.pdf	510950	b5bb8cc7f83131a1f1df67bbc5a99f6f913b8301ab75d22fc59a36352d99f886	application/pdf	DOWNLOADED
CACS_FUNDEB	33	Pautas	1173	Pauta_da_7-_Reuniao_Ordinaria_29-07-2022	https://serv42.limeira.sp.gov.br/netConselhos/listaDocumentos/?conselho=33	https://serv42.limeira.sp.gov.br/netConselhos/documento/?documento=1173&desc=Pauta_da_7-_Reuniao_Ordinaria_29-07-2022	https://serv42.limeira.sp.gov.br/netConselhos/documento/?documento=1173&desc=Pauta_da_7-_Reuniao_Ordinaria_29-07-2022	200	files/CACS_FUNDEB/Pautas/1173__Pauta da 7ª Reunião Ordinária 29-07-2022.pdf	1173__Pauta da 7ª Reunião Ordinária 29-07-2022.pdf	321452	430137d33e7f68f04c64175c188933a911eccd58202f14e2af78ff061522674d	application/pdf	DOWNLOADED
CACS_FUNDEB	33	Pautas	1174	Pauta_da_8-_Reuniao_Ordinaria_30-08-2022	https://serv42.limeira.sp.gov.br/netConselhos/listaDocumentos/?conselho=33	https://serv42.limeira.sp.gov.br/netConselhos/documento/?documento=1174&desc=Pauta_da_8-_Reuniao_Ordinaria_30-08-2022	https://serv42.limeira.sp.gov.br/netConselhos/documento/?documento=1174&desc=Pauta_da_8-_Reuniao_Ordinaria_30-08-2022	200	files/CACS_FUNDEB/Pautas/1174__Pauta da 8ª Reunião Ordinária 30-08-2022.pdf	1174__Pauta da 8ª Reunião Ordinária 30-08-2022.pdf	321910	c3c1c591f5e1172bd8f40df9a09460d770553087037d7a677e9d3c0128751523	application/pdf	DOWNLOADED
CACS_FUNDEB	33	Pautas	1175	Pauta_da_2-_Reuniao_Extraordinaria_09-09-2022	https://serv42.limeira.sp.gov.br/netConselhos/listaDocumentos/?conselho=33	https://serv42.limeira.sp.gov.br/netConselhos/documento/?documento=1175&desc=Pauta_da_2-_Reuniao_Extraordinaria_09-09-2022	https://serv42.limeira.sp.gov.br/netConselhos/documento/?documento=1175&desc=Pauta_da_2-_Reuniao_Extraordinaria_09-09-2022	200	files/CACS_FUNDEB/Pautas/1175__Pauta da 2ª Reunião Extraordinaria 09-09-2022.pdf	1175__Pauta da 2ª Reunião Extraordinaria 09-09-2022.pdf	337583	770d7e2a583cd691de95708db38f00ad6a5e597fad93bca41a84456a683b258d	application/pdf	DOWNLOADED
CACS_FUNDEB	33	Pautas	1176	Pauta_da_9-_Reuniao_Ordinaria_30-09-2022	https://serv42.limeira.sp.gov.br/netConselhos/listaDocumentos/?conselho=33	https://serv42.limeira.sp.gov.br/netConselhos/documento/?documento=1176&desc=Pauta_da_9-_Reuniao_Ordinaria_30-09-2022	https://serv42.limeira.sp.gov.br/netConselhos/documento/?documento=1176&desc=Pauta_da_9-_Reuniao_Ordinaria_30-09-2022	200	files/CACS_FUNDEB/Pautas/1176__Pauta da 9ª Reunião Ordinária 30-09-2022.pdf	1176__Pauta da 9ª Reunião Ordinária 30-09-2022.pdf	323411	37a1301a2a2170dd5e99a560f191efb703be01adf2900acbeb092ca1e6d73c1e	application/pdf	DOWNLOADED
CACS_FUNDEB	33	Pautas	1177	Pauta_da_10-_Reuniao_ordinaria_31-10-2022	https://serv42.limeira.sp.gov.br/netConselhos/listaDocumentos/?conselho=33	https://serv42.limeira.sp.gov.br/netConselhos/documento/?documento=1177&desc=Pauta_da_10-_Reuniao_ordinaria_31-10-2022	https://serv42.limeira.sp.gov.br/netConselhos/documento/?documento=1177&desc=Pauta_da_10-_Reuniao_ordinaria_31-10-2022	200	files/CACS_FUNDEB/Pautas/1177__Pauta da 10ª Reunião ordinaria 31-10-2022.pdf	1177__Pauta da 10ª Reunião ordinaria 31-10-2022.pdf	321413	0c01d4322f272eba6d357c35fad3a731ef810b2d03b2adf2ca0855c5b82f8ee8	application/pdf	DOWNLOADED
CACS_FUNDEB	33	Pautas	1178	Pauta_da_11-_Reuniao_Ordinaria_29-11-20222	https://serv42.limeira.sp.gov.br/netConselhos/listaDocumentos/?conselho=33	https://serv42.limeira.sp.gov.br/netConselhos/documento/?documento=1178&desc=Pauta_da_11-_Reuniao_Ordinaria_29-11-20222	https://serv42.limeira.sp.gov.br/netConselhos/documento/?documento=1178&desc=Pauta_da_11-_Reuniao_Ordinaria_29-11-20222	200	files/CACS_FUNDEB/Pautas/1178__Pauta da 11ª Reunião Ordinária 29-11-20222.pdf	1178__Pauta da 11ª Reunião Ordinária 29-11-20222.pdf	322883	26be858a03272f90df228e744d4d670330a273bf38dfcf252b6611931dbba2cc	application/pdf	DOWNLOADED
CACS_FUNDEB	33	Pautas	1179	Pauta_da_12-_Reuniao_Ordinaria_12-12-2022	https://serv42.limeira.sp.gov.br/netConselhos/listaDocumentos/?conselho=33	https://serv42.limeira.sp.gov.br/netConselhos/documento/?documento=1179&desc=Pauta_da_12-_Reuniao_Ordinaria_12-12-2022	https://serv42.limeira.sp.gov.br/netConselhos/documento/?documento=1179&desc=Pauta_da_12-_Reuniao_Ordinaria_12-12-2022	200	files/CACS_FUNDEB/Pautas/1179__Pauta da 12ª Reunião Ordinária 12-12-2022.pdf	1179__Pauta da 12ª Reunião Ordinária 12-12-2022.pdf	319977	ac14a75a42875ddee149b917a4e25f5666278613264b7e81df9a5f99c666b646	application/pdf	DOWNLOADED
CACS_FUNDEB	33	Pautas	1189	Pauta_da_1-_Reuniao_Ordinaria_31-01-2023	https://serv42.limeira.sp.gov.br/netConselhos/listaDocumentos/?conselho=33	https://serv42.limeira.sp.gov.br/netConselhos/documento/?documento=1189&desc=Pauta_da_1-_Reuniao_Ordinaria_31-01-2023	https://serv42.limeira.sp.gov.br/netConselhos/documento/?documento=1189&desc=Pauta_da_1-_Reuniao_Ordinaria_31-01-2023	200	files/CACS_FUNDEB/Pautas/1189__Pauta da 1ª Reunião Ordinária 31-01-2023.pdf	1189__Pauta da 1ª Reunião Ordinária 31-01-2023.pdf	321170	e8ce1dc19bcff4bf56e1f1f0a6c2022d2c6a16c473e9ab614208a9d241e36818	application/pdf	DOWNLOADED
CACS_FUNDEB	33	Pautas	1308	Pauta_da_2-_Reuniao_Ordinaria_28-02-2023	https://serv42.limeira.sp.gov.br/netConselhos/listaDocumentos/?conselho=33	https://serv42.limeira.sp.gov.br/netConselhos/documento/?documento=1308&desc=Pauta_da_2-_Reuniao_Ordinaria_28-02-2023	https://serv42.limeira.sp.gov.br/netConselhos/documento/?documento=1308&desc=Pauta_da_2-_Reuniao_Ordinaria_28-02-2023	200	files/CACS_FUNDEB/Pautas/1308__Pauta da 2ª Reunião Ordinária 28-02-2023.pdf	1308__Pauta da 2ª Reunião Ordinária 28-02-2023.pdf	495747	238328561385f524040715e7bb988cfb894b595d1e8368d885988162b98aa660	application/pdf	DOWNLOADED
CACS_FUNDEB	33	Pautas	1309	Pauta_da_3-_Reuniao_Ordinaria_31-03-2023	https://serv42.limeira.sp.gov.br/netConselhos/listaDocumentos/?conselho=33	https://serv42.limeira.sp.gov.br/netConselhos/documento/?documento=1309&desc=Pauta_da_3-_Reuniao_Ordinaria_31-03-2023	https://serv42.limeira.sp.gov.br/netConselhos/documento/?documento=1309&desc=Pauta_da_3-_Reuniao_Ordinaria_31-03-2023	200	files/CACS_FUNDEB/Pautas/1309__Pauta da 3ª Reunião Ordinária 31-03-2023.pdf	1309__Pauta da 3ª Reunião Ordinária 31-03-2023.pdf	320121	cb8fed6a3fcfbe70b14d50ea3f572dc0114bfc3a1ebf366456d057549e18cc35	application/pdf	DOWNLOADED
CACS_FUNDEB	33	Pautas	1310	Pauta_da_4-_Reuniao_Ordinaria_28-04-2023	https://serv42.limeira.sp.gov.br/netConselhos/listaDocumentos/?conselho=33	https://serv42.limeira.sp.gov.br/netConselhos/documento/?documento=1310&desc=Pauta_da_4-_Reuniao_Ordinaria_28-04-2023	https://serv42.limeira.sp.gov.br/netConselhos/documento/?documento=1310&desc=Pauta_da_4-_Reuniao_Ordinaria_28-04-2023	200	files/CACS_FUNDEB/Pautas/1310__Pauta da 4ª Reunião Ordinária 28-04-2023.pdf	1310__Pauta da 4ª Reunião Ordinária 28-04-2023.pdf	321703	14ee5b7a880602cec9cde360a184a498e3d9a3006f4e7492dc45c797ff3871ee	application/pdf	DOWNLOADED
CACS_FUNDEB	33	Pautas	1311	Pauta_da_5-_Reuniao_Ordinaria_31-05-2023	https://serv42.limeira.sp.gov.br/netConselhos/listaDocumentos/?conselho=33	https://serv42.limeira.sp.gov.br/netConselhos/documento/?documento=1311&desc=Pauta_da_5-_Reuniao_Ordinaria_31-05-2023	https://serv42.limeira.sp.gov.br/netConselhos/documento/?documento=1311&desc=Pauta_da_5-_Reuniao_Ordinaria_31-05-2023	200	files/CACS_FUNDEB/Pautas/1311__Pauta da 5ª Reunião Ordinária 31-05-2023.pdf	1311__Pauta da 5ª Reunião Ordinária 31-05-2023.pdf	320353	a80259896af74c7fdd9e6aa987570c96ec762608d959f8034629c96854abe4a0	application/pdf	DOWNLOADED
CACS_FUNDEB	33	Pautas	1333	Pauta_da_6-_Reuniao_Ordinaria_29-06-2023	https://serv42.limeira.sp.gov.br/netConselhos/listaDocumentos/?conselho=33	https://serv42.limeira.sp.gov.br/netConselhos/documento/?documento=1333&desc=Pauta_da_6-_Reuniao_Ordinaria_29-06-2023	https://serv42.limeira.sp.gov.br/netConselhos/documento/?documento=1333&desc=Pauta_da_6-_Reuniao_Ordinaria_29-06-2023	200	files/CACS_FUNDEB/Pautas/1333__Pauta da 6ª Reunião Ordinária 29-06-2023.pdf	1333__Pauta da 6ª Reunião Ordinária 29-06-2023.pdf	321145	8d915b7e86aec56e007e47f36907778e8c4e5d8b8de8996f92ccc5c5f5040498	application/pdf	DOWNLOADED
CACS_FUNDEB	33	Pautas	1337	Pauta_da_7-_Reuniao_Ordinaria_31-07-2023	https://serv42.limeira.sp.gov.br/netConselhos/listaDocumentos/?conselho=33	https://serv42.limeira.sp.gov.br/netConselhos/documento/?documento=1337&desc=Pauta_da_7-_Reuniao_Ordinaria_31-07-2023	https://serv42.limeira.sp.gov.br/netConselhos/documento/?documento=1337&desc=Pauta_da_7-_Reuniao_Ordinaria_31-07-2023	200	files/CACS_FUNDEB/Pautas/1337__Pauta da 7ª Reunião Ordinária 31-07-2023.pdf	1337__Pauta da 7ª Reunião Ordinária 31-07-2023.pdf	322506	c27669a092ec39653716bd4895d34ffd542702de7be1ae7240a8c8ad43b31218	application/pdf	DOWNLOADED
CACS_FUNDEB	33	Pautas	1384	Pauta_da_8-_Reuniao_Ordinaria_31-08-2023	https://serv42.limeira.sp.gov.br/netConselhos/listaDocumentos/?conselho=33	https://serv42.limeira.sp.gov.br/netConselhos/documento/?documento=1384&desc=Pauta_da_8-_Reuniao_Ordinaria_31-08-2023	https://serv42.limeira.sp.gov.br/netConselhos/documento/?documento=1384&desc=Pauta_da_8-_Reuniao_Ordinaria_31-08-2023	200	files/CACS_FUNDEB/Pautas/1384__Pauta da 8ª Reunião Ordinária 31-08-2023.pdf	1384__Pauta da 8ª Reunião Ordinária 31-08-2023.pdf	323117	54c6a632094aef60b46de839b55f0db23903b06306e264d9d05cd7896c978095	application/pdf	DOWNLOADED
CACS_FUNDEB	33	Pautas	1423	Pauta_da_9-_Reuniao_Ordinaria_29-09-2023	https://serv42.limeira.sp.gov.br/netConselhos/listaDocumentos/?conselho=33	https://serv42.limeira.sp.gov.br/netConselhos/documento/?documento=1423&desc=Pauta_da_9-_Reuniao_Ordinaria_29-09-2023	https://serv42.limeira.sp.gov.br/netConselhos/documento/?documento=1423&desc=Pauta_da_9-_Reuniao_Ordinaria_29-09-2023	200	files/CACS_FUNDEB/Pautas/1423__Pauta da 9ª Reunião Ordinária 29-09-2023.pdf	1423__Pauta da 9ª Reunião Ordinária 29-09-2023.pdf	322258	0c2eeadb8fd49b5e4f1cd4c5899b723b33f4456254251a84363f317eea0b97d4	application/pdf	DOWNLOADED
CACS_FUNDEB	33	Pautas	1424	Pauta_da_10-_Reuniao_Ordinaria_30-10-2023	https://serv42.limeira.sp.gov.br/netConselhos/listaDocumentos/?conselho=33	https://serv42.limeira.sp.gov.br/netConselhos/documento/?documento=1424&desc=Pauta_da_10-_Reuniao_Ordinaria_30-10-2023	https://serv42.limeira.sp.gov.br/netConselhos/documento/?documento=1424&desc=Pauta_da_10-_Reuniao_Ordinaria_30-10-2023	200	files/CACS_FUNDEB/Pautas/1424__Pauta da 10ª Reunião Ordinária 30-10-2023.pdf	1424__Pauta da 10ª Reunião Ordinária 30-10-2023.pdf	321167	23698df0f3b42bcd697c394b52af3b90461c4cd4f9d1e8c349bc6a2d7ec5ec40	application/pdf	DOWNLOADED
CACS_FUNDEB	33	Pautas	1449	Pauta_da_11-_Reuniao_Ordinaria_30-11-2023	https://serv42.limeira.sp.gov.br/netConselhos/listaDocumentos/?conselho=33	https://serv42.limeira.sp.gov.br/netConselhos/documento/?documento=1449&desc=Pauta_da_11-_Reuniao_Ordinaria_30-11-2023	https://serv42.limeira.sp.gov.br/netConselhos/documento/?documento=1449&desc=Pauta_da_11-_Reuniao_Ordinaria_30-11-2023	200	files/CACS_FUNDEB/Pautas/1449__Pauta da 11ª Reunião Ordinária 30-11-2023.pdf	1449__Pauta da 11ª Reunião Ordinária 30-11-2023.pdf	320380	b8dcc2073a5e25534457146457620e770b7f5e82fda5b541f65fda2023ab9944	application/pdf	DOWNLOADED
CACS_FUNDEB	33	Pautas	1517	Pauta_da_1-_Reuniao_Ordinaria_30-01-2024	https://serv42.limeira.sp.gov.br/netConselhos/listaDocumentos/?conselho=33	https://serv42.limeira.sp.gov.br/netConselhos/documento/?documento=1517&desc=Pauta_da_1-_Reuniao_Ordinaria_30-01-2024	https://serv42.limeira.sp.gov.br/netConselhos/documento/?documento=1517&desc=Pauta_da_1-_Reuniao_Ordinaria_30-01-2024	200	files/CACS_FUNDEB/Pautas/1517__Pauta da 1ª Reunião Ordinária 30-01-2024.pdf	1517__Pauta da 1ª Reunião Ordinária 30-01-2024.pdf	498671	2f7e9ba6e2a35adbc07d0d5fa55f9120d9d9e470cbfb3d37457faa18ce75c1e9	application/pdf	DOWNLOADED
CACS_FUNDEB	33	Pautas	1518	Pauta_da_2-_Reuniao_Ordinaria_05-04-24	https://serv42.limeira.sp.gov.br/netConselhos/listaDocumentos/?conselho=33	https://serv42.limeira.sp.gov.br/netConselhos/documento/?documento=1518&desc=Pauta_da_2-_Reuniao_Ordinaria_05-04-24	https://serv42.limeira.sp.gov.br/netConselhos/documento/?documento=1518&desc=Pauta_da_2-_Reuniao_Ordinaria_05-04-24	200	files/CACS_FUNDEB/Pautas/1518__Pauta da 2ª Reunião Ordinária 05-04-24.pdf	1518__Pauta da 2ª Reunião Ordinária 05-04-24.pdf	495655	0431c73240539cdb99365af0ebd1540b930d0716d59273ae85f7c111a06f40ff	application/pdf	DOWNLOADED
CACS_FUNDEB	33	Pautas	1519	Pauta_da_3-_Reuniao_Ordinaria_30-04-24	https://serv42.limeira.sp.gov.br/netConselhos/listaDocumentos/?conselho=33	https://serv42.limeira.sp.gov.br/netConselhos/documento/?documento=1519&desc=Pauta_da_3-_Reuniao_Ordinaria_30-04-24	https://serv42.limeira.sp.gov.br/netConselhos/documento/?documento=1519&desc=Pauta_da_3-_Reuniao_Ordinaria_30-04-24	200	files/CACS_FUNDEB/Pautas/1519__Pauta da 3ª Reunião Ordinária 30-04-24.pdf	1519__Pauta da 3ª Reunião Ordinária 30-04-24.pdf	495635	183521ff4a4eab9a0e023ab73c709c05dac06a002fc40ae76cc35e3719507272	application/pdf	DOWNLOADED
CACS_FUNDEB	33	Pautas	1520	Pauta_da_4-_Reuniao_Ordinaria_29-05-2024	https://serv42.limeira.sp.gov.br/netConselhos/listaDocumentos/?conselho=33	https://serv42.limeira.sp.gov.br/netConselhos/documento/?documento=1520&desc=Pauta_da_4-_Reuniao_Ordinaria_29-05-2024	https://serv42.limeira.sp.gov.br/netConselhos/documento/?documento=1520&desc=Pauta_da_4-_Reuniao_Ordinaria_29-05-2024	200	files/CACS_FUNDEB/Pautas/1520__Pauta da 4ª Reunião Ordinária 29-05-2024.pdf	1520__Pauta da 4ª Reunião Ordinária 29-05-2024.pdf	495574	9f31511b8b78c715c4046d47c5855fdcfc095bdd6993becc8eb4dedf96f2f7b9	application/pdf	DOWNLOADED
CACS_FUNDEB	33	Pautas	1585	Pauta_da_5-_Reuniao_Ordinaria_28-06-2024	https://serv42.limeira.sp.gov.br/netConselhos/listaDocumentos/?conselho=33	https://serv42.limeira.sp.gov.br/netConselhos/documento/?documento=1585&desc=Pauta_da_5-_Reuniao_Ordinaria_28-06-2024	https://serv42.limeira.sp.gov.br/netConselhos/documento/?documento=1585&desc=Pauta_da_5-_Reuniao_Ordinaria_28-06-2024	200	files/CACS_FUNDEB/Pautas/1585__Pauta da 5ª Reunião Ordinária 28-06-2024.pdf	1585__Pauta da 5ª Reunião Ordinária 28-06-2024.pdf	495632	92c9a8a60e0df2e18ad0e6d7ba98b15c149106d296722cb08fe2fcbb13eca283	application/pdf	DOWNLOADED
CACS_FUNDEB	33	Pautas	1607	Pauta_da_5-_Reuniao_Ordinaria_28-06-2024	https://serv42.limeira.sp.gov.br/netConselhos/listaDocumentos/?conselho=33	https://serv42.limeira.sp.gov.br/netConselhos/documento/?documento=1607&desc=Pauta_da_5-_Reuniao_Ordinaria_28-06-2024	https://serv42.limeira.sp.gov.br/netConselhos/documento/?documento=1607&desc=Pauta_da_5-_Reuniao_Ordinaria_28-06-2024	200	files/CACS_FUNDEB/Pautas/1607__Pauta da 5ª Reunião Ordinária 28-06-2024.pdf	1607__Pauta da 5ª Reunião Ordinária 28-06-2024.pdf	495632	92c9a8a60e0df2e18ad0e6d7ba98b15c149106d296722cb08fe2fcbb13eca283	application/pdf	DOWNLOADED
CACS_FUNDEB	33	Pautas	1608	Pauta_da_1-_Reuniao_Extraordinaria_10-07-2024	https://serv42.limeira.sp.gov.br/netConselhos/listaDocumentos/?conselho=33	https://serv42.limeira.sp.gov.br/netConselhos/documento/?documento=1608&desc=Pauta_da_1-_Reuniao_Extraordinaria_10-07-2024	https://serv42.limeira.sp.gov.br/netConselhos/documento/?documento=1608&desc=Pauta_da_1-_Reuniao_Extraordinaria_10-07-2024	200	files/CACS_FUNDEB/Pautas/1608__Pauta da 1ª Reunião Extraordinária 10-07-2024.pdf	1608__Pauta da 1ª Reunião Extraordinária 10-07-2024.pdf	316138	015e8523ab1637bfe14b61bde84b887b557af88800b83df700ab11d99f2a4dbc	application/pdf	DOWNLOADED
CACS_FUNDEB	33	Pautas	1637	Pauta_da_6-_Reuniao_Ordinaria_26-07-2024	https://serv42.limeira.sp.gov.br/netConselhos/listaDocumentos/?conselho=33	https://serv42.limeira.sp.gov.br/netConselhos/documento/?documento=1637&desc=Pauta_da_6-_Reuniao_Ordinaria_26-07-2024	https://serv42.limeira.sp.gov.br/netConselhos/documento/?documento=1637&desc=Pauta_da_6-_Reuniao_Ordinaria_26-07-2024	200	files/CACS_FUNDEB/Pautas/1637__Pauta da 6ª Reunião Ordinária 26-07-2024.pdf	1637__Pauta da 6ª Reunião Ordinária 26-07-2024.pdf	322764	a1601d272370172df2dc0dba7e06e613e3be578df2611198da072bcc30e43902	application/pdf	DOWNLOADED
CACS_FUNDEB	33	Pautas	1639	Pauta_da_2-_Reuniao_Extraordinaria__14-08-2024	https://serv42.limeira.sp.gov.br/netConselhos/listaDocumentos/?conselho=33	https://serv42.limeira.sp.gov.br/netConselhos/documento/?documento=1639&desc=Pauta_da_2-_Reuniao_Extraordinaria__14-08-2024	https://serv42.limeira.sp.gov.br/netConselhos/documento/?documento=1639&desc=Pauta_da_2-_Reuniao_Extraordinaria__14-08-2024	200	files/CACS_FUNDEB/Pautas/1639__Pauta da 2ª Reunião Extraordinária 14-08-2024.pdf	1639__Pauta da 2ª Reunião Extraordinária 14-08-2024.pdf	348597	5c5fa00d593f67a65bd771e7e927ab7dfc9c941ce97a4a84b703a2fa41d30037	application/pdf	DOWNLOADED
CACS_FUNDEB	33	Pautas	1640	Pauta_da_7-_Reuniao_Ordinaria_30-08-2024	https://serv42.limeira.sp.gov.br/netConselhos/listaDocumentos/?conselho=33	https://serv42.limeira.sp.gov.br/netConselhos/documento/?documento=1640&desc=Pauta_da_7-_Reuniao_Ordinaria_30-08-2024	https://serv42.limeira.sp.gov.br/netConselhos/documento/?documento=1640&desc=Pauta_da_7-_Reuniao_Ordinaria_30-08-2024	200	files/CACS_FUNDEB/Pautas/1640__Pauta da 7ª Reunião Ordinária 30-08-2024.pdf	1640__Pauta da 7ª Reunião Ordinária 30-08-2024.pdf	321018	cbd7eb06f9abc2d47c48f195cddb9f4e26e6b66f2198c0cee0e6ba812afdb459	application/pdf	DOWNLOADED
CACS_FUNDEB	33	Pautas	1670	Pauta_da_8-_Reuniao_Ordinaria_30-09-2024	https://serv42.limeira.sp.gov.br/netConselhos/listaDocumentos/?conselho=33	https://serv42.limeira.sp.gov.br/netConselhos/documento/?documento=1670&desc=Pauta_da_8-_Reuniao_Ordinaria_30-09-2024	https://serv42.limeira.sp.gov.br/netConselhos/documento/?documento=1670&desc=Pauta_da_8-_Reuniao_Ordinaria_30-09-2024	200	files/CACS_FUNDEB/Pautas/1670__Pauta da 8ª Reunião Ordinária 30-09-2024.pdf	1670__Pauta da 8ª Reunião Ordinária 30-09-2024.pdf	322779	c7ef3d642be6845adb32fdfb99341bbbabaa7e95f10a7d8be5ec0c1991c374d5	application/pdf	DOWNLOADED
CACS_FUNDEB	33	Pautas	1671	Pauta_da_9-_Reuniao_Ordinaria_30-10-2024	https://serv42.limeira.sp.gov.br/netConselhos/listaDocumentos/?conselho=33	https://serv42.limeira.sp.gov.br/netConselhos/documento/?documento=1671&desc=Pauta_da_9-_Reuniao_Ordinaria_30-10-2024	https://serv42.limeira.sp.gov.br/netConselhos/documento/?documento=1671&desc=Pauta_da_9-_Reuniao_Ordinaria_30-10-2024	200	files/CACS_FUNDEB/Pautas/1671__Pauta da 9ª Reunião Ordinária 30-10-2024.pdf	1671__Pauta da 9ª Reunião Ordinária 30-10-2024.pdf	321619	eca846ca70d8323c3858ff36e677b4c7f69b5f84b26e6fe7093befdd57829cd4	application/pdf	DOWNLOADED
CACS_FUNDEB	33	Pautas	1744	Pauta_da_9-_Reuniao_Ordinaria_30-10-2024	https://serv42.limeira.sp.gov.br/netConselhos/listaDocumentos/?conselho=33	https://serv42.limeira.sp.gov.br/netConselhos/documento/?documento=1744&desc=Pauta_da_9-_Reuniao_Ordinaria_30-10-2024	https://serv42.limeira.sp.gov.br/netConselhos/documento/?documento=1744&desc=Pauta_da_9-_Reuniao_Ordinaria_30-10-2024	200	files/CACS_FUNDEB/Pautas/1744__Pauta da 9ª Reunião Ordinária 30-10-2024.pdf	1744__Pauta da 9ª Reunião Ordinária 30-10-2024.pdf	321607	f66689f192802bbd11cabae753251c77acf31e8b48e0f6c8e61a10c3b615e93e	application/pdf	DOWNLOADED
CACS_FUNDEB	33	Pautas	1779	Pauta_da_10-_Reuniao_Ordinaria_02-12-2024	https://serv42.limeira.sp.gov.br/netConselhos/listaDocumentos/?conselho=33	https://serv42.limeira.sp.gov.br/netConselhos/documento/?documento=1779&desc=Pauta_da_10-_Reuniao_Ordinaria_02-12-2024	https://serv42.limeira.sp.gov.br/netConselhos/documento/?documento=1779&desc=Pauta_da_10-_Reuniao_Ordinaria_02-12-2024	200	files/CACS_FUNDEB/Pautas/1779__Pauta da 10ª Reunião Ordinária 02-12-2024.pdf	1779__Pauta da 10ª Reunião Ordinária 02-12-2024.pdf	320663	069abc2c0c31a266b1464d863fd92b1f28e53f117cf7792d44719277ec66f57b	application/pdf	DOWNLOADED
CACS_FUNDEB	33	Pautas	1780	Pauta_da_1-_Reuniao_Ordinaria_30-01-2025	https://serv42.limeira.sp.gov.br/netConselhos/listaDocumentos/?conselho=33	https://serv42.limeira.sp.gov.br/netConselhos/documento/?documento=1780&desc=Pauta_da_1-_Reuniao_Ordinaria_30-01-2025	https://serv42.limeira.sp.gov.br/netConselhos/documento/?documento=1780&desc=Pauta_da_1-_Reuniao_Ordinaria_30-01-2025	200	files/CACS_FUNDEB/Pautas/1780__Pauta da 1ª Reunião Ordinária 30-01-2025.pdf	1780__Pauta da 1ª Reunião Ordinária 30-01-2025.pdf	499044	dd22d888120e0a696d72e7602f361ea3900481ce01607e55d393f71a7fae3cc4	application/pdf	DOWNLOADED
CACS_FUNDEB	33	Pautas	1781	Pauta_da_1-_Reuniao_Extraordinaria__06-02-2025	https://serv42.limeira.sp.gov.br/netConselhos/listaDocumentos/?conselho=33	https://serv42.limeira.sp.gov.br/netConselhos/documento/?documento=1781&desc=Pauta_da_1-_Reuniao_Extraordinaria__06-02-2025	https://serv42.limeira.sp.gov.br/netConselhos/documento/?documento=1781&desc=Pauta_da_1-_Reuniao_Extraordinaria__06-02-2025	200	files/CACS_FUNDEB/Pautas/1781__Pauta da 1ª Reunião Extraordinária 06-02-2025.pdf	1781__Pauta da 1ª Reunião Extraordinária 06-02-2025.pdf	347506	d28fe6c3504b195dce71402072e8705268c303e6ab158b3ce97f87919e334d1e	application/pdf	DOWNLOADED
CACS_FUNDEB	33	Pautas	1782	Pauta_da_2-_Reuniao_Ordinaria_06-03-2025	https://serv42.limeira.sp.gov.br/netConselhos/listaDocumentos/?conselho=33	https://serv42.limeira.sp.gov.br/netConselhos/documento/?documento=1782&desc=Pauta_da_2-_Reuniao_Ordinaria_06-03-2025	https://serv42.limeira.sp.gov.br/netConselhos/documento/?documento=1782&desc=Pauta_da_2-_Reuniao_Ordinaria_06-03-2025	200	files/CACS_FUNDEB/Pautas/1782__Pauta da 2ª Reunião Ordinária 06-03-2025.pdf	1782__Pauta da 2ª Reunião Ordinária 06-03-2025.pdf	498304	ada8a1aef8c80ba56bac5174c389c7c6b77c790964e8b7878609a77d52da0699	application/pdf	DOWNLOADED
CACS_FUNDEB	33	Pautas	1783	Pauta_da_3-_Reuniao_Ordinaria__01-04-2025	https://serv42.limeira.sp.gov.br/netConselhos/listaDocumentos/?conselho=33	https://serv42.limeira.sp.gov.br/netConselhos/documento/?documento=1783&desc=Pauta_da_3-_Reuniao_Ordinaria__01-04-2025	https://serv42.limeira.sp.gov.br/netConselhos/documento/?documento=1783&desc=Pauta_da_3-_Reuniao_Ordinaria__01-04-2025	200	files/CACS_FUNDEB/Pautas/1783__Pauta da 3ª Reunião Ordinária 01-04-2025.pdf	1783__Pauta da 3ª Reunião Ordinária 01-04-2025.pdf	496053	9a7c8bbc9f8c599a2b4ec606bbbf3e8c74c01692bb56495f9e0ea4178b14156d	application/pdf	DOWNLOADED
CACS_FUNDEB	33	Pautas	1804	Pauta_da_4-_Reuniao_Ordinaria_30-04-2025	https://serv42.limeira.sp.gov.br/netConselhos/listaDocumentos/?conselho=33	https://serv42.limeira.sp.gov.br/netConselhos/documento/?documento=1804&desc=Pauta_da_4-_Reuniao_Ordinaria_30-04-2025	https://serv42.limeira.sp.gov.br/netConselhos/documento/?documento=1804&desc=Pauta_da_4-_Reuniao_Ordinaria_30-04-2025	200	files/CACS_FUNDEB/Pautas/1804__Pauta da 4ª Reunião Ordinária 30-04-2025.pdf	1804__Pauta da 4ª Reunião Ordinária 30-04-2025.pdf	319295	cfe776c38a389794960840b48ca6bb59e1801eca6c21500d5eb9facd5a483ebc	application/pdf	DOWNLOADED
CACS_FUNDEB	33	Pautas	1805	Pauta_da_5-_Reuniao_Ordinaria_30-05-2025	https://serv42.limeira.sp.gov.br/netConselhos/listaDocumentos/?conselho=33	https://serv42.limeira.sp.gov.br/netConselhos/documento/?documento=1805&desc=Pauta_da_5-_Reuniao_Ordinaria_30-05-2025	https://serv42.limeira.sp.gov.br/netConselhos/documento/?documento=1805&desc=Pauta_da_5-_Reuniao_Ordinaria_30-05-2025	200	files/CACS_FUNDEB/Pautas/1805__Pauta da 5ª Reunião Ordinária 30-05-2025.pdf	1805__Pauta da 5ª Reunião Ordinária 30-05-2025.pdf	495789	a2a10a15288e5fdaa7cb4266fc8a86ffe37f438a471e9896b718493d8ee4264b	application/pdf	DOWNLOADED
CACS_FUNDEB	33	Pautas	1806	Pauta_da_2-_Reuniao_Extraordinaria__04-06-2025	https://serv42.limeira.sp.gov.br/netConselhos/listaDocumentos/?conselho=33	https://serv42.limeira.sp.gov.br/netConselhos/documento/?documento=1806&desc=Pauta_da_2-_Reuniao_Extraordinaria__04-06-2025	https://serv42.limeira.sp.gov.br/netConselhos/documento/?documento=1806&desc=Pauta_da_2-_Reuniao_Extraordinaria__04-06-2025	200	files/CACS_FUNDEB/Pautas/1806__Pauta da 2ª Reunião Extraordinária 04-06-2025.pdf	1806__Pauta da 2ª Reunião Extraordinária 04-06-2025.pdf	347447	3c1290233ed2f0a388b8b59dac0ce95ad35d1cc6be0e95805e9fc5c0c4b95a0e	application/pdf	DOWNLOADED
CACS_FUNDEB	33	Pautas	1854	Pauta_da_6-_Reuniao_Ordinaria_-_01-07-2025	https://serv42.limeira.sp.gov.br/netConselhos/listaDocumentos/?conselho=33	https://serv42.limeira.sp.gov.br/netConselhos/documento/?documento=1854&desc=Pauta_da_6-_Reuniao_Ordinaria_-_01-07-2025	https://serv42.limeira.sp.gov.br/netConselhos/documento/?documento=1854&desc=Pauta_da_6-_Reuniao_Ordinaria_-_01-07-2025	200	files/CACS_FUNDEB/Pautas/1854__Pauta da 6ª Reunião Ordinária - 01-07-2025.pdf	1854__Pauta da 6ª Reunião Ordinária - 01-07-2025.pdf	319150	630c87788c41bb2a193cddf24b72ad963054823213b0cda2f3b8a2835b0b6e4c	application/pdf	DOWNLOADED
CACS_FUNDEB	33	Pautas	1855	Pauta_da_7-_Reuniao_Ordinaria_31-07-2025	https://serv42.limeira.sp.gov.br/netConselhos/listaDocumentos/?conselho=33	https://serv42.limeira.sp.gov.br/netConselhos/documento/?documento=1855&desc=Pauta_da_7-_Reuniao_Ordinaria_31-07-2025	https://serv42.limeira.sp.gov.br/netConselhos/documento/?documento=1855&desc=Pauta_da_7-_Reuniao_Ordinaria_31-07-2025	200	files/CACS_FUNDEB/Pautas/1855__Pauta da 7ª Reunião Ordinária 31-07-2025.pdf	1855__Pauta da 7ª Reunião Ordinária 31-07-2025.pdf	338456	2ca734acfde1396eb35631a2446d6d14e36081ea44a61fd691bd0c0578e60284	application/pdf	DOWNLOADED
CACS_FUNDEB	33	Pautas	1906	Pauta_da_7-_Reuniao_Ordinaria_31-07-2025	https://serv42.limeira.sp.gov.br/netConselhos/listaDocumentos/?conselho=33	https://serv42.limeira.sp.gov.br/netConselhos/documento/?documento=1906&desc=Pauta_da_7-_Reuniao_Ordinaria_31-07-2025	https://serv42.limeira.sp.gov.br/netConselhos/documento/?documento=1906&desc=Pauta_da_7-_Reuniao_Ordinaria_31-07-2025	200	files/CACS_FUNDEB/Pautas/1906__Pauta da 7ª Reunião Ordinária 31-07-2025.pdf	1906__Pauta da 7ª Reunião Ordinária 31-07-2025.pdf	338456	2ca734acfde1396eb35631a2446d6d14e36081ea44a61fd691bd0c0578e60284	application/pdf	DOWNLOADED
CACS_FUNDEB	33	Pautas	1907	Pauta_da_8-_Reuniao_Ordinaria_29-08-2025	https://serv42.limeira.sp.gov.br/netConselhos/listaDocumentos/?conselho=33	https://serv42.limeira.sp.gov.br/netConselhos/documento/?documento=1907&desc=Pauta_da_8-_Reuniao_Ordinaria_29-08-2025	https://serv42.limeira.sp.gov.br/netConselhos/documento/?documento=1907&desc=Pauta_da_8-_Reuniao_Ordinaria_29-08-2025	200	files/CACS_FUNDEB/Pautas/1907__Pauta da 8ª Reunião Ordinária 29-08-2025.pdf	1907__Pauta da 8ª Reunião Ordinária 29-08-2025.pdf	324909	7c597c07eabdf2a37eb618a1f3ed0cb67c4d98e2bb2acea9fc41de47471ed36f	application/pdf	DOWNLOADED
CACS_FUNDEB	33	Pautas	1925	Pauta_da_9-_Reuniao_Ordinaria_30-09-2025	https://serv42.limeira.sp.gov.br/netConselhos/listaDocumentos/?conselho=33	https://serv42.limeira.sp.gov.br/netConselhos/documento/?documento=1925&desc=Pauta_da_9-_Reuniao_Ordinaria_30-09-2025	https://serv42.limeira.sp.gov.br/netConselhos/documento/?documento=1925&desc=Pauta_da_9-_Reuniao_Ordinaria_30-09-2025	200	files/CACS_FUNDEB/Pautas/1925__Pauta da 9ª Reunião Ordinária 30-09-2025.pdf	1925__Pauta da 9ª Reunião Ordinária 30-09-2025.pdf	322330	a4e46270479360265a6647a600070a8a88495cfb72e882399b8fe9757c749a9b	application/pdf	DOWNLOADED
CACS_FUNDEB	33	Pautas	2075	Pauta_da_10-_Reuniao_Ordinaria_30-10-2025	https://serv42.limeira.sp.gov.br/netConselhos/listaDocumentos/?conselho=33	https://serv42.limeira.sp.gov.br/netConselhos/documento/?documento=2075&desc=Pauta_da_10-_Reuniao_Ordinaria_30-10-2025	https://serv42.limeira.sp.gov.br/netConselhos/documento/?documento=2075&desc=Pauta_da_10-_Reuniao_Ordinaria_30-10-2025	200	files/CACS_FUNDEB/Pautas/2075__Pauta da 10ª Reunião Ordinária 30-10-2025.pdf	2075__Pauta da 10ª Reunião Ordinária 30-10-2025.pdf	321358	fec1a718d7dafc8aca454171ca2ab643e43511186988fbc93a75e661c754a6de	application/pdf	DOWNLOADED
CACS_FUNDEB	33	Pautas	2076	Pauta_da_3-_Reuniao_Extraordinaria_13-10-2025	https://serv42.limeira.sp.gov.br/netConselhos/listaDocumentos/?conselho=33	https://serv42.limeira.sp.gov.br/netConselhos/documento/?documento=2076&desc=Pauta_da_3-_Reuniao_Extraordinaria_13-10-2025	https://serv42.limeira.sp.gov.br/netConselhos/documento/?documento=2076&desc=Pauta_da_3-_Reuniao_Extraordinaria_13-10-2025	200	files/CACS_FUNDEB/Pautas/2076__Pauta da 3ª Reunião Extraordinária 13-10-2025.pdf	2076__Pauta da 3ª Reunião Extraordinária 13-10-2025.pdf	319435	efbbdcfb2f3db4e40a4590d12d17b5c01e36ad1d724f40478d07c62dc5f2e130	application/pdf	DOWNLOADED
CACS_FUNDEB	33	Pautas	2077	Pauta_da_4-_Reuniao_Extraordinaria_12-11-2025	https://serv42.limeira.sp.gov.br/netConselhos/listaDocumentos/?conselho=33	https://serv42.limeira.sp.gov.br/netConselhos/documento/?documento=2077&desc=Pauta_da_4-_Reuniao_Extraordinaria_12-11-2025	https://serv42.limeira.sp.gov.br/netConselhos/documento/?documento=2077&desc=Pauta_da_4-_Reuniao_Extraordinaria_12-11-2025	200	files/CACS_FUNDEB/Pautas/2077__Pauta da 4ª Reunião Extraordinária 12-11-2025.pdf	2077__Pauta da 4ª Reunião Extraordinária 12-11-2025.pdf	318091	e8f3e3bc5372856206dd94fafaaf66b6073bc170bfb7bbd4f980c2b644e730a0	application/pdf	DOWNLOADED
CACS_FUNDEB	33	Pautas	2078	Pauta_da_11-_Reuniao_Ordinaria_28-11-2025	https://serv42.limeira.sp.gov.br/netConselhos/listaDocumentos/?conselho=33	https://serv42.limeira.sp.gov.br/netConselhos/documento/?documento=2078&desc=Pauta_da_11-_Reuniao_Ordinaria_28-11-2025	https://serv42.limeira.sp.gov.br/netConselhos/documento/?documento=2078&desc=Pauta_da_11-_Reuniao_Ordinaria_28-11-2025	200	files/CACS_FUNDEB/Pautas/2078__Pauta da 11ª Reunião Ordinária 28-11-2025.pdf	2078__Pauta da 11ª Reunião Ordinária 28-11-2025.pdf	337288	d61b6e4c3914a3c0481cdbbfa3f21435f5a98e33da3c4749daf16fc0e1a3b038	application/pdf	DOWNLOADED
CACS_FUNDEB	33	Pautas	2079	Pauta_da_5-_Reuniao_Extraordinaria_03-12-2025	https://serv42.limeira.sp.gov.br/netConselhos/listaDocumentos/?conselho=33	https://serv42.limeira.sp.gov.br/netConselhos/documento/?documento=2079&desc=Pauta_da_5-_Reuniao_Extraordinaria_03-12-2025	https://serv42.limeira.sp.gov.br/netConselhos/documento/?documento=2079&desc=Pauta_da_5-_Reuniao_Extraordinaria_03-12-2025	200	files/CACS_FUNDEB/Pautas/2079__Pauta da 5ª Reunião Extraordinária 03-12-2025.pdf	2079__Pauta da 5ª Reunião Extraordinária 03-12-2025.pdf	347944	0402c26d6727431032e63dc909ac01471dd75760cbd66cd46064def81ba2ebf6	application/pdf	DOWNLOADED
CACS_FUNDEB	33	Pautas	2301	Pauta_da_1-_Reuniao_Ordinaria_30-01-2026	https://serv42.limeira.sp.gov.br/netConselhos/listaDocumentos/?conselho=33	https://serv42.limeira.sp.gov.br/netConselhos/documento/?documento=2301&desc=Pauta_da_1-_Reuniao_Ordinaria_30-01-2026	https://serv42.limeira.sp.gov.br/netConselhos/documento/?documento=2301&desc=Pauta_da_1-_Reuniao_Ordinaria_30-01-2026	200	files/CACS_FUNDEB/Pautas/2301__Pauta da 1ª Reunião Ordinária 30-01-2026.pdf	2301__Pauta da 1ª Reunião Ordinária 30-01-2026.pdf	501965	34e13c3d6ad2f3291a71ba779f53de0a884894ce22609bf536a3d81b7aab37e3	application/pdf	DOWNLOADED
CACS_FUNDEB	33	Pautas	2303	Pauta_da_1-_Reuniao_Extraordinaria__12-02-2026	https://serv42.limeira.sp.gov.br/netConselhos/listaDocumentos/?conselho=33	https://serv42.limeira.sp.gov.br/netConselhos/documento/?documento=2303&desc=Pauta_da_1-_Reuniao_Extraordinaria__12-02-2026	https://serv42.limeira.sp.gov.br/netConselhos/documento/?documento=2303&desc=Pauta_da_1-_Reuniao_Extraordinaria__12-02-2026	200	files/CACS_FUNDEB/Pautas/2303__Pauta da 1ª Reunião Extraordinária 12-02-2026.pdf	2303__Pauta da 1ª Reunião Extraordinária 12-02-2026.pdf	347907	83c73565db2ca45f619b673af6efe3346ee5ec8a58b1490f4eb85ac3e87e45d8	application/pdf	DOWNLOADED
CACS_FUNDEB	33	Pautas	2304	Pauta_da_2-_Reuniao_Ordinaria_27-02-2026	https://serv42.limeira.sp.gov.br/netConselhos/listaDocumentos/?conselho=33	https://serv42.limeira.sp.gov.br/netConselhos/documento/?documento=2304&desc=Pauta_da_2-_Reuniao_Ordinaria_27-02-2026	https://serv42.limeira.sp.gov.br/netConselhos/documento/?documento=2304&desc=Pauta_da_2-_Reuniao_Ordinaria_27-02-2026	200	files/CACS_FUNDEB/Pautas/2304__Pauta da 2ª Reunião Ordinária 27-02-2026.pdf	2304__Pauta da 2ª Reunião Ordinária 27-02-2026.pdf	534010	eef75a94aa056768118e61e059453a6400669e3cb3c12243af6555a28ddaea2f	application/pdf	DOWNLOADED
CACS_FUNDEB	33	Pautas	2437	Pauta_da_3-_Reuniao_Ordinaria__31-03-2026	https://serv42.limeira.sp.gov.br/netConselhos/listaDocumentos/?conselho=33	https://serv42.limeira.sp.gov.br/netConselhos/documento/?documento=2437&desc=Pauta_da_3-_Reuniao_Ordinaria__31-03-2026	https://serv42.limeira.sp.gov.br/netConselhos/documento/?documento=2437&desc=Pauta_da_3-_Reuniao_Ordinaria__31-03-2026	200	files/CACS_FUNDEB/Pautas/2437__Pauta da 3ª Reunião Ordinária 31-03-2026.pdf	2437__Pauta da 3ª Reunião Ordinária 31-03-2026.pdf	532873	715e54896056bc8be6f71587c44cc4805f5370d6aa6efddc676fab2b4be69223	application/pdf	DOWNLOADED
CACS_FUNDEB	33	Pautas	2588	Pauta_da_4-_Reuniao_Ordinaria_29-04-2026	https://serv42.limeira.sp.gov.br/netConselhos/listaDocumentos/?conselho=33	https://serv42.limeira.sp.gov.br/netConselhos/documento/?documento=2588&desc=Pauta_da_4-_Reuniao_Ordinaria_29-04-2026	https://serv42.limeira.sp.gov.br/netConselhos/documento/?documento=2588&desc=Pauta_da_4-_Reuniao_Ordinaria_29-04-2026	200	files/CACS_FUNDEB/Pautas/2588__Pauta da 4ª Reunião Ordinária 29-04-2026.pdf	2588__Pauta da 4ª Reunião Ordinária 29-04-2026.pdf	382991	6d08e41b2f54d29f985bded225986b57bf7d68598ca0a75d3420a83a9764ecda	application/pdf	DOWNLOADED
CACS_FUNDEB	33	Pautas	2589	Pauta_da_5-_Reuniao_Ordinaria_29-05-2026	https://serv42.limeira.sp.gov.br/netConselhos/listaDocumentos/?conselho=33	https://serv42.limeira.sp.gov.br/netConselhos/documento/?documento=2589&desc=Pauta_da_5-_Reuniao_Ordinaria_29-05-2026	https://serv42.limeira.sp.gov.br/netConselhos/documento/?documento=2589&desc=Pauta_da_5-_Reuniao_Ordinaria_29-05-2026	200	files/CACS_FUNDEB/Pautas/2589__Pauta da 5ª Reunião Ordinária 29-05-2026.pdf	2589__Pauta da 5ª Reunião Ordinária 29-05-2026.pdf	531676	1a37ebff3ffb75b6cbd03ad08297bb22c87aac4fc37df18c9d62365fa839be0a	application/pdf	DOWNLOADED
CACS_FUNDEB	33	Pautas	2684	Pauta_da_6-_Reuniao_Ordinaria_30-06-2026	https://serv42.limeira.sp.gov.br/netConselhos/listaDocumentos/?conselho=33	https://serv42.limeira.sp.gov.br/netConselhos/documento/?documento=2684&desc=Pauta_da_6-_Reuniao_Ordinaria_30-06-2026	https://serv42.limeira.sp.gov.br/netConselhos/documento/?documento=2684&desc=Pauta_da_6-_Reuniao_Ordinaria_30-06-2026	200	files/CACS_FUNDEB/Pautas/2684__Pauta da 6ª Reunião Ordinária 30-06-2026.pdf	2684__Pauta da 6ª Reunião Ordinária 30-06-2026.pdf	499578	2f14e38c435d1592b00f738a8b32afa236ca834f0c7aaf0674976e16167d5bd8	application/pdf	DOWNLOADED
CACS_FUNDEB	33	Pautas	2685	Pauta_da_7-_Reuniao_Ordinaria_30-07-2026	https://serv42.limeira.sp.gov.br/netConselhos/listaDocumentos/?conselho=33	https://serv42.limeira.sp.gov.br/netConselhos/documento/?documento=2685&desc=Pauta_da_7-_Reuniao_Ordinaria_30-07-2026	https://serv42.limeira.sp.gov.br/netConselhos/documento/?documento=2685&desc=Pauta_da_7-_Reuniao_Ordinaria_30-07-2026	200	files/CACS_FUNDEB/Pautas/2685__Pauta da 7ª Reunião Ordinária 30-07-2026.pdf	2685__Pauta da 7ª Reunião Ordinária 30-07-2026.pdf	320478	26fbd4bf6cee797d15391b755819db6f2d8e776f5196a2520e6b1fceb93f5ae3	application/pdf	DOWNLOADED
CACS_FUNDEB	33	Atas de Reuniões	145	FUNDEB_1-_R.O_31-01-19	https://serv42.limeira.sp.gov.br/netConselhos/listaDocumentos/?conselho=33	https://serv42.limeira.sp.gov.br/netConselhos/documento/?documento=145&desc=FUNDEB_1-_R.O_31-01-19	https://serv42.limeira.sp.gov.br/netConselhos/documento/?documento=145&desc=FUNDEB_1-_R.O_31-01-19	200	files/CACS_FUNDEB/Atas de Reuniões/145__FUNDEB 1ª R.O 31-01-19.pdf	145__FUNDEB 1ª R.O 31-01-19.pdf	244832	cb51b7a0511916e12275a8b3d963a1406081025969e4c861fa7ed80c0f574f3e	application/pdf	DOWNLOADED
CACS_FUNDEB	33	Atas de Reuniões	146	FUNDEB_2-_RO_26-03-19	https://serv42.limeira.sp.gov.br/netConselhos/listaDocumentos/?conselho=33	https://serv42.limeira.sp.gov.br/netConselhos/documento/?documento=146&desc=FUNDEB_2-_RO_26-03-19	https://serv42.limeira.sp.gov.br/netConselhos/documento/?documento=146&desc=FUNDEB_2-_RO_26-03-19	200	files/CACS_FUNDEB/Atas de Reuniões/146__FUNDEB 2ª RO 26-03-19.pdf	146__FUNDEB 2ª RO 26-03-19.pdf	322261	a659a2ee7911785f89a912a5bd911f792d9b5fcbc828cb02e7631f5174924ab6	application/pdf	DOWNLOADED
CACS_FUNDEB	33	Atas de Reuniões	147	FUNDEB_3-_RO_25-04-19	https://serv42.limeira.sp.gov.br/netConselhos/listaDocumentos/?conselho=33	https://serv42.limeira.sp.gov.br/netConselhos/documento/?documento=147&desc=FUNDEB_3-_RO_25-04-19	https://serv42.limeira.sp.gov.br/netConselhos/documento/?documento=147&desc=FUNDEB_3-_RO_25-04-19	200	files/CACS_FUNDEB/Atas de Reuniões/147__FUNDEB 3ª RO 25-04-19.pdf	147__FUNDEB 3ª RO 25-04-19.pdf	225657	4e81e002c0634bea99e8fbeadb1d4a79623e29d35f84937ffda745fb0d52b2e4	application/pdf	DOWNLOADED
CACS_FUNDEB	33	Atas de Reuniões	148	FUNDEB_4a_RO_30.05.19	https://serv42.limeira.sp.gov.br/netConselhos/listaDocumentos/?conselho=33	https://serv42.limeira.sp.gov.br/netConselhos/documento/?documento=148&desc=FUNDEB_4a_RO_30.05.19	https://serv42.limeira.sp.gov.br/netConselhos/documento/?documento=148&desc=FUNDEB_4a_RO_30.05.19	200	files/CACS_FUNDEB/Atas de Reuniões/148__FUNDEB 4a RO 30.05.19.pdf	148__FUNDEB 4a RO 30.05.19.pdf	221519	6bbde243effc85a4cda9096fc42a56ec771ede7872b7ba71f3c560bf13fe6b14	application/pdf	DOWNLOADED
CACS_FUNDEB	33	Atas de Reuniões	149	FUNDEB_5a_RO_11.07.19	https://serv42.limeira.sp.gov.br/netConselhos/listaDocumentos/?conselho=33	https://serv42.limeira.sp.gov.br/netConselhos/documento/?documento=149&desc=FUNDEB_5a_RO_11.07.19	https://serv42.limeira.sp.gov.br/netConselhos/documento/?documento=149&desc=FUNDEB_5a_RO_11.07.19	200	files/CACS_FUNDEB/Atas de Reuniões/149__FUNDEB 5a RO 11.07.19.pdf	149__FUNDEB 5a RO 11.07.19.pdf	214250	b92b0a350799aca0a6418e0ac74ab47edcf0523829859373e9cb1a59db3caad1	application/pdf	DOWNLOADED
CACS_FUNDEB	33	Atas de Reuniões	150	FUNDEB_6a_RO_30.07.19	https://serv42.limeira.sp.gov.br/netConselhos/listaDocumentos/?conselho=33	https://serv42.limeira.sp.gov.br/netConselhos/documento/?documento=150&desc=FUNDEB_6a_RO_30.07.19	https://serv42.limeira.sp.gov.br/netConselhos/documento/?documento=150&desc=FUNDEB_6a_RO_30.07.19	200	files/CACS_FUNDEB/Atas de Reuniões/150__FUNDEB 6a RO 30.07.19.pdf	150__FUNDEB 6a RO 30.07.19.pdf	307187	3c8c5f38d1209bfccc8de9e0c1a2be52db85172c78c04431ca88983beb5ff588	application/pdf	DOWNLOADED
CACS_FUNDEB	33	Atas de Reuniões	151	FUNDEB_7a_RO_28.08.19	https://serv42.limeira.sp.gov.br/netConselhos/listaDocumentos/?conselho=33	https://serv42.limeira.sp.gov.br/netConselhos/documento/?documento=151&desc=FUNDEB_7a_RO_28.08.19	https://serv42.limeira.sp.gov.br/netConselhos/documento/?documento=151&desc=FUNDEB_7a_RO_28.08.19	200	files/CACS_FUNDEB/Atas de Reuniões/151__FUNDEB 7a RO 28.08.19.pdf	151__FUNDEB 7a RO 28.08.19.pdf	312854	e64c114b6122d60c4aa8635af5627b76b86e1132bac3a4eb4caee99a1b75fb36	application/pdf	DOWNLOADED
CACS_FUNDEB	33	Atas de Reuniões	152	FUNDEB_8a_RO_02.10.19	https://serv42.limeira.sp.gov.br/netConselhos/listaDocumentos/?conselho=33	https://serv42.limeira.sp.gov.br/netConselhos/documento/?documento=152&desc=FUNDEB_8a_RO_02.10.19	https://serv42.limeira.sp.gov.br/netConselhos/documento/?documento=152&desc=FUNDEB_8a_RO_02.10.19	200	files/CACS_FUNDEB/Atas de Reuniões/152__FUNDEB 8a RO 02.10.19.pdf	152__FUNDEB 8a RO 02.10.19.pdf	375897	0e07b3dddf3a52d4c1e36738e5c540af402367a414a6f8fe392916a0900f92e2	application/pdf	DOWNLOADED
CACS_FUNDEB	33	Atas de Reuniões	153	FUNDEB_9a_RO_30.10.19	https://serv42.limeira.sp.gov.br/netConselhos/listaDocumentos/?conselho=33	https://serv42.limeira.sp.gov.br/netConselhos/documento/?documento=153&desc=FUNDEB_9a_RO_30.10.19	https://serv42.limeira.sp.gov.br/netConselhos/documento/?documento=153&desc=FUNDEB_9a_RO_30.10.19	200	files/CACS_FUNDEB/Atas de Reuniões/153__FUNDEB 9a RO 30.10.19.pdf	153__FUNDEB 9a RO 30.10.19.pdf	419808	1a072fd448eaa022ebb999b6de6b5689bc08b032b2f25ac26b18abc4ffb2eb7e	application/pdf	DOWNLOADED
CACS_FUNDEB	33	Atas de Reuniões	154	FUNDEB_1-_R.E._21-02-19	https://serv42.limeira.sp.gov.br/netConselhos/listaDocumentos/?conselho=33	https://serv42.limeira.sp.gov.br/netConselhos/documento/?documento=154&desc=FUNDEB_1-_R.E._21-02-19	https://serv42.limeira.sp.gov.br/netConselhos/documento/?documento=154&desc=FUNDEB_1-_R.E._21-02-19	200	files/CACS_FUNDEB/Atas de Reuniões/154__FUNDEB 1ª R.E. 21-02-19.pdf	154__FUNDEB 1ª R.E. 21-02-19.pdf	219273	822d16397ec1d64fa31d594737a2631170037c4062d7936f5e43ff3ec27055d4	application/pdf	DOWNLOADED
CACS_FUNDEB	33	Atas de Reuniões	155	FUNDEB_2-_RE_10-04-19	https://serv42.limeira.sp.gov.br/netConselhos/listaDocumentos/?conselho=33	https://serv42.limeira.sp.gov.br/netConselhos/documento/?documento=155&desc=FUNDEB_2-_RE_10-04-19	https://serv42.limeira.sp.gov.br/netConselhos/documento/?documento=155&desc=FUNDEB_2-_RE_10-04-19	200	files/CACS_FUNDEB/Atas de Reuniões/155__FUNDEB 2ª RE 10-04-19.pdf	155__FUNDEB 2ª RE 10-04-19.pdf	472736	9bc314c84f3a395be68b36306d2cad592345b735071a4fe487a2bb7850c4b5dd	application/pdf	DOWNLOADED
CACS_FUNDEB	33	Atas de Reuniões	156	FUNDEB_3-_RE_08-05-19	https://serv42.limeira.sp.gov.br/netConselhos/listaDocumentos/?conselho=33	https://serv42.limeira.sp.gov.br/netConselhos/documento/?documento=156&desc=FUNDEB_3-_RE_08-05-19	https://serv42.limeira.sp.gov.br/netConselhos/documento/?documento=156&desc=FUNDEB_3-_RE_08-05-19	200	files/CACS_FUNDEB/Atas de Reuniões/156__FUNDEB 3ª RE 08-05-19.pdf	156__FUNDEB 3ª RE 08-05-19.pdf	441683	7fb9995ce027916adf08076e6f0a82a9c37ca3a8d909dcd08c2c155fd67417a4	application/pdf	DOWNLOADED
CACS_FUNDEB	33	Atas de Reuniões	234	FUNDEB_10-_RO_28-11-19	https://serv42.limeira.sp.gov.br/netConselhos/listaDocumentos/?conselho=33	https://serv42.limeira.sp.gov.br/netConselhos/documento/?documento=234&desc=FUNDEB_10-_RO_28-11-19	https://serv42.limeira.sp.gov.br/netConselhos/documento/?documento=234&desc=FUNDEB_10-_RO_28-11-19	200	files/CACS_FUNDEB/Atas de Reuniões/234__FUNDEB 10ª RO 28-11-19.pdf	234__FUNDEB 10ª RO 28-11-19.pdf	247643	d06a45ffc2e7e121bf0dc69b50f51e14122b73acb01194f9f47ac4ad3d6c744d	application/pdf	DOWNLOADED
CACS_FUNDEB	33	Atas de Reuniões	312	FUNDEB_2020_1-_RO_28.01.2020	https://serv42.limeira.sp.gov.br/netConselhos/listaDocumentos/?conselho=33	https://serv42.limeira.sp.gov.br/netConselhos/documento/?documento=312&desc=FUNDEB_2020_1-_RO_28.01.2020	https://serv42.limeira.sp.gov.br/netConselhos/documento/?documento=312&desc=FUNDEB_2020_1-_RO_28.01.2020	200	files/CACS_FUNDEB/Atas de Reuniões/312__FUNDEB 2020 1ª RO 28.01.2020.pdf	312__FUNDEB 2020 1ª RO 28.01.2020.pdf	255491	e1343817c650e6d073e7a6fc6e0a7a7965dacee538d10981a9d3703cc306037a	application/pdf	DOWNLOADED
CACS_FUNDEB	33	Atas de Reuniões	335	FUNDEB_2020_2-_RO_04.03.2020	https://serv42.limeira.sp.gov.br/netConselhos/listaDocumentos/?conselho=33	https://serv42.limeira.sp.gov.br/netConselhos/documento/?documento=335&desc=FUNDEB_2020_2-_RO_04.03.2020	https://serv42.limeira.sp.gov.br/netConselhos/documento/?documento=335&desc=FUNDEB_2020_2-_RO_04.03.2020	200	files/CACS_FUNDEB/Atas de Reuniões/335__FUNDEB 2020 2ª RO 04.03.2020.pdf	335__FUNDEB 2020 2ª RO 04.03.2020.pdf	233850	e2bc2a133e67f48489cb8917a8717b3a12b236641ad4703111b1d8adc1256612	application/pdf	DOWNLOADED
CACS_FUNDEB	33	Atas de Reuniões	337	FUNDEB_2020_1-_RE_28.04.2020	https://serv42.limeira.sp.gov.br/netConselhos/listaDocumentos/?conselho=33	https://serv42.limeira.sp.gov.br/netConselhos/documento/?documento=337&desc=FUNDEB_2020_1-_RE_28.04.2020	https://serv42.limeira.sp.gov.br/netConselhos/documento/?documento=337&desc=FUNDEB_2020_1-_RE_28.04.2020	200	files/CACS_FUNDEB/Atas de Reuniões/337__FUNDEB 2020 1ª RE 28.04.2020.pdf	337__FUNDEB 2020 1ª RE 28.04.2020.pdf	295808	0139a3c247200e8088b12142063a20d6738e22f39252cf4006d5ec5bbff08b00	application/pdf	DOWNLOADED
CACS_FUNDEB	33	Atas de Reuniões	339	FUNDEB_2020_2-_RE_E_POSSE_BIENIO_2020-2021_-_02.07.2020	https://serv42.limeira.sp.gov.br/netConselhos/listaDocumentos/?conselho=33	https://serv42.limeira.sp.gov.br/netConselhos/documento/?documento=339&desc=FUNDEB_2020_2-_RE_E_POSSE_BIENIO_2020-2021_-_02.07.2020	https://serv42.limeira.sp.gov.br/netConselhos/documento/?documento=339&desc=FUNDEB_2020_2-_RE_E_POSSE_BIENIO_2020-2021_-_02.07.2020	200	files/CACS_FUNDEB/Atas de Reuniões/339__FUNDEB 2020 2ª RE E POSSE BIÊNIO 2020-2021 - 02.07.2020.pdf	339__FUNDEB 2020 2ª RE E POSSE BIÊNIO 2020-2021 - 02.07.2020.pdf	174714	fc751b50f5fb48b8bbfb7cc259a99d0249d29c377c47692ece8879d306f679d9	application/pdf	DOWNLOADED
CACS_FUNDEB	33	Atas de Reuniões	341	FUNDEB_2020_3-_RE_07.07.2020	https://serv42.limeira.sp.gov.br/netConselhos/listaDocumentos/?conselho=33	https://serv42.limeira.sp.gov.br/netConselhos/documento/?documento=341&desc=FUNDEB_2020_3-_RE_07.07.2020	https://serv42.limeira.sp.gov.br/netConselhos/documento/?documento=341&desc=FUNDEB_2020_3-_RE_07.07.2020	200	files/CACS_FUNDEB/Atas de Reuniões/341__FUNDEB 2020 3ª RE 07.07.2020.pdf	341__FUNDEB 2020 3ª RE 07.07.2020.pdf	318377	2f64f242aac8e3ed385466061c244be45dca0a5bd41996c75a99e4f49457a4be	application/pdf	DOWNLOADED
CACS_FUNDEB	33	Atas de Reuniões	402	FUNDEB_2020_4-_RE_29.07.20	https://serv42.limeira.sp.gov.br/netConselhos/listaDocumentos/?conselho=33	https://serv42.limeira.sp.gov.br/netConselhos/documento/?documento=402&desc=FUNDEB_2020_4-_RE_29.07.20	https://serv42.limeira.sp.gov.br/netConselhos/documento/?documento=402&desc=FUNDEB_2020_4-_RE_29.07.20	200	files/CACS_FUNDEB/Atas de Reuniões/402__FUNDEB 2020 4ª RE 29.07.20.pdf	402__FUNDEB 2020 4ª RE 29.07.20.pdf	221046	ee8d08a3d50230cf999dabc984cea5e991b0c272f1bba706bdc732499d377ce9	application/pdf	DOWNLOADED
CACS_FUNDEB	33	Atas de Reuniões	403	FUNDEB_2020_5-_RE_01.10.20	https://serv42.limeira.sp.gov.br/netConselhos/listaDocumentos/?conselho=33	https://serv42.limeira.sp.gov.br/netConselhos/documento/?documento=403&desc=FUNDEB_2020_5-_RE_01.10.20	https://serv42.limeira.sp.gov.br/netConselhos/documento/?documento=403&desc=FUNDEB_2020_5-_RE_01.10.20	200	files/CACS_FUNDEB/Atas de Reuniões/403__FUNDEB 2020 5ª RE 01.10.20.pdf	403__FUNDEB 2020 5ª RE 01.10.20.pdf	237961	66271585d22098d4b01fed50e6b64db4b6f8e763d8b98a8b853d77ec33b66513	application/pdf	DOWNLOADED
CACS_FUNDEB	33	Atas de Reuniões	433	FUNDEB_2020_6-_RE_29.10.2020	https://serv42.limeira.sp.gov.br/netConselhos/listaDocumentos/?conselho=33	https://serv42.limeira.sp.gov.br/netConselhos/documento/?documento=433&desc=FUNDEB_2020_6-_RE_29.10.2020	https://serv42.limeira.sp.gov.br/netConselhos/documento/?documento=433&desc=FUNDEB_2020_6-_RE_29.10.2020	200	files/CACS_FUNDEB/Atas de Reuniões/433__FUNDEB 2020 6ª RE 29.10.2020.pdf	433__FUNDEB 2020 6ª RE 29.10.2020.pdf	183511	f1209f60ea940c80c201fc26d5c714dc7184bddc937809d2d13146b93b871f9e	application/pdf	DOWNLOADED
CACS_FUNDEB	33	Atas de Reuniões	494	FUNDEB_2020_7-_RE_27-11-20	https://serv42.limeira.sp.gov.br/netConselhos/listaDocumentos/?conselho=33	https://serv42.limeira.sp.gov.br/netConselhos/documento/?documento=494&desc=FUNDEB_2020_7-_RE_27-11-20	https://serv42.limeira.sp.gov.br/netConselhos/documento/?documento=494&desc=FUNDEB_2020_7-_RE_27-11-20	200	files/CACS_FUNDEB/Atas de Reuniões/494__FUNDEB 2020 7ª RE 27-11-20.pdf	494__FUNDEB 2020 7ª RE 27-11-20.pdf	1973840	1d8960aa9bbe254fdbc8b0d464be35bfff495147f9792b9128a2e018ca50790c	application/pdf	DOWNLOADED
CACS_FUNDEB	33	Atas de Reuniões	495	FUNDEB_2020_8-_RE_21-12-20	https://serv42.limeira.sp.gov.br/netConselhos/listaDocumentos/?conselho=33	https://serv42.limeira.sp.gov.br/netConselhos/documento/?documento=495&desc=FUNDEB_2020_8-_RE_21-12-20	https://serv42.limeira.sp.gov.br/netConselhos/documento/?documento=495&desc=FUNDEB_2020_8-_RE_21-12-20	200	files/CACS_FUNDEB/Atas de Reuniões/495__FUNDEB 2020 8ª RE 21-12-20.pdf	495__FUNDEB 2020 8ª RE 21-12-20.pdf	1999631	4adea568214e8615d9fe9ce3e1e5b1e921c91ef55caea223fb8f406c084db615	application/pdf	DOWNLOADED
CACS_FUNDEB	33	Atas de Reuniões	501	FUNDEB_1-_RE_29-01-2021	https://serv42.limeira.sp.gov.br/netConselhos/listaDocumentos/?conselho=33	https://serv42.limeira.sp.gov.br/netConselhos/documento/?documento=501&desc=FUNDEB_1-_RE_29-01-2021	https://serv42.limeira.sp.gov.br/netConselhos/documento/?documento=501&desc=FUNDEB_1-_RE_29-01-2021	200	files/CACS_FUNDEB/Atas de Reuniões/501__FUNDEB 1ª RE 29-01-2021.pdf	501__FUNDEB 1ª RE 29-01-2021.pdf	2878910	13a90fdd45c2a793da211640efba5773322312652f67bc9055a893d86b3a1c18	application/pdf	DOWNLOADED
CACS_FUNDEB	33	Atas de Reuniões	502	FUNDEB_2-_RE_17-02-2021	https://serv42.limeira.sp.gov.br/netConselhos/listaDocumentos/?conselho=33	https://serv42.limeira.sp.gov.br/netConselhos/documento/?documento=502&desc=FUNDEB_2-_RE_17-02-2021	https://serv42.limeira.sp.gov.br/netConselhos/documento/?documento=502&desc=FUNDEB_2-_RE_17-02-2021	200	files/CACS_FUNDEB/Atas de Reuniões/502__FUNDEB 2ª RE 17-02-2021.pdf	502__FUNDEB 2ª RE 17-02-2021.pdf	1415874	045f4d4156ad7fb3d33615868477b606eb2a1449eacfef02acb82b704c2ea75d	application/pdf	DOWNLOADED
CACS_FUNDEB	33	Atas de Reuniões	514	FUNDEB_1-_RO_26-02-2021	https://serv42.limeira.sp.gov.br/netConselhos/listaDocumentos/?conselho=33	https://serv42.limeira.sp.gov.br/netConselhos/documento/?documento=514&desc=FUNDEB_1-_RO_26-02-2021	https://serv42.limeira.sp.gov.br/netConselhos/documento/?documento=514&desc=FUNDEB_1-_RO_26-02-2021	200	files/CACS_FUNDEB/Atas de Reuniões/514__FUNDEB 1ª RO 26-02-2021.pdf	514__FUNDEB 1ª RO 26-02-2021.pdf	291827	fe6ef8fe0c22ce3278738af2e838b42cbdb5cfb973b37c758261ecacbb74a086	application/pdf	DOWNLOADED
CACS_FUNDEB	33	Atas de Reuniões	515	FUNDEB_3-_RE_06-04-2021	https://serv42.limeira.sp.gov.br/netConselhos/listaDocumentos/?conselho=33	https://serv42.limeira.sp.gov.br/netConselhos/documento/?documento=515&desc=FUNDEB_3-_RE_06-04-2021	https://serv42.limeira.sp.gov.br/netConselhos/documento/?documento=515&desc=FUNDEB_3-_RE_06-04-2021	200	files/CACS_FUNDEB/Atas de Reuniões/515__FUNDEB 3ª RE 06-04-2021.pdf	515__FUNDEB 3ª RE 06-04-2021.pdf	161759	1683715ca83270adfa4663b4fdda9d465c2edd2321b0a04a4217516f7795ffb7	application/pdf	DOWNLOADED
CACS_FUNDEB	33	Atas de Reuniões	522	FUNDEB_2-_RO_29-04-2021	https://serv42.limeira.sp.gov.br/netConselhos/listaDocumentos/?conselho=33	https://serv42.limeira.sp.gov.br/netConselhos/documento/?documento=522&desc=FUNDEB_2-_RO_29-04-2021	https://serv42.limeira.sp.gov.br/netConselhos/documento/?documento=522&desc=FUNDEB_2-_RO_29-04-2021	200	files/CACS_FUNDEB/Atas de Reuniões/522__FUNDEB 2ª RO 29-04-2021.pdf	522__FUNDEB 2ª RO 29-04-2021.pdf	2097524	18c66db96c5dac135daecdac752bb13dff030b4e844c740b1767bd33c4996484	application/pdf	DOWNLOADED
CACS_FUNDEB	33	Atas de Reuniões	523	FUNDEB_-_Ata_de_Posse_-_Bienio_2021-2022_-_19-05-2021	https://serv42.limeira.sp.gov.br/netConselhos/listaDocumentos/?conselho=33	https://serv42.limeira.sp.gov.br/netConselhos/documento/?documento=523&desc=FUNDEB_-_Ata_de_Posse_-_Bienio_2021-2022_-_19-05-2021	https://serv42.limeira.sp.gov.br/netConselhos/documento/?documento=523&desc=FUNDEB_-_Ata_de_Posse_-_Bienio_2021-2022_-_19-05-2021	200	files/CACS_FUNDEB/Atas de Reuniões/523__FUNDEB - Ata de Posse - Biênio 2021-2022 - 19-05-2021.pdf	523__FUNDEB - Ata de Posse - Biênio 2021-2022 - 19-05-2021.pdf	135071	89ae3b39f7b1a2254c08611ab09b03ef569737434faeb2e3428d3047fab67af8	application/pdf	DOWNLOADED
CACS_FUNDEB	33	Atas de Reuniões	583	FUNDEB_3-_RO_28-05-2021	https://serv42.limeira.sp.gov.br/netConselhos/listaDocumentos/?conselho=33	https://serv42.limeira.sp.gov.br/netConselhos/documento/?documento=583&desc=FUNDEB_3-_RO_28-05-2021	https://serv42.limeira.sp.gov.br/netConselhos/documento/?documento=583&desc=FUNDEB_3-_RO_28-05-2021	200	files/CACS_FUNDEB/Atas de Reuniões/583__FUNDEB 3ª RO 28-05-2021.pdf	583__FUNDEB 3ª RO 28-05-2021.pdf	360145	d89c98e9535cd7fdc95d1e440407dfd45ca56c654e3211ea60a3175b28266096	application/pdf	DOWNLOADED
CACS_FUNDEB	33	Atas de Reuniões	584	FUNDEB_4-_RE_15-06-2021	https://serv42.limeira.sp.gov.br/netConselhos/listaDocumentos/?conselho=33	https://serv42.limeira.sp.gov.br/netConselhos/documento/?documento=584&desc=FUNDEB_4-_RE_15-06-2021	https://serv42.limeira.sp.gov.br/netConselhos/documento/?documento=584&desc=FUNDEB_4-_RE_15-06-2021	200	files/CACS_FUNDEB/Atas de Reuniões/584__FUNDEB 4ª RE 15-06-2021.pdf	584__FUNDEB 4ª RE 15-06-2021.pdf	314240	f03467ed04a966e43b9c9cc5a2e787b7036349795768d363b33531aedb1145a7	application/pdf	DOWNLOADED
CACS_FUNDEB	33	Atas de Reuniões	585	FUNDEB_4-_RO_29-06-2021	https://serv42.limeira.sp.gov.br/netConselhos/listaDocumentos/?conselho=33	https://serv42.limeira.sp.gov.br/netConselhos/documento/?documento=585&desc=FUNDEB_4-_RO_29-06-2021	https://serv42.limeira.sp.gov.br/netConselhos/documento/?documento=585&desc=FUNDEB_4-_RO_29-06-2021	200	files/CACS_FUNDEB/Atas de Reuniões/585__FUNDEB 4ª RO 29-06-2021.pdf	585__FUNDEB 4ª RO 29-06-2021.pdf	365793	654dcd6712f2555908b77a9bb8d468560ccd167cbedc331de608b290280241aa	application/pdf	DOWNLOADED
CACS_FUNDEB	33	Atas de Reuniões	589	FUNDEB_5-_RO_30-07-2021	https://serv42.limeira.sp.gov.br/netConselhos/listaDocumentos/?conselho=33	https://serv42.limeira.sp.gov.br/netConselhos/documento/?documento=589&desc=FUNDEB_5-_RO_30-07-2021	https://serv42.limeira.sp.gov.br/netConselhos/documento/?documento=589&desc=FUNDEB_5-_RO_30-07-2021	200	files/CACS_FUNDEB/Atas de Reuniões/589__FUNDEB 5ª RO 30-07-2021.pdf	589__FUNDEB 5ª RO 30-07-2021.pdf	568506	a118320db76cf10186c2e96ed10ac4aa5343dc5ef16f577aab50ff643172aab8	application/pdf	DOWNLOADED
CACS_FUNDEB	33	Atas de Reuniões	809	FUNDEB_6-_RO_27-08-2021	https://serv42.limeira.sp.gov.br/netConselhos/listaDocumentos/?conselho=33	https://serv42.limeira.sp.gov.br/netConselhos/documento/?documento=809&desc=FUNDEB_6-_RO_27-08-2021	https://serv42.limeira.sp.gov.br/netConselhos/documento/?documento=809&desc=FUNDEB_6-_RO_27-08-2021	200	files/CACS_FUNDEB/Atas de Reuniões/809__FUNDEB 6ª RO 27-08-2021.pdf	809__FUNDEB 6ª RO 27-08-2021.pdf	3404035	b555241ad82dc082975451afb8c03cf248588b59f175411522f7b37f6ab43d81	application/pdf	DOWNLOADED
CACS_FUNDEB	33	Atas de Reuniões	853	FUNDEB_7-_RO_29-09-2021	https://serv42.limeira.sp.gov.br/netConselhos/listaDocumentos/?conselho=33	https://serv42.limeira.sp.gov.br/netConselhos/documento/?documento=853&desc=FUNDEB_7-_RO_29-09-2021	https://serv42.limeira.sp.gov.br/netConselhos/documento/?documento=853&desc=FUNDEB_7-_RO_29-09-2021	200	files/CACS_FUNDEB/Atas de Reuniões/853__FUNDEB 7ª RO 29-09-2021.pdf	853__FUNDEB 7ª RO 29-09-2021.pdf	562284	8c8da7a92a4bb16580d8fac3a82d7f896ad429258d56d504d61facef7a0b7d8c	application/pdf	DOWNLOADED
CACS_FUNDEB	33	Atas de Reuniões	854	FUNDEB_8-_RO_29-10-2021	https://serv42.limeira.sp.gov.br/netConselhos/listaDocumentos/?conselho=33	https://serv42.limeira.sp.gov.br/netConselhos/documento/?documento=854&desc=FUNDEB_8-_RO_29-10-2021	https://serv42.limeira.sp.gov.br/netConselhos/documento/?documento=854&desc=FUNDEB_8-_RO_29-10-2021	200	files/CACS_FUNDEB/Atas de Reuniões/854__FUNDEB 8ª RO 29-10-2021.pdf	854__FUNDEB 8ª RO 29-10-2021.pdf	534717	5b94fb5e2c8db4104c2924000056c3895ed952aaf1a85bcb9fcb1b0ceb029d6a	application/pdf	DOWNLOADED
CACS_FUNDEB	33	Atas de Reuniões	906	FUNDEB_9-_RO_30.11.2021	https://serv42.limeira.sp.gov.br/netConselhos/listaDocumentos/?conselho=33	https://serv42.limeira.sp.gov.br/netConselhos/documento/?documento=906&desc=FUNDEB_9-_RO_30.11.2021	https://serv42.limeira.sp.gov.br/netConselhos/documento/?documento=906&desc=FUNDEB_9-_RO_30.11.2021	200	files/CACS_FUNDEB/Atas de Reuniões/906__FUNDEB 9ª RO 30.11.2021.pdf	906__FUNDEB 9ª RO 30.11.2021.pdf	662985	816197e0e285a744ba68f69bcfbe53654863a19473b9c7e46c07cd63b0364832	application/pdf	DOWNLOADED
CACS_FUNDEB	33	Atas de Reuniões	907	FUNDEB_10-_RO_09.12.2021	https://serv42.limeira.sp.gov.br/netConselhos/listaDocumentos/?conselho=33	https://serv42.limeira.sp.gov.br/netConselhos/documento/?documento=907&desc=FUNDEB_10-_RO_09.12.2021	https://serv42.limeira.sp.gov.br/netConselhos/documento/?documento=907&desc=FUNDEB_10-_RO_09.12.2021	200	files/CACS_FUNDEB/Atas de Reuniões/907__FUNDEB 10ª RO 09.12.2021.pdf	907__FUNDEB 10ª RO 09.12.2021.pdf	998285	21a2b28741c29283cb44b0cc84aa610278a9a3a7b0ed62c24064ab22774ae0f1	application/pdf	DOWNLOADED
CACS_FUNDEB	33	Atas de Reuniões	1070	Fundeb_1-_RO_28.01.2022	https://serv42.limeira.sp.gov.br/netConselhos/listaDocumentos/?conselho=33	https://serv42.limeira.sp.gov.br/netConselhos/documento/?documento=1070&desc=Fundeb_1-_RO_28.01.2022	https://serv42.limeira.sp.gov.br/netConselhos/documento/?documento=1070&desc=Fundeb_1-_RO_28.01.2022	200	files/CACS_FUNDEB/Atas de Reuniões/1070__Fundeb 1ª RO 28.01.2022.pdf	1070__Fundeb 1ª RO 28.01.2022.pdf	473211	e31b5c95ff370103f2f68299b34f37ff368d6ed06e33cd0267948035d22b3761	application/pdf	DOWNLOADED
CACS_FUNDEB	33	Atas de Reuniões	1071	Fundeb_2-_RO_25.02.2022	https://serv42.limeira.sp.gov.br/netConselhos/listaDocumentos/?conselho=33	https://serv42.limeira.sp.gov.br/netConselhos/documento/?documento=1071&desc=Fundeb_2-_RO_25.02.2022	https://serv42.limeira.sp.gov.br/netConselhos/documento/?documento=1071&desc=Fundeb_2-_RO_25.02.2022	200	files/CACS_FUNDEB/Atas de Reuniões/1071__Fundeb 2ª RO 25.02.2022.pdf	1071__Fundeb 2ª RO 25.02.2022.pdf	693003	4e07d18f235a4bb479e37f401f83c6c49c6aa2afc0b923e4d87d2a0e2d0ce945	application/pdf	DOWNLOADED
CACS_FUNDEB	33	Atas de Reuniões	1072	Fundeb_3-_RO_31.03.2022	https://serv42.limeira.sp.gov.br/netConselhos/listaDocumentos/?conselho=33	https://serv42.limeira.sp.gov.br/netConselhos/documento/?documento=1072&desc=Fundeb_3-_RO_31.03.2022	https://serv42.limeira.sp.gov.br/netConselhos/documento/?documento=1072&desc=Fundeb_3-_RO_31.03.2022	200	files/CACS_FUNDEB/Atas de Reuniões/1072__Fundeb 3ª RO 31.03.2022.pdf	1072__Fundeb 3ª RO 31.03.2022.pdf	638567	4f8d165479963dfefbeaf3473a219503a6d5aa7e8b928d7afacdb79da7558d84	application/pdf	DOWNLOADED
CACS_FUNDEB	33	Atas de Reuniões	1073	Fundeb_4-_RO_29.04.2022	https://serv42.limeira.sp.gov.br/netConselhos/listaDocumentos/?conselho=33	https://serv42.limeira.sp.gov.br/netConselhos/documento/?documento=1073&desc=Fundeb_4-_RO_29.04.2022	https://serv42.limeira.sp.gov.br/netConselhos/documento/?documento=1073&desc=Fundeb_4-_RO_29.04.2022	200	files/CACS_FUNDEB/Atas de Reuniões/1073__Fundeb 4ª RO 29.04.2022.pdf	1073__Fundeb 4ª RO 29.04.2022.pdf	733546	33295f15f6175d652a0c79676ac5b7772478ec8d8cc8698b2b7c84cbb23a2f34	application/pdf	DOWNLOADED
CACS_FUNDEB	33	Atas de Reuniões	1074	Fundeb_1-_RE_11.05.2022	https://serv42.limeira.sp.gov.br/netConselhos/listaDocumentos/?conselho=33	https://serv42.limeira.sp.gov.br/netConselhos/documento/?documento=1074&desc=Fundeb_1-_RE_11.05.2022	https://serv42.limeira.sp.gov.br/netConselhos/documento/?documento=1074&desc=Fundeb_1-_RE_11.05.2022	200	files/CACS_FUNDEB/Atas de Reuniões/1074__Fundeb 1ª RE 11.05.2022.pdf	1074__Fundeb 1ª RE 11.05.2022.pdf	356649	90023302cd5d638d7ceb7e6e078d7042568add6b1cfc5459be3ac39b3e7d0d7c	application/pdf	DOWNLOADED
CACS_FUNDEB	33	Atas de Reuniões	1075	Fundeb_5-_RO_31.05.2022	https://serv42.limeira.sp.gov.br/netConselhos/listaDocumentos/?conselho=33	https://serv42.limeira.sp.gov.br/netConselhos/documento/?documento=1075&desc=Fundeb_5-_RO_31.05.2022	https://serv42.limeira.sp.gov.br/netConselhos/documento/?documento=1075&desc=Fundeb_5-_RO_31.05.2022	200	files/CACS_FUNDEB/Atas de Reuniões/1075__Fundeb 5ª RO 31.05.2022.pdf	1075__Fundeb 5ª RO 31.05.2022.pdf	455136	169ac04308b9dda654481812c548cd8e53a18e93c66f1ebec6b8156cd8a9f7dc	application/pdf	DOWNLOADED
CACS_FUNDEB	33	Atas de Reuniões	1165	FUNDEB_6-_RO_29-06-2022	https://serv42.limeira.sp.gov.br/netConselhos/listaDocumentos/?conselho=33	https://serv42.limeira.sp.gov.br/netConselhos/documento/?documento=1165&desc=FUNDEB_6-_RO_29-06-2022	https://serv42.limeira.sp.gov.br/netConselhos/documento/?documento=1165&desc=FUNDEB_6-_RO_29-06-2022	200	files/CACS_FUNDEB/Atas de Reuniões/1165__FUNDEB 6ª RO 29-06-2022.pdf	1165__FUNDEB 6ª RO 29-06-2022.pdf	1041459	8038abb0a2e0231df210356ec0efc5ef59efe838d2c9817646f04986655137eb	application/pdf	DOWNLOADED
CACS_FUNDEB	33	Atas de Reuniões	1166	FUNDEB_7-_RO_29-07-2022	https://serv42.limeira.sp.gov.br/netConselhos/listaDocumentos/?conselho=33	https://serv42.limeira.sp.gov.br/netConselhos/documento/?documento=1166&desc=FUNDEB_7-_RO_29-07-2022	https://serv42.limeira.sp.gov.br/netConselhos/documento/?documento=1166&desc=FUNDEB_7-_RO_29-07-2022	200	files/CACS_FUNDEB/Atas de Reuniões/1166__FUNDEB 7ª RO 29-07-2022.pdf	1166__FUNDEB 7ª RO 29-07-2022.pdf	958815	f451fcc090cbb5bf3821e7cf22717ba77f39e4998ec9b916f29a400deaae496d	application/pdf	DOWNLOADED
CACS_FUNDEB	33	Atas de Reuniões	1167	FUNDEB_8-_RO_30-08-2022	https://serv42.limeira.sp.gov.br/netConselhos/listaDocumentos/?conselho=33	https://serv42.limeira.sp.gov.br/netConselhos/documento/?documento=1167&desc=FUNDEB_8-_RO_30-08-2022	https://serv42.limeira.sp.gov.br/netConselhos/documento/?documento=1167&desc=FUNDEB_8-_RO_30-08-2022	200	files/CACS_FUNDEB/Atas de Reuniões/1167__FUNDEB 8ª RO 30-08-2022.pdf	1167__FUNDEB 8ª RO 30-08-2022.pdf	617453	ac1b0a002fdea27d59241fc3cfccee2e5c285f905e46005e0dba974e13f7d9d8	application/pdf	DOWNLOADED
CACS_FUNDEB	33	Atas de Reuniões	1168	FUNDEB_2-_RE_09-09-2022	https://serv42.limeira.sp.gov.br/netConselhos/listaDocumentos/?conselho=33	https://serv42.limeira.sp.gov.br/netConselhos/documento/?documento=1168&desc=FUNDEB_2-_RE_09-09-2022	https://serv42.limeira.sp.gov.br/netConselhos/documento/?documento=1168&desc=FUNDEB_2-_RE_09-09-2022	200	files/CACS_FUNDEB/Atas de Reuniões/1168__FUNDEB 2ª RE 09-09-2022.pdf	1168__FUNDEB 2ª RE 09-09-2022.pdf	800386	89baf205eb0af2c0c828ab35d88f6cc55b1195822cc5fd92723f5a785b15993c	application/pdf	DOWNLOADED
CACS_FUNDEB	33	Atas de Reuniões	1169	FUNDEB_9-_RO_30-09-2022	https://serv42.limeira.sp.gov.br/netConselhos/listaDocumentos/?conselho=33	https://serv42.limeira.sp.gov.br/netConselhos/documento/?documento=1169&desc=FUNDEB_9-_RO_30-09-2022	https://serv42.limeira.sp.gov.br/netConselhos/documento/?documento=1169&desc=FUNDEB_9-_RO_30-09-2022	200	files/CACS_FUNDEB/Atas de Reuniões/1169__FUNDEB 9ª RO 30-09-2022.pdf	1169__FUNDEB 9ª RO 30-09-2022.pdf	754133	58e65869e057aa00842366a7079f8d944fb4ad32757768457d9bd54ac237c3b7	application/pdf	DOWNLOADED
CACS_FUNDEB	33	Atas de Reuniões	1170	FUNDEB_10-_RO_31-10-2022	https://serv42.limeira.sp.gov.br/netConselhos/listaDocumentos/?conselho=33	https://serv42.limeira.sp.gov.br/netConselhos/documento/?documento=1170&desc=FUNDEB_10-_RO_31-10-2022	https://serv42.limeira.sp.gov.br/netConselhos/documento/?documento=1170&desc=FUNDEB_10-_RO_31-10-2022	200	files/CACS_FUNDEB/Atas de Reuniões/1170__FUNDEB 10ª RO 31-10-2022.pdf	1170__FUNDEB 10ª RO 31-10-2022.pdf	746570	b39775cb9b6e22c6148b68952f009e7e1037133cd801e20b8ac776667c9cf071	application/pdf	DOWNLOADED
CACS_FUNDEB	33	Atas de Reuniões	1171	FUNDEB_11-_RO_29-11-2022	https://serv42.limeira.sp.gov.br/netConselhos/listaDocumentos/?conselho=33	https://serv42.limeira.sp.gov.br/netConselhos/documento/?documento=1171&desc=FUNDEB_11-_RO_29-11-2022	https://serv42.limeira.sp.gov.br/netConselhos/documento/?documento=1171&desc=FUNDEB_11-_RO_29-11-2022	200	files/CACS_FUNDEB/Atas de Reuniões/1171__FUNDEB 11ª RO 29-11-2022.pdf	1171__FUNDEB 11ª RO 29-11-2022.pdf	878948	f6b7ff804ee442890472956ca081a6c6e208ae42c2ebfe9a0664b914db86fd23	application/pdf	DOWNLOADED
CACS_FUNDEB	33	Atas de Reuniões	1172	FUNDEB_12-_RO_12-12-2022	https://serv42.limeira.sp.gov.br/netConselhos/listaDocumentos/?conselho=33	https://serv42.limeira.sp.gov.br/netConselhos/documento/?documento=1172&desc=FUNDEB_12-_RO_12-12-2022	https://serv42.limeira.sp.gov.br/netConselhos/documento/?documento=1172&desc=FUNDEB_12-_RO_12-12-2022	200	files/CACS_FUNDEB/Atas de Reuniões/1172__FUNDEB 12ª RO 12-12-2022.pdf	1172__FUNDEB 12ª RO 12-12-2022.pdf	728199	3d63eb485ed6fcb7f47cb3f699311f4a664509c415719237064ef13ad846e389	application/pdf	DOWNLOADED
CACS_FUNDEB	33	Atas de Reuniões	1187	Reuniao_de_Posse_24-01-2023	https://serv42.limeira.sp.gov.br/netConselhos/listaDocumentos/?conselho=33	https://serv42.limeira.sp.gov.br/netConselhos/documento/?documento=1187&desc=Reuniao_de_Posse_24-01-2023	https://serv42.limeira.sp.gov.br/netConselhos/documento/?documento=1187&desc=Reuniao_de_Posse_24-01-2023	200	files/CACS_FUNDEB/Atas de Reuniões/1187__Reunião de Posse 24-01-2023.pdf	1187__Reunião de Posse 24-01-2023.pdf	449682	af9b2e0eeba357b9e34c4850f3b4bcc43c69c649ec91aaba7d43abd860231827	application/pdf	DOWNLOADED
CACS_FUNDEB	33	Atas de Reuniões	1188	FUNDEB_1-_RO_31-01-2023	https://serv42.limeira.sp.gov.br/netConselhos/listaDocumentos/?conselho=33	https://serv42.limeira.sp.gov.br/netConselhos/documento/?documento=1188&desc=FUNDEB_1-_RO_31-01-2023	https://serv42.limeira.sp.gov.br/netConselhos/documento/?documento=1188&desc=FUNDEB_1-_RO_31-01-2023	200	files/CACS_FUNDEB/Atas de Reuniões/1188__FUNDEB 1ª RO 31-01-2023.pdf	1188__FUNDEB 1ª RO 31-01-2023.pdf	360789	c7f1eed1482aac9d09e2cfefc7e7c9d4856048ac771f6d12c647259746d8c10f	application/pdf	DOWNLOADED
CACS_FUNDEB	33	Atas de Reuniões	1304	FUNDEB_2a_RO_28-02-2023	https://serv42.limeira.sp.gov.br/netConselhos/listaDocumentos/?conselho=33	https://serv42.limeira.sp.gov.br/netConselhos/documento/?documento=1304&desc=FUNDEB_2a_RO_28-02-2023	https://serv42.limeira.sp.gov.br/netConselhos/documento/?documento=1304&desc=FUNDEB_2a_RO_28-02-2023	200	files/CACS_FUNDEB/Atas de Reuniões/1304__FUNDEB 2a RO 28-02-2023.pdf	1304__FUNDEB 2a RO 28-02-2023.pdf	516351	e836d164af8214e7ae5ef55928e5194e8fc0a1c93c6b0a5b2b587ab45cf22534	application/pdf	DOWNLOADED
CACS_FUNDEB	33	Atas de Reuniões	1305	FUNDEB_3a_RO_31-03-2023	https://serv42.limeira.sp.gov.br/netConselhos/listaDocumentos/?conselho=33	https://serv42.limeira.sp.gov.br/netConselhos/documento/?documento=1305&desc=FUNDEB_3a_RO_31-03-2023	https://serv42.limeira.sp.gov.br/netConselhos/documento/?documento=1305&desc=FUNDEB_3a_RO_31-03-2023	200	files/CACS_FUNDEB/Atas de Reuniões/1305__FUNDEB 3a RO 31-03-2023.pdf	1305__FUNDEB 3a RO 31-03-2023.pdf	542586	629e065672a5162401b7f392c3134c210707d11ad035b3e930e5db4f97ccd8b3	application/pdf	DOWNLOADED
CACS_FUNDEB	33	Atas de Reuniões	1306	FUNDEB_4a_RO_28-04-2023	https://serv42.limeira.sp.gov.br/netConselhos/listaDocumentos/?conselho=33	https://serv42.limeira.sp.gov.br/netConselhos/documento/?documento=1306&desc=FUNDEB_4a_RO_28-04-2023	https://serv42.limeira.sp.gov.br/netConselhos/documento/?documento=1306&desc=FUNDEB_4a_RO_28-04-2023	200	files/CACS_FUNDEB/Atas de Reuniões/1306__FUNDEB 4a RO 28-04-2023.pdf	1306__FUNDEB 4a RO 28-04-2023.pdf	613128	530f21241e3432502b571b704db3d848c4cbf3c64ab096f0ce5220fe2bccf6ae	application/pdf	DOWNLOADED
CACS_FUNDEB	33	Atas de Reuniões	1307	FUNDEB_5a_RO_31-05-2023	https://serv42.limeira.sp.gov.br/netConselhos/listaDocumentos/?conselho=33	https://serv42.limeira.sp.gov.br/netConselhos/documento/?documento=1307&desc=FUNDEB_5a_RO_31-05-2023	https://serv42.limeira.sp.gov.br/netConselhos/documento/?documento=1307&desc=FUNDEB_5a_RO_31-05-2023	200	files/CACS_FUNDEB/Atas de Reuniões/1307__FUNDEB 5a RO 31-05-2023.pdf	1307__FUNDEB 5a RO 31-05-2023.pdf	532703	aef4e18afd851e8355ae7ae02517a25e4ef896f219ae22d71ec69a71f0bbef47	application/pdf	DOWNLOADED
CACS_FUNDEB	33	Atas de Reuniões	1332	FUNDEB_6-_RO_29-06-2023	https://serv42.limeira.sp.gov.br/netConselhos/listaDocumentos/?conselho=33	https://serv42.limeira.sp.gov.br/netConselhos/documento/?documento=1332&desc=FUNDEB_6-_RO_29-06-2023	https://serv42.limeira.sp.gov.br/netConselhos/documento/?documento=1332&desc=FUNDEB_6-_RO_29-06-2023	200	files/CACS_FUNDEB/Atas de Reuniões/1332__FUNDEB 6ª RO 29-06-2023.pdf	1332__FUNDEB 6ª RO 29-06-2023.pdf	411705	068bcc68bbdfd5087321ea11aa40fb6864efa83a5c63ebf4f5e6c55de376d6c8	application/pdf	DOWNLOADED
CACS_FUNDEB	33	Atas de Reuniões	1336	FUNDEB_7-_RO_-_31-07-2023	https://serv42.limeira.sp.gov.br/netConselhos/listaDocumentos/?conselho=33	https://serv42.limeira.sp.gov.br/netConselhos/documento/?documento=1336&desc=FUNDEB_7-_RO_-_31-07-2023	https://serv42.limeira.sp.gov.br/netConselhos/documento/?documento=1336&desc=FUNDEB_7-_RO_-_31-07-2023	200	files/CACS_FUNDEB/Atas de Reuniões/1336__FUNDEB 7ª RO - 31-07-2023.pdf	1336__FUNDEB 7ª RO - 31-07-2023.pdf	3511649	088f52babaa5805292aa3fd17bf0f8ee757483ab45a2e3f9621efb83f77a213f	application/pdf	DOWNLOADED
CACS_FUNDEB	33	Atas de Reuniões	1383	FUNDEB_8-_RO_-_31-08-2023	https://serv42.limeira.sp.gov.br/netConselhos/listaDocumentos/?conselho=33	https://serv42.limeira.sp.gov.br/netConselhos/documento/?documento=1383&desc=FUNDEB_8-_RO_-_31-08-2023	https://serv42.limeira.sp.gov.br/netConselhos/documento/?documento=1383&desc=FUNDEB_8-_RO_-_31-08-2023	200	files/CACS_FUNDEB/Atas de Reuniões/1383__FUNDEB 8ª RO - 31-08-2023.pdf	1383__FUNDEB 8ª RO - 31-08-2023.pdf	617445	ed7cff59a7854d84077a15c71b412112b9e4be15890a145a418951c583d6e6db	application/pdf	DOWNLOADED
CACS_FUNDEB	33	Atas de Reuniões	1421	FUNDEB_9-_RO_31-10-2023	https://serv42.limeira.sp.gov.br/netConselhos/listaDocumentos/?conselho=33	https://serv42.limeira.sp.gov.br/netConselhos/documento/?documento=1421&desc=FUNDEB_9-_RO_31-10-2023	https://serv42.limeira.sp.gov.br/netConselhos/documento/?documento=1421&desc=FUNDEB_9-_RO_31-10-2023	200	files/CACS_FUNDEB/Atas de Reuniões/1421__FUNDEB 9ª RO 31-10-2023.pdf	1421__FUNDEB 9ª RO 31-10-2023.pdf	575819	9786ba3e2d5a21eb52565027561ba181321e596acb410f43eb360c82c84465f0	application/pdf	DOWNLOADED
CACS_FUNDEB	33	Atas de Reuniões	1422	FUNDEB_10-_RO_30-10-2023	https://serv42.limeira.sp.gov.br/netConselhos/listaDocumentos/?conselho=33	https://serv42.limeira.sp.gov.br/netConselhos/documento/?documento=1422&desc=FUNDEB_10-_RO_30-10-2023	https://serv42.limeira.sp.gov.br/netConselhos/documento/?documento=1422&desc=FUNDEB_10-_RO_30-10-2023	200	files/CACS_FUNDEB/Atas de Reuniões/1422__FUNDEB 10ª RO 30-10-2023.pdf	1422__FUNDEB 10ª RO 30-10-2023.pdf	714539	723dfb1141094e83333757a6eb047b846cdbb351470d8c18912319e0347e6c69	application/pdf	DOWNLOADED
CACS_FUNDEB	33	Atas de Reuniões	1448	FUNDEB_11-_RO_30-11-2023	https://serv42.limeira.sp.gov.br/netConselhos/listaDocumentos/?conselho=33	https://serv42.limeira.sp.gov.br/netConselhos/documento/?documento=1448&desc=FUNDEB_11-_RO_30-11-2023	https://serv42.limeira.sp.gov.br/netConselhos/documento/?documento=1448&desc=FUNDEB_11-_RO_30-11-2023	200	files/CACS_FUNDEB/Atas de Reuniões/1448__FUNDEB 11ª RO 30-11-2023.pdf	1448__FUNDEB 11ª RO 30-11-2023.pdf	498922	f301545d32edcdacb42bd775b9086131fe55bba9b970d1b0706cd2551d9a1ad3	application/pdf	DOWNLOADED
CACS_FUNDEB	33	Atas de Reuniões	1514	FUNDEB_1-_RO_30-01-2024	https://serv42.limeira.sp.gov.br/netConselhos/listaDocumentos/?conselho=33	https://serv42.limeira.sp.gov.br/netConselhos/documento/?documento=1514&desc=FUNDEB_1-_RO_30-01-2024	https://serv42.limeira.sp.gov.br/netConselhos/documento/?documento=1514&desc=FUNDEB_1-_RO_30-01-2024	200	files/CACS_FUNDEB/Atas de Reuniões/1514__FUNDEB 1ª RO 30-01-2024.pdf	1514__FUNDEB 1ª RO 30-01-2024.pdf	486063	dfd1346f9d76119f7ae589763b7d8a7e77fcf2caa77b8f9c88cd31c4ea187f22	application/pdf	DOWNLOADED
CACS_FUNDEB	33	Atas de Reuniões	1515	FUNDEB_2-_RO_05-04-2024	https://serv42.limeira.sp.gov.br/netConselhos/listaDocumentos/?conselho=33	https://serv42.limeira.sp.gov.br/netConselhos/documento/?documento=1515&desc=FUNDEB_2-_RO_05-04-2024	https://serv42.limeira.sp.gov.br/netConselhos/documento/?documento=1515&desc=FUNDEB_2-_RO_05-04-2024	200	files/CACS_FUNDEB/Atas de Reuniões/1515__FUNDEB 2ª RO 05-04-2024.pdf	1515__FUNDEB 2ª RO 05-04-2024.pdf	501312	982962a7a6771088aa61eb5c402b881a9c133c116f9a9342f88dfce7f5ba39b2	application/pdf	DOWNLOADED
CACS_FUNDEB	33	Atas de Reuniões	1516	FUNDEB_3-_RO_30-04-2024	https://serv42.limeira.sp.gov.br/netConselhos/listaDocumentos/?conselho=33	https://serv42.limeira.sp.gov.br/netConselhos/documento/?documento=1516&desc=FUNDEB_3-_RO_30-04-2024	https://serv42.limeira.sp.gov.br/netConselhos/documento/?documento=1516&desc=FUNDEB_3-_RO_30-04-2024	200	files/CACS_FUNDEB/Atas de Reuniões/1516__FUNDEB 3ª RO 30-04-2024.pdf	1516__FUNDEB 3ª RO 30-04-2024.pdf	488080	1a0fb0272a1851794707d086335a0e3692fd0255622dda8cd2beae6306109704	application/pdf	DOWNLOADED
CACS_FUNDEB	33	Atas de Reuniões	1586	FUNDEB_4-_RO_29-05-2024	https://serv42.limeira.sp.gov.br/netConselhos/listaDocumentos/?conselho=33	https://serv42.limeira.sp.gov.br/netConselhos/documento/?documento=1586&desc=FUNDEB_4-_RO_29-05-2024	https://serv42.limeira.sp.gov.br/netConselhos/documento/?documento=1586&desc=FUNDEB_4-_RO_29-05-2024	200	files/CACS_FUNDEB/Atas de Reuniões/1586__FUNDEB 4ª RO 29-05-2024.pdf	1586__FUNDEB 4ª RO 29-05-2024.pdf	492831	193a31ac148ba904e1f385cf6bac5950854c76bc0b8dcc579106c0dcfe5fe29a	application/pdf	DOWNLOADED
CACS_FUNDEB	33	Atas de Reuniões	1605	FUNDEB_5-_RO_28-06-2024	https://serv42.limeira.sp.gov.br/netConselhos/listaDocumentos/?conselho=33	https://serv42.limeira.sp.gov.br/netConselhos/documento/?documento=1605&desc=FUNDEB_5-_RO_28-06-2024	https://serv42.limeira.sp.gov.br/netConselhos/documento/?documento=1605&desc=FUNDEB_5-_RO_28-06-2024	200	files/CACS_FUNDEB/Atas de Reuniões/1605__FUNDEB 5ª RO 28-06-2024.pdf	1605__FUNDEB 5ª RO 28-06-2024.pdf	608261	c616fc13713540e3f29aca65d6c6c3187c8678498e219740ee5897d4ffcd1628	application/pdf	DOWNLOADED
CACS_FUNDEB	33	Atas de Reuniões	1612	FUNDEB_1-_RE_10-07-2024	https://serv42.limeira.sp.gov.br/netConselhos/listaDocumentos/?conselho=33	https://serv42.limeira.sp.gov.br/netConselhos/documento/?documento=1612&desc=FUNDEB_1-_RE_10-07-2024	https://serv42.limeira.sp.gov.br/netConselhos/documento/?documento=1612&desc=FUNDEB_1-_RE_10-07-2024	200	files/CACS_FUNDEB/Atas de Reuniões/1612__FUNDEB 1ª RE 10-07-2024.pdf	1612__FUNDEB 1ª RE 10-07-2024.pdf	378323	e2607ae110313eb69c1bb55956f011752d626fe9b6761f1269fcb90b2247fe24	application/pdf	DOWNLOADED
CACS_FUNDEB	33	Atas de Reuniões	1634	FUNDEB_6-_RO_26-07-2024	https://serv42.limeira.sp.gov.br/netConselhos/listaDocumentos/?conselho=33	https://serv42.limeira.sp.gov.br/netConselhos/documento/?documento=1634&desc=FUNDEB_6-_RO_26-07-2024	https://serv42.limeira.sp.gov.br/netConselhos/documento/?documento=1634&desc=FUNDEB_6-_RO_26-07-2024	200	files/CACS_FUNDEB/Atas de Reuniões/1634__FUNDEB 6ª RO 26-07-2024.pdf	1634__FUNDEB 6ª RO 26-07-2024.pdf	405983	93b4df2072f91329cb042d9da568b7e02c86ca00b25e53ce6d2bb68f35d7ab9d	application/pdf	DOWNLOADED
CACS_FUNDEB	33	Atas de Reuniões	1635	FUNDEB_2-_RE_14-08-2024	https://serv42.limeira.sp.gov.br/netConselhos/listaDocumentos/?conselho=33	https://serv42.limeira.sp.gov.br/netConselhos/documento/?documento=1635&desc=FUNDEB_2-_RE_14-08-2024	https://serv42.limeira.sp.gov.br/netConselhos/documento/?documento=1635&desc=FUNDEB_2-_RE_14-08-2024	200	files/CACS_FUNDEB/Atas de Reuniões/1635__FUNDEB 2ª RE 14-08-2024.pdf	1635__FUNDEB 2ª RE 14-08-2024.pdf	374550	0bcad4ec295b55d8898370d7ab72608a047ed278b5bfb1394054e87b807a2785	application/pdf	DOWNLOADED
CACS_FUNDEB	33	Atas de Reuniões	1636	FUNDEB_7-_RO_30-08-2024	https://serv42.limeira.sp.gov.br/netConselhos/listaDocumentos/?conselho=33	https://serv42.limeira.sp.gov.br/netConselhos/documento/?documento=1636&desc=FUNDEB_7-_RO_30-08-2024	https://serv42.limeira.sp.gov.br/netConselhos/documento/?documento=1636&desc=FUNDEB_7-_RO_30-08-2024	200	files/CACS_FUNDEB/Atas de Reuniões/1636__FUNDEB 7ª RO 30-08-2024.pdf	1636__FUNDEB 7ª RO 30-08-2024.pdf	452877	569f7cf61d6ffa4922afeb3da61eed2a0e5aa3ca00ee308ad49c9ddd352778b8	application/pdf	DOWNLOADED
CACS_FUNDEB	33	Atas de Reuniões	1669	FUNDEB_8-_RO_30-09-2024	https://serv42.limeira.sp.gov.br/netConselhos/listaDocumentos/?conselho=33	https://serv42.limeira.sp.gov.br/netConselhos/documento/?documento=1669&desc=FUNDEB_8-_RO_30-09-2024	https://serv42.limeira.sp.gov.br/netConselhos/documento/?documento=1669&desc=FUNDEB_8-_RO_30-09-2024	200	files/CACS_FUNDEB/Atas de Reuniões/1669__FUNDEB 8ª RO 30-09-2024.pdf	1669__FUNDEB 8ª RO 30-09-2024.pdf	566886	93477b3374d43a3ec5471d4ef93ffd32d781391dc4bdcd00f1f8204b2fa125f8	application/pdf	DOWNLOADED
CACS_FUNDEB	33	Atas de Reuniões	1743	FUNDEB_9-_RO_30-10-2024	https://serv42.limeira.sp.gov.br/netConselhos/listaDocumentos/?conselho=33	https://serv42.limeira.sp.gov.br/netConselhos/documento/?documento=1743&desc=FUNDEB_9-_RO_30-10-2024	https://serv42.limeira.sp.gov.br/netConselhos/documento/?documento=1743&desc=FUNDEB_9-_RO_30-10-2024	200	files/CACS_FUNDEB/Atas de Reuniões/1743__FUNDEB 9ª RO 30-10-2024.pdf	1743__FUNDEB 9ª RO 30-10-2024.pdf	497729	e2da7f92ef5c810636361ec15fad6c193176e5e221c6ae9979f427d10f70d6cc	application/pdf	DOWNLOADED
CACS_FUNDEB	33	Atas de Reuniões	1784	FUNDEB_10-_RO_02-12-2024	https://serv42.limeira.sp.gov.br/netConselhos/listaDocumentos/?conselho=33	https://serv42.limeira.sp.gov.br/netConselhos/documento/?documento=1784&desc=FUNDEB_10-_RO_02-12-2024	https://serv42.limeira.sp.gov.br/netConselhos/documento/?documento=1784&desc=FUNDEB_10-_RO_02-12-2024	200	files/CACS_FUNDEB/Atas de Reuniões/1784__FUNDEB 10ª RO 02-12-2024.pdf	1784__FUNDEB 10ª RO 02-12-2024.pdf	485660	3974058facd40c933cb1d87e06a9120f453a72290c2bb96c905c563eb7d0fa16	application/pdf	DOWNLOADED
CACS_FUNDEB	33	Atas de Reuniões	1785	FUNDEB_1-_RO_30-01-2025	https://serv42.limeira.sp.gov.br/netConselhos/listaDocumentos/?conselho=33	https://serv42.limeira.sp.gov.br/netConselhos/documento/?documento=1785&desc=FUNDEB_1-_RO_30-01-2025	https://serv42.limeira.sp.gov.br/netConselhos/documento/?documento=1785&desc=FUNDEB_1-_RO_30-01-2025	200	files/CACS_FUNDEB/Atas de Reuniões/1785__FUNDEB 1ª RO 30-01-2025.pdf	1785__FUNDEB 1ª RO 30-01-2025.pdf	460492	18ed1bf089b0dcc852b667885d5cf0a6c17b96e2956c1b117e76b3cd42be408d	application/pdf	DOWNLOADED
CACS_FUNDEB	33	Atas de Reuniões	1786	FUNDEB_1-_RE_06-02-2025	https://serv42.limeira.sp.gov.br/netConselhos/listaDocumentos/?conselho=33	https://serv42.limeira.sp.gov.br/netConselhos/documento/?documento=1786&desc=FUNDEB_1-_RE_06-02-2025	https://serv42.limeira.sp.gov.br/netConselhos/documento/?documento=1786&desc=FUNDEB_1-_RE_06-02-2025	200	files/CACS_FUNDEB/Atas de Reuniões/1786__FUNDEB 1ª RE 06-02-2025.pdf	1786__FUNDEB 1ª RE 06-02-2025.pdf	150620	5a5a5254bbb4f6f284161e4c90a53d1f4e111ca9396bb2ffe0df89d0af836d9b	application/pdf	DOWNLOADED
CACS_FUNDEB	33	Atas de Reuniões	1787	FUNDEB_2-_RO_06-03-2025	https://serv42.limeira.sp.gov.br/netConselhos/listaDocumentos/?conselho=33	https://serv42.limeira.sp.gov.br/netConselhos/documento/?documento=1787&desc=FUNDEB_2-_RO_06-03-2025	https://serv42.limeira.sp.gov.br/netConselhos/documento/?documento=1787&desc=FUNDEB_2-_RO_06-03-2025	200	files/CACS_FUNDEB/Atas de Reuniões/1787__FUNDEB 2º RO 06-03-2025.pdf	1787__FUNDEB 2º RO 06-03-2025.pdf	554635	44f7536ae37de62afdfe929286760dbaf5ad6674381549800050f6622f9de88f	application/pdf	DOWNLOADED
CACS_FUNDEB	33	Atas de Reuniões	1807	FUNDEB_3-_RO_01-04-2025	https://serv42.limeira.sp.gov.br/netConselhos/listaDocumentos/?conselho=33	https://serv42.limeira.sp.gov.br/netConselhos/documento/?documento=1807&desc=FUNDEB_3-_RO_01-04-2025	https://serv42.limeira.sp.gov.br/netConselhos/documento/?documento=1807&desc=FUNDEB_3-_RO_01-04-2025	200	files/CACS_FUNDEB/Atas de Reuniões/1807__FUNDEB 3ª RO 01-04-2025.pdf	1807__FUNDEB 3ª RO 01-04-2025.pdf	388423	0d1d6bda232641258b89ab516fa3b72e931822644b44496097fbd6e60dba48a6	application/pdf	DOWNLOADED
CACS_FUNDEB	33	Atas de Reuniões	1808	FUNDEB_4-_RO_30-04-2025	https://serv42.limeira.sp.gov.br/netConselhos/listaDocumentos/?conselho=33	https://serv42.limeira.sp.gov.br/netConselhos/documento/?documento=1808&desc=FUNDEB_4-_RO_30-04-2025	https://serv42.limeira.sp.gov.br/netConselhos/documento/?documento=1808&desc=FUNDEB_4-_RO_30-04-2025	200	files/CACS_FUNDEB/Atas de Reuniões/1808__FUNDEB 4ª RO 30-04-2025.pdf	1808__FUNDEB 4ª RO 30-04-2025.pdf	419220	a724c34fe1629cad4785e1d998bdcb70a635ad194afe0e019e07758214db1a96	application/pdf	DOWNLOADED
CACS_FUNDEB	33	Atas de Reuniões	1856	FUNDEB_5-_RO_08-05-2025	https://serv42.limeira.sp.gov.br/netConselhos/listaDocumentos/?conselho=33	https://serv42.limeira.sp.gov.br/netConselhos/documento/?documento=1856&desc=FUNDEB_5-_RO_08-05-2025	https://serv42.limeira.sp.gov.br/netConselhos/documento/?documento=1856&desc=FUNDEB_5-_RO_08-05-2025	200	files/CACS_FUNDEB/Atas de Reuniões/1856__FUNDEB 5ª RO 08-05-2025.pdf	1856__FUNDEB 5ª RO 08-05-2025.pdf	445509	ddaaf6946932d945516da3733f19e0433eb1c4d9a92271c53b2a574e3dd98527	application/pdf	DOWNLOADED
CACS_FUNDEB	33	Atas de Reuniões	1857	FUNDEB_2-_RE_03-06-2025	https://serv42.limeira.sp.gov.br/netConselhos/listaDocumentos/?conselho=33	https://serv42.limeira.sp.gov.br/netConselhos/documento/?documento=1857&desc=FUNDEB_2-_RE_03-06-2025	https://serv42.limeira.sp.gov.br/netConselhos/documento/?documento=1857&desc=FUNDEB_2-_RE_03-06-2025	200	files/CACS_FUNDEB/Atas de Reuniões/1857__FUNDEB 2ª RE 03-06-2025.pdf	1857__FUNDEB 2ª RE 03-06-2025.pdf	430449	58a23b55f9e764ac4de9e92fd6fbf8ad6a56c554b07e242b484e897e57db1ebd	application/pdf	DOWNLOADED
CACS_FUNDEB	33	Atas de Reuniões	1858	FUNDEB_6-_RO_01-07-2025	https://serv42.limeira.sp.gov.br/netConselhos/listaDocumentos/?conselho=33	https://serv42.limeira.sp.gov.br/netConselhos/documento/?documento=1858&desc=FUNDEB_6-_RO_01-07-2025	https://serv42.limeira.sp.gov.br/netConselhos/documento/?documento=1858&desc=FUNDEB_6-_RO_01-07-2025	200	files/CACS_FUNDEB/Atas de Reuniões/1858__FUNDEB 6ª RO 01-07-2025.pdf	1858__FUNDEB 6ª RO 01-07-2025.pdf	512795	c8f3946797f45104a1d92e19b4c51c6e6ecc5a91d5d7023188f8e5b3df97c102	application/pdf	DOWNLOADED
CACS_FUNDEB	33	Atas de Reuniões	1926	FUNDEB_7-_RO_31-07-2025	https://serv42.limeira.sp.gov.br/netConselhos/listaDocumentos/?conselho=33	https://serv42.limeira.sp.gov.br/netConselhos/documento/?documento=1926&desc=FUNDEB_7-_RO_31-07-2025	https://serv42.limeira.sp.gov.br/netConselhos/documento/?documento=1926&desc=FUNDEB_7-_RO_31-07-2025	200	files/CACS_FUNDEB/Atas de Reuniões/1926__FUNDEB 7ª RO 31-07-2025.pdf	1926__FUNDEB 7ª RO 31-07-2025.pdf	608837	d9c832544ffb44fbf7adfe88fa13b233a1c173db64416fbf3d3288b32d82181c	application/pdf	DOWNLOADED
CACS_FUNDEB	33	Atas de Reuniões	1960	FUNDEB_8-_RO_29-08-2025	https://serv42.limeira.sp.gov.br/netConselhos/listaDocumentos/?conselho=33	https://serv42.limeira.sp.gov.br/netConselhos/documento/?documento=1960&desc=FUNDEB_8-_RO_29-08-2025	https://serv42.limeira.sp.gov.br/netConselhos/documento/?documento=1960&desc=FUNDEB_8-_RO_29-08-2025	200	files/CACS_FUNDEB/Atas de Reuniões/1960__FUNDEB 8ª RO 29-08-2025.pdf	1960__FUNDEB 8ª RO 29-08-2025.pdf	662079	539e67f6fc53f1f9275ad3565b7c7c2a94bccd093c6f24f5167213df708c04ab	application/pdf	DOWNLOADED
CACS_FUNDEB	33	Atas de Reuniões	2102	FUNDEB_9-_RO_30-09-2025	https://serv42.limeira.sp.gov.br/netConselhos/listaDocumentos/?conselho=33	https://serv42.limeira.sp.gov.br/netConselhos/documento/?documento=2102&desc=FUNDEB_9-_RO_30-09-2025	https://serv42.limeira.sp.gov.br/netConselhos/documento/?documento=2102&desc=FUNDEB_9-_RO_30-09-2025	200	files/CACS_FUNDEB/Atas de Reuniões/2102__FUNDEB 9ª RO 30-09-2025.pdf	2102__FUNDEB 9ª RO 30-09-2025.pdf	443106	009e935719b203c5b1d1d9ff4ac0825af249fd2e73986ba2fcac1cd3a4f1a28c	application/pdf	DOWNLOADED
CACS_FUNDEB	33	Atas de Reuniões	2103	FUNDEB_3-_RE_13-10-2025	https://serv42.limeira.sp.gov.br/netConselhos/listaDocumentos/?conselho=33	https://serv42.limeira.sp.gov.br/netConselhos/documento/?documento=2103&desc=FUNDEB_3-_RE_13-10-2025	https://serv42.limeira.sp.gov.br/netConselhos/documento/?documento=2103&desc=FUNDEB_3-_RE_13-10-2025	200	files/CACS_FUNDEB/Atas de Reuniões/2103__FUNDEB 3ª RE 13-10-2025.pdf	2103__FUNDEB 3ª RE 13-10-2025.pdf	337125	310e97624e4515c7f61dee029900472477f40477ecce96b765ea65064c65b247	application/pdf	DOWNLOADED
CACS_FUNDEB	33	Atas de Reuniões	2104	FUNDEB_10-_RO_30-10-2025	https://serv42.limeira.sp.gov.br/netConselhos/listaDocumentos/?conselho=33	https://serv42.limeira.sp.gov.br/netConselhos/documento/?documento=2104&desc=FUNDEB_10-_RO_30-10-2025	https://serv42.limeira.sp.gov.br/netConselhos/documento/?documento=2104&desc=FUNDEB_10-_RO_30-10-2025	200	files/CACS_FUNDEB/Atas de Reuniões/2104__FUNDEB 10ª RO 30-10-2025.pdf	2104__FUNDEB 10ª RO 30-10-2025.pdf	457078	ec8d43295474e2927ebe7f1c1b0f9a53df857a401e557291241bed1095a28cff	application/pdf	DOWNLOADED
CACS_FUNDEB	33	Atas de Reuniões	2105	FUNDEB_4-_RE_12-11-2025	https://serv42.limeira.sp.gov.br/netConselhos/listaDocumentos/?conselho=33	https://serv42.limeira.sp.gov.br/netConselhos/documento/?documento=2105&desc=FUNDEB_4-_RE_12-11-2025	https://serv42.limeira.sp.gov.br/netConselhos/documento/?documento=2105&desc=FUNDEB_4-_RE_12-11-2025	200	files/CACS_FUNDEB/Atas de Reuniões/2105__FUNDEB 4ª RE 12-11-2025.pdf	2105__FUNDEB 4ª RE 12-11-2025.pdf	360853	1d8e796b8bfcc47c493d0029b605ecaff5c0c61e6217ef3289a723b934308b22	application/pdf	DOWNLOADED
CACS_FUNDEB	33	Atas de Reuniões	2106	FUNDEB_11-_RO_28-11-2025	https://serv42.limeira.sp.gov.br/netConselhos/listaDocumentos/?conselho=33	https://serv42.limeira.sp.gov.br/netConselhos/documento/?documento=2106&desc=FUNDEB_11-_RO_28-11-2025	https://serv42.limeira.sp.gov.br/netConselhos/documento/?documento=2106&desc=FUNDEB_11-_RO_28-11-2025	200	files/CACS_FUNDEB/Atas de Reuniões/2106__FUNDEB 11ª RO 28-11-2025.pdf	2106__FUNDEB 11ª RO 28-11-2025.pdf	484226	af5f11e4f8208a1beecccb459a602d90d64475bcf04133e7a6190c75fadcb88d	application/pdf	DOWNLOADED
CACS_FUNDEB	33	Atas de Reuniões	2107	FUNDEB_5-_RE_03-12-2025	https://serv42.limeira.sp.gov.br/netConselhos/listaDocumentos/?conselho=33	https://serv42.limeira.sp.gov.br/netConselhos/documento/?documento=2107&desc=FUNDEB_5-_RE_03-12-2025	https://serv42.limeira.sp.gov.br/netConselhos/documento/?documento=2107&desc=FUNDEB_5-_RE_03-12-2025	200	files/CACS_FUNDEB/Atas de Reuniões/2107__FUNDEB 5ª RE 03-12-2025.pdf	2107__FUNDEB 5ª RE 03-12-2025.pdf	374291	84a43c0a7732ffc5efabb1ce5715e6f487530e2aa49c1abafc476f536220e266	application/pdf	DOWNLOADED
CACS_FUNDEB	33	Atas de Reuniões	2111	FUNDEB_12-_RO_18-12-2025	https://serv42.limeira.sp.gov.br/netConselhos/listaDocumentos/?conselho=33	https://serv42.limeira.sp.gov.br/netConselhos/documento/?documento=2111&desc=FUNDEB_12-_RO_18-12-2025	https://serv42.limeira.sp.gov.br/netConselhos/documento/?documento=2111&desc=FUNDEB_12-_RO_18-12-2025	200	files/CACS_FUNDEB/Atas de Reuniões/2111__FUNDEB 12ª RO 18-12-2025.pdf	2111__FUNDEB 12ª RO 18-12-2025.pdf	363877	f2335162b463eb582025411def559f800a48e415d13fb6bc02d545c95c00760e	application/pdf	DOWNLOADED
CACS_FUNDEB	33	Atas de Reuniões	2299	FUNDEB_1-_RO_30-01-2026	https://serv42.limeira.sp.gov.br/netConselhos/listaDocumentos/?conselho=33	https://serv42.limeira.sp.gov.br/netConselhos/documento/?documento=2299&desc=FUNDEB_1-_RO_30-01-2026	https://serv42.limeira.sp.gov.br/netConselhos/documento/?documento=2299&desc=FUNDEB_1-_RO_30-01-2026	200	files/CACS_FUNDEB/Atas de Reuniões/2299__FUNDEB 1ª RO 30-01-2026.pdf	2299__FUNDEB 1ª RO 30-01-2026.pdf	417668	5849dd463a12a572ae7be13b58c4d18716ffb610cdc3abf1a451383c1d4b8e11	application/pdf	DOWNLOADED
CACS_FUNDEB	33	Atas de Reuniões	2300	FUNDEB_1-_RE_12-02-2026	https://serv42.limeira.sp.gov.br/netConselhos/listaDocumentos/?conselho=33	https://serv42.limeira.sp.gov.br/netConselhos/documento/?documento=2300&desc=FUNDEB_1-_RE_12-02-2026	https://serv42.limeira.sp.gov.br/netConselhos/documento/?documento=2300&desc=FUNDEB_1-_RE_12-02-2026	200	files/CACS_FUNDEB/Atas de Reuniões/2300__FUNDEB 1ª RE 12-02-2026.pdf	2300__FUNDEB 1ª RE 12-02-2026.pdf	369014	7957c23b984c1ffcce1a57dbb936ea255ab9bc1782f70051a6b6e8665b0fd016	application/pdf	DOWNLOADED
CACS_FUNDEB	33	Atas de Reuniões	2565	FUNDEB_2-_RO_27-02-2026	https://serv42.limeira.sp.gov.br/netConselhos/listaDocumentos/?conselho=33	https://serv42.limeira.sp.gov.br/netConselhos/documento/?documento=2565&desc=FUNDEB_2-_RO_27-02-2026	https://serv42.limeira.sp.gov.br/netConselhos/documento/?documento=2565&desc=FUNDEB_2-_RO_27-02-2026	200	files/CACS_FUNDEB/Atas de Reuniões/2565__FUNDEB 2ª RO 27-02-2026.pdf	2565__FUNDEB 2ª RO 27-02-2026.pdf	513666	ae54eb025836dc5d51c9b6106d1619f97747b481b0a20e401f7409e533192862	application/pdf	DOWNLOADED
CACS_FUNDEB	33	Atas de Reuniões	2566	FUNDEB_3-_RO_31-03-2026	https://serv42.limeira.sp.gov.br/netConselhos/listaDocumentos/?conselho=33	https://serv42.limeira.sp.gov.br/netConselhos/documento/?documento=2566&desc=FUNDEB_3-_RO_31-03-2026	https://serv42.limeira.sp.gov.br/netConselhos/documento/?documento=2566&desc=FUNDEB_3-_RO_31-03-2026	200	files/CACS_FUNDEB/Atas de Reuniões/2566__FUNDEB 3ª RO 31-03-2026.pdf	2566__FUNDEB 3ª RO 31-03-2026.pdf	528438	69a54ee88e57ad4d39ee3ab8d96bbe362164713ad59a7195c35adc98c6bbd244	application/pdf	DOWNLOADED
CACS_FUNDEB	33	Atas de Reuniões	2587	FUNDEB_4-_RO_29-04-2026	https://serv42.limeira.sp.gov.br/netConselhos/listaDocumentos/?conselho=33	https://serv42.limeira.sp.gov.br/netConselhos/documento/?documento=2587&desc=FUNDEB_4-_RO_29-04-2026	https://serv42.limeira.sp.gov.br/netConselhos/documento/?documento=2587&desc=FUNDEB_4-_RO_29-04-2026	200	files/CACS_FUNDEB/Atas de Reuniões/2587__FUNDEB 4ª RO 29-04-2026.pdf	2587__FUNDEB 4ª RO 29-04-2026.pdf	434766	617496a7c0984bed5ef3f44e7d482d2fdf321fbd1c8fa670214746385d172d9a	application/pdf	DOWNLOADED
CACS_FUNDEB	33	Atas de Reuniões	2646	FUNDEB_5-_RO_29-05-2026	https://serv42.limeira.sp.gov.br/netConselhos/listaDocumentos/?conselho=33	https://serv42.limeira.sp.gov.br/netConselhos/documento/?documento=2646&desc=FUNDEB_5-_RO_29-05-2026	https://serv42.limeira.sp.gov.br/netConselhos/documento/?documento=2646&desc=FUNDEB_5-_RO_29-05-2026	200	files/CACS_FUNDEB/Atas de Reuniões/2646__FUNDEB 5ª RO 29-05-2026.pdf	2646__FUNDEB 5ª RO 29-05-2026.pdf	459482	3077b9e506b023c4654d14b9fbb23aa7bcec0d910456220a69124f68850f6a1e	application/pdf	DOWNLOADED
CACS_FUNDEB	33	Atas de Reuniões	2647	FUNDEB_2-_RE_09-06-2026	https://serv42.limeira.sp.gov.br/netConselhos/listaDocumentos/?conselho=33	https://serv42.limeira.sp.gov.br/netConselhos/documento/?documento=2647&desc=FUNDEB_2-_RE_09-06-2026	https://serv42.limeira.sp.gov.br/netConselhos/documento/?documento=2647&desc=FUNDEB_2-_RE_09-06-2026	200	files/CACS_FUNDEB/Atas de Reuniões/2647__FUNDEB 2ª RE 09-06-2026.pdf	2647__FUNDEB 2ª RE 09-06-2026.pdf	343845	39a6f72c83fdf5f3bdaf44cdeded93aae21bd1d1c61dba7a7da50a090dff1edf	application/pdf	DOWNLOADED
CACS_FUNDEB	33	Atas de Reuniões	2648	FUNDEB_3-_RE_12-06-2026	https://serv42.limeira.sp.gov.br/netConselhos/listaDocumentos/?conselho=33	https://serv42.limeira.sp.gov.br/netConselhos/documento/?documento=2648&desc=FUNDEB_3-_RE_12-06-2026	https://serv42.limeira.sp.gov.br/netConselhos/documento/?documento=2648&desc=FUNDEB_3-_RE_12-06-2026	200	files/CACS_FUNDEB/Atas de Reuniões/2648__FUNDEB 3ª RE 12-06-2026.pdf	2648__FUNDEB 3ª RE 12-06-2026.pdf	241758	1d1961681c9da552d59901326abb62a46a8fa08922290048bc8601acc0471829	application/pdf	DOWNLOADED
CACS_FUNDEB	33	Atas de Reuniões	2756	FUNDEB_6-_RO_30-06-2026	https://serv42.limeira.sp.gov.br/netConselhos/listaDocumentos/?conselho=33	https://serv42.limeira.sp.gov.br/netConselhos/documento/?documento=2756&desc=FUNDEB_6-_RO_30-06-2026	https://serv42.limeira.sp.gov.br/netConselhos/documento/?documento=2756&desc=FUNDEB_6-_RO_30-06-2026	200	files/CACS_FUNDEB/Atas de Reuniões/2756__FUNDEB 6ª RO 30-06-2026.pdf	2756__FUNDEB 6ª RO 30-06-2026.pdf	443105	97d1971a925c671b2eca3644b86a431db37158c086b2fd358b014c2b60c9f24a	application/pdf	DOWNLOADED
CACS_FUNDEB	33	Atas de Reuniões	2757	FUNDEB_7-_RO_30-07-2026	https://serv42.limeira.sp.gov.br/netConselhos/listaDocumentos/?conselho=33	https://serv42.limeira.sp.gov.br/netConselhos/documento/?documento=2757&desc=FUNDEB_7-_RO_30-07-2026	https://serv42.limeira.sp.gov.br/netConselhos/documento/?documento=2757&desc=FUNDEB_7-_RO_30-07-2026	200	files/CACS_FUNDEB/Atas de Reuniões/2757__FUNDEB 7ª RO 30-07-2026.pdf	2757__FUNDEB 7ª RO 30-07-2026.pdf	423593	80e8fe529d33c5f8c9cd6e30119d686d20566d26ac71e9fd657dcc7bfc10e3f2	application/pdf	DOWNLOADED
CACS_FUNDEB	33	Atas de Reuniões	2758	FUNDEB_8-_RO_01-09-2026	https://serv42.limeira.sp.gov.br/netConselhos/listaDocumentos/?conselho=33	https://serv42.limeira.sp.gov.br/netConselhos/documento/?documento=2758&desc=FUNDEB_8-_RO_01-09-2026	https://serv42.limeira.sp.gov.br/netConselhos/documento/?documento=2758&desc=FUNDEB_8-_RO_01-09-2026	200	files/CACS_FUNDEB/Atas de Reuniões/2758__FUNDEB 8ª RO 01-09-2026.pdf	2758__FUNDEB 8ª RO 01-09-2026.pdf	359620	7cdd35af22c6ec1182b6f6b77b6bb459fbec1edaf4ca887f46afba96283afc09	application/pdf	DOWNLOADED
CACS_FUNDEB	33	Contato	2575	CANAL_CONTATO_-_CACS-FUNDEB	https://serv42.limeira.sp.gov.br/netConselhos/listaDocumentos/?conselho=33	https://serv42.limeira.sp.gov.br/netConselhos/documento/?documento=2575&desc=CANAL_CONTATO_-_CACS-FUNDEB	https://serv42.limeira.sp.gov.br/netConselhos/documento/?documento=2575&desc=CANAL_CONTATO_-_CACS-FUNDEB	200	files/CACS_FUNDEB/Contato/2575__CANAL CONTATO - CACS-FUNDEB.pdf	2575__CANAL CONTATO - CACS-FUNDEB.pdf	504775	929f6a3c238a1399fb13d1d93004dcdd7492c78aad63f187a1d26acf3b22c461	application/pdf	DOWNLOADED
CACS_FUNDEB	33	Outros	207	Regimento_Interno_do_CACS-FUNDEB	https://serv42.limeira.sp.gov.br/netConselhos/listaDocumentos/?conselho=33	https://serv42.limeira.sp.gov.br/netConselhos/documento/?documento=207&desc=Regimento_Interno_do_CACS-FUNDEB	https://serv42.limeira.sp.gov.br/netConselhos/documento/?documento=207&desc=Regimento_Interno_do_CACS-FUNDEB	200	files/CACS_FUNDEB/Outros/207__Regimento Interno do CACS-FUNDEB.pdf	207__Regimento Interno do CACS-FUNDEB.pdf	810154	e59c3d8c47c1adc3348f4e8bdb6e58be61699274aae7f0b71604035d635e48ef	application/pdf	DOWNLOADED
CACS_FUNDEB	33	Outros	214	FOTO_DA_POSSE_CACS-FUNDEB_BIENIO_2018-2019	https://serv42.limeira.sp.gov.br/netConselhos/listaDocumentos/?conselho=33	https://serv42.limeira.sp.gov.br/netConselhos/documento/?documento=214&desc=FOTO_DA_POSSE_CACS-FUNDEB_BIENIO_2018-2019	https://serv42.limeira.sp.gov.br/netConselhos/documento/?documento=214&desc=FOTO_DA_POSSE_CACS-FUNDEB_BIENIO_2018-2019	200	files/CACS_FUNDEB/Outros/214__FOTO DA POSSE CACS-FUNDEB BIÊNIO 2018-2019.pdf	214__FOTO DA POSSE CACS-FUNDEB BIÊNIO 2018-2019.pdf	251531	f60a412c0ee1a8652ad662a2e1ebbfe03d61379050d591b6a426835747c26586	application/pdf	DOWNLOADED
CACS_FUNDEB	33	Outros	313	CALENDARIO_DE__REUNIOES_ORDINARIAS_CACS-FUNDEB_-2020	https://serv42.limeira.sp.gov.br/netConselhos/listaDocumentos/?conselho=33	https://serv42.limeira.sp.gov.br/netConselhos/documento/?documento=313&desc=CALENDARIO_DE__REUNIOES_ORDINARIAS_CACS-FUNDEB_-2020	https://serv42.limeira.sp.gov.br/netConselhos/documento/?documento=313&desc=CALENDARIO_DE__REUNIOES_ORDINARIAS_CACS-FUNDEB_-2020	200	files/CACS_FUNDEB/Outros/313__CALENDÁRIO DE REUNIÕES ORDINÁRIAS CACS-FUNDEB -2020.pdf	313__CALENDÁRIO DE REUNIÕES ORDINÁRIAS CACS-FUNDEB -2020.pdf	112748	cca97224a519c556914529555785188d8783d1a4d17babd6967edceb0d38fa00	application/pdf	DOWNLOADED
CACS_FUNDEB	33	Outros	493	CALENDARIO_DE_REUNIOES_ORDINARIAS_CACS-FUNDEB_-2021	https://serv42.limeira.sp.gov.br/netConselhos/listaDocumentos/?conselho=33	https://serv42.limeira.sp.gov.br/netConselhos/documento/?documento=493&desc=CALENDARIO_DE_REUNIOES_ORDINARIAS_CACS-FUNDEB_-2021	https://serv42.limeira.sp.gov.br/netConselhos/documento/?documento=493&desc=CALENDARIO_DE_REUNIOES_ORDINARIAS_CACS-FUNDEB_-2021	200	files/CACS_FUNDEB/Outros/493__CALENDÁRIO DE REUNIÕES ORDINÁRIAS CACS-FUNDEB -2021.pdf	493__CALENDÁRIO DE REUNIÕES ORDINÁRIAS CACS-FUNDEB -2021.pdf	113682	1eb68ca12401c52a6f66b8d6bf0543580e5e34a78f09564f336ef6ff5520a498	application/pdf	DOWNLOADED
CACS_FUNDEB	33	Outros	909	REGIMENTO_INTERNO_-_ATUALIZADO_EM_30.11.2021	https://serv42.limeira.sp.gov.br/netConselhos/listaDocumentos/?conselho=33	https://serv42.limeira.sp.gov.br/netConselhos/documento/?documento=909&desc=REGIMENTO_INTERNO_-_ATUALIZADO_EM_30.11.2021	https://serv42.limeira.sp.gov.br/netConselhos/documento/?documento=909&desc=REGIMENTO_INTERNO_-_ATUALIZADO_EM_30.11.2021	200	files/CACS_FUNDEB/Outros/909__REGIMENTO INTERNO - ATUALIZADO EM 30.11.2021.pdf	909__REGIMENTO INTERNO - ATUALIZADO EM 30.11.2021.pdf	1220160	51cdf508e61dde2b92a6319064db06e9f553c512e10a6719594874f35cfc6965	application/pdf	DOWNLOADED
CACS_FUNDEB	33	Outros	910	LEI_FEDERAL_N-_14.113-2020__-_LEI_DO_NOVO_FUNDEB	https://serv42.limeira.sp.gov.br/netConselhos/listaDocumentos/?conselho=33	https://serv42.limeira.sp.gov.br/netConselhos/documento/?documento=910&desc=LEI_FEDERAL_N-_14.113-2020__-_LEI_DO_NOVO_FUNDEB	https://serv42.limeira.sp.gov.br/netConselhos/documento/?documento=910&desc=LEI_FEDERAL_N-_14.113-2020__-_LEI_DO_NOVO_FUNDEB	200	files/CACS_FUNDEB/Outros/910__LEI FEDERAL Nº 14.113-2020 - LEI DO NOVO FUNDEB.pdf	910__LEI FEDERAL Nº 14.113-2020 - LEI DO NOVO FUNDEB.pdf	3962571	335e48cbdf0642d0d5cb878328cc7d24c41ca6ba681b522156fc7cbda968acac	application/pdf	DOWNLOADED
CACS_FUNDEB	33	Outros	911	LEI_N-_14.276-2021_-_ATUALIZACAO_DA_LEI_DO_NOVO_FUNDEB	https://serv42.limeira.sp.gov.br/netConselhos/listaDocumentos/?conselho=33	https://serv42.limeira.sp.gov.br/netConselhos/documento/?documento=911&desc=LEI_N-_14.276-2021_-_ATUALIZACAO_DA_LEI_DO_NOVO_FUNDEB	https://serv42.limeira.sp.gov.br/netConselhos/documento/?documento=911&desc=LEI_N-_14.276-2021_-_ATUALIZACAO_DA_LEI_DO_NOVO_FUNDEB	200	files/CACS_FUNDEB/Outros/911__LEI Nº 14.276-2021 - ATUALIZAÇÃO DA LEI DO NOVO FUNDEB.pdf	911__LEI Nº 14.276-2021 - ATUALIZAÇÃO DA LEI DO NOVO FUNDEB.pdf	116279	9fff038c0dfde1c83154276b5d0f4edb70875bd1e4a18a990412e12400c1aa16	application/pdf	DOWNLOADED
CACS_FUNDEB	33	Outros	979	CRONOGRAMA__REUNIOES_ORDINARIAS_-_ATUALIZADO_EM_MARCO-2022	https://serv42.limeira.sp.gov.br/netConselhos/listaDocumentos/?conselho=33	https://serv42.limeira.sp.gov.br/netConselhos/documento/?documento=979&desc=CRONOGRAMA__REUNIOES_ORDINARIAS_-_ATUALIZADO_EM_MARCO-2022	https://serv42.limeira.sp.gov.br/netConselhos/documento/?documento=979&desc=CRONOGRAMA__REUNIOES_ORDINARIAS_-_ATUALIZADO_EM_MARCO-2022	200	files/CACS_FUNDEB/Outros/979__CRONOGRAMA REUNIÕES ORDINÁRIAS - ATUALIZADO EM MARÇO-2022.pdf	979__CRONOGRAMA REUNIÕES ORDINÁRIAS - ATUALIZADO EM MARÇO-2022.pdf	154456	9d94c4064814eabd63190a4e2f57a45dfa16f4696fd2354236b287f15d4c54e3	application/pdf	DOWNLOADED
CACS_FUNDEB	33	Outros	1006	PARECER_001-2021	https://serv42.limeira.sp.gov.br/netConselhos/listaDocumentos/?conselho=33	https://serv42.limeira.sp.gov.br/netConselhos/documento/?documento=1006&desc=PARECER_001-2021	https://serv42.limeira.sp.gov.br/netConselhos/documento/?documento=1006&desc=PARECER_001-2021	200	files/CACS_FUNDEB/Outros/1006__PARECER 001-2021.pdf	1006__PARECER 001-2021.pdf	485319	c8592cb6177b008c87b3c34c8bca5ae8cc62b0e819c81900d8f33236078fafcf	application/pdf	DOWNLOADED
CACS_FUNDEB	33	Outros	1007	PARECER_002-2021	https://serv42.limeira.sp.gov.br/netConselhos/listaDocumentos/?conselho=33	https://serv42.limeira.sp.gov.br/netConselhos/documento/?documento=1007&desc=PARECER_002-2021	https://serv42.limeira.sp.gov.br/netConselhos/documento/?documento=1007&desc=PARECER_002-2021	200	files/CACS_FUNDEB/Outros/1007__PARECER 002-2021.pdf	1007__PARECER 002-2021.pdf	438351	6a4c62c000e0f008b4553a0825fa62875164538a29c6733aa7d93a4b51f9518d	application/pdf	DOWNLOADED
CACS_FUNDEB	33	Outros	1008	PARECER_003-2021	https://serv42.limeira.sp.gov.br/netConselhos/listaDocumentos/?conselho=33	https://serv42.limeira.sp.gov.br/netConselhos/documento/?documento=1008&desc=PARECER_003-2021	https://serv42.limeira.sp.gov.br/netConselhos/documento/?documento=1008&desc=PARECER_003-2021	200	files/CACS_FUNDEB/Outros/1008__PARECER 003-2021.pdf	1008__PARECER 003-2021.pdf	431635	939c94a20b40ea41910f6f2915ce5ce6c2473ad3679c18941dcef77e03ff0b76	application/pdf	DOWNLOADED
CACS_FUNDEB	33	Outros	1009	PARECER_004-2021	https://serv42.limeira.sp.gov.br/netConselhos/listaDocumentos/?conselho=33	https://serv42.limeira.sp.gov.br/netConselhos/documento/?documento=1009&desc=PARECER_004-2021	https://serv42.limeira.sp.gov.br/netConselhos/documento/?documento=1009&desc=PARECER_004-2021	200	files/CACS_FUNDEB/Outros/1009__PARECER 004-2021.pdf	1009__PARECER 004-2021.pdf	436150	9eea91596e38f6b1bdc11acb798d46834a85ca6fcf5bd28802404c7d83c30b77	application/pdf	DOWNLOADED
CACS_FUNDEB	33	Outros	1010	PARECER_001-2022	https://serv42.limeira.sp.gov.br/netConselhos/listaDocumentos/?conselho=33	https://serv42.limeira.sp.gov.br/netConselhos/documento/?documento=1010&desc=PARECER_001-2022	https://serv42.limeira.sp.gov.br/netConselhos/documento/?documento=1010&desc=PARECER_001-2022	200	files/CACS_FUNDEB/Outros/1010__PARECER 001-2022.pdf	1010__PARECER 001-2022.pdf	426896	df4479d0dd892ff6229f0c65580adb0b332a12477330208171dcc23dabb46dd7	application/pdf	DOWNLOADED
CACS_FUNDEB	33	Outros	1185	PARECER_002-2022	https://serv42.limeira.sp.gov.br/netConselhos/listaDocumentos/?conselho=33	https://serv42.limeira.sp.gov.br/netConselhos/documento/?documento=1185&desc=PARECER_002-2022	https://serv42.limeira.sp.gov.br/netConselhos/documento/?documento=1185&desc=PARECER_002-2022	200	files/CACS_FUNDEB/Outros/1185__PARECER 002-2022.pdf	1185__PARECER 002-2022.pdf	79665	dc48fcfa841c602b2d87ef48b82da21ce42e493155ed6943b372e84f8dda6296	application/pdf	DOWNLOADED
CACS_FUNDEB	33	Outros	1186	PARECER_003-2022	https://serv42.limeira.sp.gov.br/netConselhos/listaDocumentos/?conselho=33	https://serv42.limeira.sp.gov.br/netConselhos/documento/?documento=1186&desc=PARECER_003-2022	https://serv42.limeira.sp.gov.br/netConselhos/documento/?documento=1186&desc=PARECER_003-2022	200	files/CACS_FUNDEB/Outros/1186__PARECER 003-2022.pdf	1186__PARECER 003-2022.pdf	73058	4ab411cfe965bf7202ad8888bd78fa789b634c9f9cd43f871491fabbe0f5b1e7	application/pdf	DOWNLOADED
CACS_FUNDEB	33	Outros	1475	CRONOGRAMA__REUNIOES_ORDINARIAS_2024_-_CACS-FUNDEB_	https://serv42.limeira.sp.gov.br/netConselhos/listaDocumentos/?conselho=33	https://serv42.limeira.sp.gov.br/netConselhos/documento/?documento=1475&desc=CRONOGRAMA__REUNIOES_ORDINARIAS_2024_-_CACS-FUNDEB_	https://serv42.limeira.sp.gov.br/netConselhos/documento/?documento=1475&desc=CRONOGRAMA__REUNIOES_ORDINARIAS_2024_-_CACS-FUNDEB_	200	files/CACS_FUNDEB/Outros/1475__CRONOGRAMA REUNIÕES ORDINÁRIAS 2024 - CACS-FUNDEB .pdf	1475__CRONOGRAMA REUNIÕES ORDINÁRIAS 2024 - CACS-FUNDEB .pdf	154371	6c4404f7268bf6c2080d9b55459cbff630a2c10f2ba9d68f8418827bab3e9846	application/pdf	DOWNLOADED
CACS_FUNDEB	33	Outros	1476	PARECERES_TRIMESTRAIS_CACS-FUNDEB_2023	https://serv42.limeira.sp.gov.br/netConselhos/listaDocumentos/?conselho=33	https://serv42.limeira.sp.gov.br/netConselhos/documento/?documento=1476&desc=PARECERES_TRIMESTRAIS_CACS-FUNDEB_2023	https://serv42.limeira.sp.gov.br/netConselhos/documento/?documento=1476&desc=PARECERES_TRIMESTRAIS_CACS-FUNDEB_2023	200	files/CACS_FUNDEB/Outros/1476__PARECERES TRIMESTRAIS CACS-FUNDEB 2023.pdf	1476__PARECERES TRIMESTRAIS CACS-FUNDEB 2023.pdf	245264	77196ac284c83cb6244ec6f258cd19b5debfe147c84212996f2a1ea383389058	application/pdf	DOWNLOADED
CACS_FUNDEB	33	Outros	1477	NOVEMBRO_2023_-_DEMONSTRATIVO_MENSAL	https://serv42.limeira.sp.gov.br/netConselhos/listaDocumentos/?conselho=33	https://serv42.limeira.sp.gov.br/netConselhos/documento/?documento=1477&desc=NOVEMBRO_2023_-_DEMONSTRATIVO_MENSAL	https://serv42.limeira.sp.gov.br/netConselhos/documento/?documento=1477&desc=NOVEMBRO_2023_-_DEMONSTRATIVO_MENSAL	200	files/CACS_FUNDEB/Outros/1477__NOVEMBRO 2023 - DEMONSTRATIVO MENSAL.pdf	1477__NOVEMBRO 2023 - DEMONSTRATIVO MENSAL.pdf	468217	14189f84884f7dcc28bc154172f66caa64cc1ad84dd203e15a3b1d5ecfb8602d	application/pdf	DOWNLOADED
CACS_FUNDEB	33	Outros	1478	DEZEMBRO_2023_-_DEMONSTRATIVO_MENSAL	https://serv42.limeira.sp.gov.br/netConselhos/listaDocumentos/?conselho=33	https://serv42.limeira.sp.gov.br/netConselhos/documento/?documento=1478&desc=DEZEMBRO_2023_-_DEMONSTRATIVO_MENSAL	https://serv42.limeira.sp.gov.br/netConselhos/documento/?documento=1478&desc=DEZEMBRO_2023_-_DEMONSTRATIVO_MENSAL	200	files/CACS_FUNDEB/Outros/1478__DEZEMBRO 2023 - DEMONSTRATIVO MENSAL.pdf	1478__DEZEMBRO 2023 - DEMONSTRATIVO MENSAL.pdf	468688	fc9cc46f4d9d838865c1cec188035383865fd30fd3d9fc51790d9d7c5437c938	application/pdf	DOWNLOADED
CACS_FUNDEB	33	Outros	1479	DEMONSTRATIVO_ANUAL_CACS-FUNDEB_-_2023	https://serv42.limeira.sp.gov.br/netConselhos/listaDocumentos/?conselho=33	https://serv42.limeira.sp.gov.br/netConselhos/documento/?documento=1479&desc=DEMONSTRATIVO_ANUAL_CACS-FUNDEB_-_2023	https://serv42.limeira.sp.gov.br/netConselhos/documento/?documento=1479&desc=DEMONSTRATIVO_ANUAL_CACS-FUNDEB_-_2023	200	files/CACS_FUNDEB/Outros/1479__DEMONSTRATIVO ANUAL CACS-FUNDEB - 2023.pdf	1479__DEMONSTRATIVO ANUAL CACS-FUNDEB - 2023.pdf	646303	49b957c80cc4aac5372e86e82008ba2bc097d466776f1697a7a0fea6c2d25255	application/pdf	DOWNLOADED
CACS_FUNDEB	33	Outros	1480	DEZEMBRO_2023_-_RELATORIO_MENSAL_DE_QUANTIDADE_DE_CARGOS_PAGOS	https://serv42.limeira.sp.gov.br/netConselhos/listaDocumentos/?conselho=33	https://serv42.limeira.sp.gov.br/netConselhos/documento/?documento=1480&desc=DEZEMBRO_2023_-_RELATORIO_MENSAL_DE_QUANTIDADE_DE_CARGOS_PAGOS	https://serv42.limeira.sp.gov.br/netConselhos/documento/?documento=1480&desc=DEZEMBRO_2023_-_RELATORIO_MENSAL_DE_QUANTIDADE_DE_CARGOS_PAGOS	200	files/CACS_FUNDEB/Outros/1480__DEZEMBRO 2023 - RELATÓRIO MENSAL DE QUANTIDADE DE CARGOS PAGOS.pdf	1480__DEZEMBRO 2023 - RELATÓRIO MENSAL DE QUANTIDADE DE CARGOS PAGOS.pdf	458660	35ce27446a8192401bc1494178ce50bf47a231466d9109d0e5caa46fc60f69a9	application/pdf	DOWNLOADED
CACS_FUNDEB	33	Outros	1481	DEZEMBRO_2023_-_RELATORIO_MENSAL_DE_VALORES_PAGOS_POR_CARGO	https://serv42.limeira.sp.gov.br/netConselhos/listaDocumentos/?conselho=33	https://serv42.limeira.sp.gov.br/netConselhos/documento/?documento=1481&desc=DEZEMBRO_2023_-_RELATORIO_MENSAL_DE_VALORES_PAGOS_POR_CARGO	https://serv42.limeira.sp.gov.br/netConselhos/documento/?documento=1481&desc=DEZEMBRO_2023_-_RELATORIO_MENSAL_DE_VALORES_PAGOS_POR_CARGO	200	files/CACS_FUNDEB/Outros/1481__DEZEMBRO 2023 - RELATÓRIO MENSAL DE VALORES PAGOS POR CARGO.pdf	1481__DEZEMBRO 2023 - RELATÓRIO MENSAL DE VALORES PAGOS POR CARGO.pdf	461788	fc42c3ad1bb2dda4e54b20a6334915ddc786510b6fe8ec23472d3135efdf1ecf	application/pdf	DOWNLOADED
CACS_FUNDEB	33	Outros	1521	JANEIRO_2024_-_DEMONSTRATIVO_MENSAL	https://serv42.limeira.sp.gov.br/netConselhos/listaDocumentos/?conselho=33	https://serv42.limeira.sp.gov.br/netConselhos/documento/?documento=1521&desc=JANEIRO_2024_-_DEMONSTRATIVO_MENSAL	https://serv42.limeira.sp.gov.br/netConselhos/documento/?documento=1521&desc=JANEIRO_2024_-_DEMONSTRATIVO_MENSAL	200	files/CACS_FUNDEB/Outros/1521__JANEIRO 2024 - DEMONSTRATIVO MENSAL.pdf	1521__JANEIRO 2024 - DEMONSTRATIVO MENSAL.pdf	467093	dfe38fd19724ffd2c71328b8120a61df92fd9852f8bf29aa66b19580289218fb	application/pdf	DOWNLOADED
CACS_FUNDEB	33	Outros	1522	FEVEREIRO_2024_-_DEMONSTRATIVO_MENSAL	https://serv42.limeira.sp.gov.br/netConselhos/listaDocumentos/?conselho=33	https://serv42.limeira.sp.gov.br/netConselhos/documento/?documento=1522&desc=FEVEREIRO_2024_-_DEMONSTRATIVO_MENSAL	https://serv42.limeira.sp.gov.br/netConselhos/documento/?documento=1522&desc=FEVEREIRO_2024_-_DEMONSTRATIVO_MENSAL	200	files/CACS_FUNDEB/Outros/1522__FEVEREIRO 2024 - DEMONSTRATIVO MENSAL.pdf	1522__FEVEREIRO 2024 - DEMONSTRATIVO MENSAL.pdf	469887	8a060a05eab77301ceb705b9045a9c8888415032f7bd38fc37cfc5987a7222bc	application/pdf	DOWNLOADED
CACS_FUNDEB	33	Outros	1523	MARCO_2024_-_DEMONSTRATIVO_MENSAL	https://serv42.limeira.sp.gov.br/netConselhos/listaDocumentos/?conselho=33	https://serv42.limeira.sp.gov.br/netConselhos/documento/?documento=1523&desc=MARCO_2024_-_DEMONSTRATIVO_MENSAL	https://serv42.limeira.sp.gov.br/netConselhos/documento/?documento=1523&desc=MARCO_2024_-_DEMONSTRATIVO_MENSAL	200	files/CACS_FUNDEB/Outros/1523__MARÇO 2024 - DEMONSTRATIVO MENSAL.pdf	1523__MARÇO 2024 - DEMONSTRATIVO MENSAL.pdf	71217	6976668c1f9a063d51c01772d4259d2b30444de8b15c7383a586557fc0589661	application/pdf	DOWNLOADED
CACS_FUNDEB	33	Outros	1524	ABRIL_2024_-_DEMONSTRATIVO_MENSAL	https://serv42.limeira.sp.gov.br/netConselhos/listaDocumentos/?conselho=33	https://serv42.limeira.sp.gov.br/netConselhos/documento/?documento=1524&desc=ABRIL_2024_-_DEMONSTRATIVO_MENSAL	https://serv42.limeira.sp.gov.br/netConselhos/documento/?documento=1524&desc=ABRIL_2024_-_DEMONSTRATIVO_MENSAL	200	files/CACS_FUNDEB/Outros/1524__ABRIL 2024 - DEMONSTRATIVO MENSAL.pdf	1524__ABRIL 2024 - DEMONSTRATIVO MENSAL.pdf	459660	df15237b175360ea9a6ebd77c7c7fd1ceb2e33b837f355ad4a5059fc7f463acd	application/pdf	DOWNLOADED
CACS_FUNDEB	33	Outros	1525	DEMONSTRATIVO_ANUAL_FUNDEB-_ATE_ABRIL-2024	https://serv42.limeira.sp.gov.br/netConselhos/listaDocumentos/?conselho=33	https://serv42.limeira.sp.gov.br/netConselhos/documento/?documento=1525&desc=DEMONSTRATIVO_ANUAL_FUNDEB-_ATE_ABRIL-2024	https://serv42.limeira.sp.gov.br/netConselhos/documento/?documento=1525&desc=DEMONSTRATIVO_ANUAL_FUNDEB-_ATE_ABRIL-2024	200	files/CACS_FUNDEB/Outros/1525__DEMONSTRATIVO ANUAL FUNDEB- ATÉ ABRIL-2024.pdf	1525__DEMONSTRATIVO ANUAL FUNDEB- ATÉ ABRIL-2024.pdf	293596	0c94214958913d9c7ab9f65643494431bbfa763cbc90d9e38686f49cd03508b0	application/pdf	DOWNLOADED
CACS_FUNDEB	33	Outros	1602	MAIO_2024_-_DEMONSTRATIVO_MENSAL	https://serv42.limeira.sp.gov.br/netConselhos/listaDocumentos/?conselho=33	https://serv42.limeira.sp.gov.br/netConselhos/documento/?documento=1602&desc=MAIO_2024_-_DEMONSTRATIVO_MENSAL	https://serv42.limeira.sp.gov.br/netConselhos/documento/?documento=1602&desc=MAIO_2024_-_DEMONSTRATIVO_MENSAL	200	files/CACS_FUNDEB/Outros/1602__MAIO 2024 - DEMONSTRATIVO MENSAL.pdf	1602__MAIO 2024 - DEMONSTRATIVO MENSAL.pdf	77180	8ab8a2161bf12452855cf2538e9c99caab1398d7e76bc32be4b24d05f14a7e4e	application/pdf	DOWNLOADED
CACS_FUNDEB	33	Outros	1603	RELATORIO_DE_QUANTIDADE_DE_CARGOS_PAGOS_-JANEIRO_A_MARCO	https://serv42.limeira.sp.gov.br/netConselhos/listaDocumentos/?conselho=33	https://serv42.limeira.sp.gov.br/netConselhos/documento/?documento=1603&desc=RELATORIO_DE_QUANTIDADE_DE_CARGOS_PAGOS_-JANEIRO_A_MARCO	https://serv42.limeira.sp.gov.br/netConselhos/documento/?documento=1603&desc=RELATORIO_DE_QUANTIDADE_DE_CARGOS_PAGOS_-JANEIRO_A_MARCO	200	files/CACS_FUNDEB/Outros/1603__RELATÓRIO DE QUANTIDADE DE CARGOS PAGOS -JANEIRO A MARÇO.pdf	1603__RELATÓRIO DE QUANTIDADE DE CARGOS PAGOS -JANEIRO A MARÇO.pdf	34208	aaf29e6139b0132efdd25d42f571bd6d3201b398d986bcd11dccb672237e45ac	application/pdf	DOWNLOADED
CACS_FUNDEB	33	Outros	1604	RELATORIO_DE_VALORES_PAGOS_POR_CARGO_-_JANEIRO_A_MARCO	https://serv42.limeira.sp.gov.br/netConselhos/listaDocumentos/?conselho=33	https://serv42.limeira.sp.gov.br/netConselhos/documento/?documento=1604&desc=RELATORIO_DE_VALORES_PAGOS_POR_CARGO_-_JANEIRO_A_MARCO	https://serv42.limeira.sp.gov.br/netConselhos/documento/?documento=1604&desc=RELATORIO_DE_VALORES_PAGOS_POR_CARGO_-_JANEIRO_A_MARCO	200	files/CACS_FUNDEB/Outros/1604__RELATÓRIO DE VALORES PAGOS POR CARGO - JANEIRO A MARÇO.pdf	1604__RELATÓRIO DE VALORES PAGOS POR CARGO - JANEIRO A MARÇO.pdf	40056	efc7afb7432addc9381a37c424fa0eb77c9a4d1302743096d9ac0523ed12248d	application/pdf	DOWNLOADED
CACS_FUNDEB	33	Outros	1613	PARECER_02-2024_-_2-_TRIMESTRE_2024	https://serv42.limeira.sp.gov.br/netConselhos/listaDocumentos/?conselho=33	https://serv42.limeira.sp.gov.br/netConselhos/documento/?documento=1613&desc=PARECER_02-2024_-_2-_TRIMESTRE_2024	https://serv42.limeira.sp.gov.br/netConselhos/documento/?documento=1613&desc=PARECER_02-2024_-_2-_TRIMESTRE_2024	200	files/CACS_FUNDEB/Outros/1613__PARECER 02-2024 - 2º TRIMESTRE 2024.pdf	1613__PARECER 02-2024 - 2º TRIMESTRE 2024.pdf	49433	08f4f04a0b6f5cb9e4f93489c385c2c0944acabc69204d1b5b37818e9f9a6ee6	application/pdf	DOWNLOADED
CACS_FUNDEB	33	Outros	1682	Atas_do_-_CACS-Fundeb_-_de_2007_a_2023	https://serv42.limeira.sp.gov.br/netConselhos/listaDocumentos/?conselho=33	https://serv42.limeira.sp.gov.br/netConselhos/documento/?documento=1682&desc=Atas_do_-_CACS-Fundeb_-_de_2007_a_2023	https://serv42.limeira.sp.gov.br/netConselhos/documento/?documento=1682&desc=Atas_do_-_CACS-Fundeb_-_de_2007_a_2023	200	files/CACS_FUNDEB/Outros/1682__Atas do - CACS-Fundeb - de 2007 a 2023.pdf	1682__Atas do - CACS-Fundeb - de 2007 a 2023.pdf	435188	ddaa9bde3bc7c9a22292bf78b07ef80fa7f87f92f0bd355fabd08686706adad9	application/pdf	DOWNLOADED
CACS_FUNDEB	33	Outros	1726	Estudo_sobre_imoveis_adquiridos_pelo_Fundeb_de_2008_a_2010	https://serv42.limeira.sp.gov.br/netConselhos/listaDocumentos/?conselho=33	https://serv42.limeira.sp.gov.br/netConselhos/documento/?documento=1726&desc=Estudo_sobre_imoveis_adquiridos_pelo_Fundeb_de_2008_a_2010	https://serv42.limeira.sp.gov.br/netConselhos/documento/?documento=1726&desc=Estudo_sobre_imoveis_adquiridos_pelo_Fundeb_de_2008_a_2010	200	files/CACS_FUNDEB/Outros/1726__Estudo sobre imóveis adquiridos pelo Fundeb de 2008 a 2010.pdf	1726__Estudo sobre imóveis adquiridos pelo Fundeb de 2008 a 2010.pdf	7208455	6722821beb8c5f99ca71141310ebef358f084ae0c5c0769766dac56ac0cd0f08	application/pdf	DOWNLOADED
CACS_FUNDEB	33	Outros	1908	Demonstrativo_fundeb_11-2024	https://serv42.limeira.sp.gov.br/netConselhos/listaDocumentos/?conselho=33	https://serv42.limeira.sp.gov.br/netConselhos/documento/?documento=1908&desc=Demonstrativo_fundeb_11-2024	https://serv42.limeira.sp.gov.br/netConselhos/documento/?documento=1908&desc=Demonstrativo_fundeb_11-2024	200	files/CACS_FUNDEB/Outros/1908__Demonstrativo fundeb 11-2024.pdf	1908__Demonstrativo fundeb 11-2024.pdf	548214	98f80c63acb6b61d22acd1c50ccfafe9bf56656ad86d3035ccdfc1373e932ae2	application/pdf	DOWNLOADED
CACS_FUNDEB	33	Outros	1909	demonstrativo_fundeb_12-2024	https://serv42.limeira.sp.gov.br/netConselhos/listaDocumentos/?conselho=33	https://serv42.limeira.sp.gov.br/netConselhos/documento/?documento=1909&desc=demonstrativo_fundeb_12-2024	https://serv42.limeira.sp.gov.br/netConselhos/documento/?documento=1909&desc=demonstrativo_fundeb_12-2024	200	files/CACS_FUNDEB/Outros/1909__demonstrativo fundeb 12-2024.pdf	1909__demonstrativo fundeb 12-2024.pdf	547773	b7b42cd737e7dcc3a759fbd3c5f50d99895e7585df9d9e45f89ac249d92c874f	application/pdf	DOWNLOADED
CACS_FUNDEB	33	Outros	1910	Demonstrativo_fundeb_anual_2024	https://serv42.limeira.sp.gov.br/netConselhos/listaDocumentos/?conselho=33	https://serv42.limeira.sp.gov.br/netConselhos/documento/?documento=1910&desc=Demonstrativo_fundeb_anual_2024	https://serv42.limeira.sp.gov.br/netConselhos/documento/?documento=1910&desc=Demonstrativo_fundeb_anual_2024	200	files/CACS_FUNDEB/Outros/1910__Demonstrativo fundeb anual 2024.pdf	1910__Demonstrativo fundeb anual 2024.pdf	544139	8c98a512c1ff018270bd7ac1c2c914bd1bfc5cf6b7cfc44e52a8d1b633c2e2db	application/pdf	DOWNLOADED
CACS_FUNDEB	33	Outros	2438	QUANTIDADE_DE_CARGOS_PAGOS_COM_FUNDEB_-_MAIO-2024	https://serv42.limeira.sp.gov.br/netConselhos/listaDocumentos/?conselho=33	https://serv42.limeira.sp.gov.br/netConselhos/documento/?documento=2438&desc=QUANTIDADE_DE_CARGOS_PAGOS_COM_FUNDEB_-_MAIO-2024	https://serv42.limeira.sp.gov.br/netConselhos/documento/?documento=2438&desc=QUANTIDADE_DE_CARGOS_PAGOS_COM_FUNDEB_-_MAIO-2024	200	files/CACS_FUNDEB/Outros/2438__QUANTIDADE DE CARGOS PAGOS COM FUNDEB - MAIO-2024.pdf	2438__QUANTIDADE DE CARGOS PAGOS COM FUNDEB - MAIO-2024.pdf	305983	31b47247b28566c8960fd450d0c0bf38a7ac707b0a660bf78e8eb3d489ef680c	application/pdf	DOWNLOADED
CACS_FUNDEB	33	Outros	2439	PARECER_CONCLUSIVO_JULHO,_AGOSTO_E_SETEMBRO_-_2024	https://serv42.limeira.sp.gov.br/netConselhos/listaDocumentos/?conselho=33	https://serv42.limeira.sp.gov.br/netConselhos/documento/?documento=2439&desc=PARECER_CONCLUSIVO_JULHO,_AGOSTO_E_SETEMBRO_-_2024	https://serv42.limeira.sp.gov.br/netConselhos/documento/?documento=2439&desc=PARECER_CONCLUSIVO_JULHO,_AGOSTO_E_SETEMBRO_-_2024	200	files/CACS_FUNDEB/Outros/2439__PARECER CONCLUSIVO JULHO, AGOSTO E SETEMBRO - 2024.pdf	2439__PARECER CONCLUSIVO JULHO, AGOSTO E SETEMBRO - 2024.pdf	59903	e68cc3b322d99ac4e4a10649ac10db1e7d9e42e69cf45e6be01d6df38b59181a	application/pdf	DOWNLOADED
CACS_FUNDEB	33	Outros	2440	PARECER_CONCLUSIVO_OUTUBRO,_NOVEMBRO,_DEZEMBRO_E_13-_SALARIO_-_2024	https://serv42.limeira.sp.gov.br/netConselhos/listaDocumentos/?conselho=33	https://serv42.limeira.sp.gov.br/netConselhos/documento/?documento=2440&desc=PARECER_CONCLUSIVO_OUTUBRO,_NOVEMBRO,_DEZEMBRO_E_13-_SALARIO_-_2024	https://serv42.limeira.sp.gov.br/netConselhos/documento/?documento=2440&desc=PARECER_CONCLUSIVO_OUTUBRO,_NOVEMBRO,_DEZEMBRO_E_13-_SALARIO_-_2024	200	files/CACS_FUNDEB/Outros/2440__PARECER CONCLUSIVO OUTUBRO, NOVEMBRO, DEZEMBRO E 13º SALÁRIO - 2024.pdf	2440__PARECER CONCLUSIVO OUTUBRO, NOVEMBRO, DEZEMBRO E 13º SALÁRIO - 2024.pdf	57645	ab149080c6ab51b9c70c4186ef4a9302d73c415edc7ca0c73bc759bf3ee2693b	application/pdf	DOWNLOADED
CACS_FUNDEB	33	Outros	2441	demonstrativo_fundeb_01-2025	https://serv42.limeira.sp.gov.br/netConselhos/listaDocumentos/?conselho=33	https://serv42.limeira.sp.gov.br/netConselhos/documento/?documento=2441&desc=demonstrativo_fundeb_01-2025	https://serv42.limeira.sp.gov.br/netConselhos/documento/?documento=2441&desc=demonstrativo_fundeb_01-2025	200	files/CACS_FUNDEB/Outros/2441__demonstrativo fundeb 01-2025.pdf	2441__demonstrativo fundeb 01-2025.pdf	471832	dd14717b0649f6d215469bdcdfa8aaa3b2b02e33f521be305a52d64e917d38f2	application/pdf	DOWNLOADED
CACS_FUNDEB	33	Outros	2442	demonstrativo_fundeb_02-2025	https://serv42.limeira.sp.gov.br/netConselhos/listaDocumentos/?conselho=33	https://serv42.limeira.sp.gov.br/netConselhos/documento/?documento=2442&desc=demonstrativo_fundeb_02-2025	https://serv42.limeira.sp.gov.br/netConselhos/documento/?documento=2442&desc=demonstrativo_fundeb_02-2025	200	files/CACS_FUNDEB/Outros/2442__demonstrativo fundeb 02-2025.pdf	2442__demonstrativo fundeb 02-2025.pdf	545716	710e08994489e44a98c2a8fc3ec13edc0067e9190e3d8ed3acb7fd3c0e69f9c3	application/pdf	DOWNLOADED
CACS_FUNDEB	33	Outros	2443	Demonstrativo_SIOPE-MAVS_-_1-_BIMESTRE_2025	https://serv42.limeira.sp.gov.br/netConselhos/listaDocumentos/?conselho=33	https://serv42.limeira.sp.gov.br/netConselhos/documento/?documento=2443&desc=Demonstrativo_SIOPE-MAVS_-_1-_BIMESTRE_2025	https://serv42.limeira.sp.gov.br/netConselhos/documento/?documento=2443&desc=Demonstrativo_SIOPE-MAVS_-_1-_BIMESTRE_2025	200	files/CACS_FUNDEB/Outros/2443__Demonstrativo SIOPE-MAVS - 1º BIMESTRE 2025.pdf	2443__Demonstrativo SIOPE-MAVS - 1º BIMESTRE 2025.pdf	335137	7d22cbc31129a8a6c0336a4618cb29becd44a9fadabae12687fe4b03b944b331	application/pdf	DOWNLOADED
CACS_FUNDEB	33	Outros	2444	demonstrativo_fundeb_03-2025	https://serv42.limeira.sp.gov.br/netConselhos/listaDocumentos/?conselho=33	https://serv42.limeira.sp.gov.br/netConselhos/documento/?documento=2444&desc=demonstrativo_fundeb_03-2025	https://serv42.limeira.sp.gov.br/netConselhos/documento/?documento=2444&desc=demonstrativo_fundeb_03-2025	200	files/CACS_FUNDEB/Outros/2444__demonstrativo fundeb 03-2025.pdf	2444__demonstrativo fundeb 03-2025.pdf	345053	30122e3711feaf13b9749abd9e4cda6a14ef75fa9a8978e7975f282dc60e4e07	application/pdf	DOWNLOADED
CACS_FUNDEB	33	Outros	2445	PARECER_CONCLUSIVO_JANEIRO,_FEVEREIRO_E_MARCO_-_2025	https://serv42.limeira.sp.gov.br/netConselhos/listaDocumentos/?conselho=33	https://serv42.limeira.sp.gov.br/netConselhos/documento/?documento=2445&desc=PARECER_CONCLUSIVO_JANEIRO,_FEVEREIRO_E_MARCO_-_2025	https://serv42.limeira.sp.gov.br/netConselhos/documento/?documento=2445&desc=PARECER_CONCLUSIVO_JANEIRO,_FEVEREIRO_E_MARCO_-_2025	200	files/CACS_FUNDEB/Outros/2445__PARECER CONCLUSIVO JANEIRO, FEVEREIRO E MARÇO - 2025.pdf	2445__PARECER CONCLUSIVO JANEIRO, FEVEREIRO E MARÇO - 2025.pdf	65830	f13870e78bc046a1597ba6553a99872638c3227dd6d097f97805ab3823658944	application/pdf	DOWNLOADED
CACS_FUNDEB	33	Outros	2446	QUANTIDADE_DE_CARGOS_PAGOS_COM_FUNDEB_-_MARCO-2025	https://serv42.limeira.sp.gov.br/netConselhos/listaDocumentos/?conselho=33	https://serv42.limeira.sp.gov.br/netConselhos/documento/?documento=2446&desc=QUANTIDADE_DE_CARGOS_PAGOS_COM_FUNDEB_-_MARCO-2025	https://serv42.limeira.sp.gov.br/netConselhos/documento/?documento=2446&desc=QUANTIDADE_DE_CARGOS_PAGOS_COM_FUNDEB_-_MARCO-2025	200	files/CACS_FUNDEB/Outros/2446__QUANTIDADE DE CARGOS PAGOS COM FUNDEB - MARÇO-2025.pdf	2446__QUANTIDADE DE CARGOS PAGOS COM FUNDEB - MARÇO-2025.pdf	414354	01de17e8c7135d390ca1644119b2a53d01b4442fcd0cdc2118eec153295a1063	application/pdf	DOWNLOADED
CACS_FUNDEB	33	Outros	2447	demonstrativo_fundeb_04-2025	https://serv42.limeira.sp.gov.br/netConselhos/listaDocumentos/?conselho=33	https://serv42.limeira.sp.gov.br/netConselhos/documento/?documento=2447&desc=demonstrativo_fundeb_04-2025	https://serv42.limeira.sp.gov.br/netConselhos/documento/?documento=2447&desc=demonstrativo_fundeb_04-2025	200	files/CACS_FUNDEB/Outros/2447__demonstrativo fundeb 04-2025.pdf	2447__demonstrativo fundeb 04-2025.pdf	550966	648ca93f1e2fe3a3b76cabb64f8c360761cbde11a97ac81ed267a89b3a0ae166	application/pdf	DOWNLOADED
CACS_FUNDEB	33	Outros	2448	Demonstrativo_SIOPE-MAVS_-__2-_BIMESTRE_2025	https://serv42.limeira.sp.gov.br/netConselhos/listaDocumentos/?conselho=33	https://serv42.limeira.sp.gov.br/netConselhos/documento/?documento=2448&desc=Demonstrativo_SIOPE-MAVS_-__2-_BIMESTRE_2025	https://serv42.limeira.sp.gov.br/netConselhos/documento/?documento=2448&desc=Demonstrativo_SIOPE-MAVS_-__2-_BIMESTRE_2025	200	files/CACS_FUNDEB/Outros/2448__Demonstrativo SIOPE-MAVS - 2º BIMESTRE 2025.pdf	2448__Demonstrativo SIOPE-MAVS - 2º BIMESTRE 2025.pdf	297461	81e5a0aa3fa93cddb748e579b69af3c9c8681c1fea3b2e976753d87767de2f1b	application/pdf	DOWNLOADED
CACS_FUNDEB	33	Outros	2449	QUANTIDADE_DE_CARGOS_PAGOS_COM_FUNDEB_-_ABRIL-2025	https://serv42.limeira.sp.gov.br/netConselhos/listaDocumentos/?conselho=33	https://serv42.limeira.sp.gov.br/netConselhos/documento/?documento=2449&desc=QUANTIDADE_DE_CARGOS_PAGOS_COM_FUNDEB_-_ABRIL-2025	https://serv42.limeira.sp.gov.br/netConselhos/documento/?documento=2449&desc=QUANTIDADE_DE_CARGOS_PAGOS_COM_FUNDEB_-_ABRIL-2025	200	files/CACS_FUNDEB/Outros/2449__QUANTIDADE DE CARGOS PAGOS COM FUNDEB - ABRIL-2025.pdf	2449__QUANTIDADE DE CARGOS PAGOS COM FUNDEB - ABRIL-2025.pdf	416944	2f0c7fa1a2730db300db85f7f2b3bff66a32d3292301e03af2b5aed3ca4ed46f	application/pdf	DOWNLOADED
CACS_FUNDEB	33	Outros	2450	demonstrativo_fundeb_05-2025	https://serv42.limeira.sp.gov.br/netConselhos/listaDocumentos/?conselho=33	https://serv42.limeira.sp.gov.br/netConselhos/documento/?documento=2450&desc=demonstrativo_fundeb_05-2025	https://serv42.limeira.sp.gov.br/netConselhos/documento/?documento=2450&desc=demonstrativo_fundeb_05-2025	200	files/CACS_FUNDEB/Outros/2450__demonstrativo fundeb 05-2025.pdf	2450__demonstrativo fundeb 05-2025.pdf	547504	d3dd33de0de26a217a7b9074e03f51916651e8bab716810ddf9fc468f4ead7a1	application/pdf	DOWNLOADED
CACS_FUNDEB	33	Outros	2451	demonstrativo_fundeb_06-2025	https://serv42.limeira.sp.gov.br/netConselhos/listaDocumentos/?conselho=33	https://serv42.limeira.sp.gov.br/netConselhos/documento/?documento=2451&desc=demonstrativo_fundeb_06-2025	https://serv42.limeira.sp.gov.br/netConselhos/documento/?documento=2451&desc=demonstrativo_fundeb_06-2025	200	files/CACS_FUNDEB/Outros/2451__demonstrativo fundeb 06-2025.pdf	2451__demonstrativo fundeb 06-2025.pdf	548393	9671f33cefc43e761a1969f8bcbc009c3231e77b6e7ccfc3bbf95ea35b237eea	application/pdf	DOWNLOADED
CACS_FUNDEB	33	Outros	2452	Demonstrativo_SIOPE-MAVS_-_3-_BIMESTRE_2025	https://serv42.limeira.sp.gov.br/netConselhos/listaDocumentos/?conselho=33	https://serv42.limeira.sp.gov.br/netConselhos/documento/?documento=2452&desc=Demonstrativo_SIOPE-MAVS_-_3-_BIMESTRE_2025	https://serv42.limeira.sp.gov.br/netConselhos/documento/?documento=2452&desc=Demonstrativo_SIOPE-MAVS_-_3-_BIMESTRE_2025	200	files/CACS_FUNDEB/Outros/2452__Demonstrativo SIOPE-MAVS - 3º BIMESTRE 2025.pdf	2452__Demonstrativo SIOPE-MAVS - 3º BIMESTRE 2025.pdf	22336	c76b10178883e6f73e9ccffa669db4f23b9adfb830a508bf0b11e563a1d9b94f	application/pdf	DOWNLOADED
CACS_FUNDEB	33	Outros	2453	PARECER_CONCLUSIVO_ABRIL,_MAIO_E_JUNHO_-_2025	https://serv42.limeira.sp.gov.br/netConselhos/listaDocumentos/?conselho=33	https://serv42.limeira.sp.gov.br/netConselhos/documento/?documento=2453&desc=PARECER_CONCLUSIVO_ABRIL,_MAIO_E_JUNHO_-_2025	https://serv42.limeira.sp.gov.br/netConselhos/documento/?documento=2453&desc=PARECER_CONCLUSIVO_ABRIL,_MAIO_E_JUNHO_-_2025	200	files/CACS_FUNDEB/Outros/2453__PARECER CONCLUSIVO ABRIL, MAIO E JUNHO - 2025.pdf	2453__PARECER CONCLUSIVO ABRIL, MAIO E JUNHO - 2025.pdf	64765	29e3ab65fd51d0c4d5936a3d49105e6320052ac55a31792715b35a9c0a089130	application/pdf	DOWNLOADED
CACS_FUNDEB	33	Outros	2454	demonstrativo_fundeb_07-2025	https://serv42.limeira.sp.gov.br/netConselhos/listaDocumentos/?conselho=33	https://serv42.limeira.sp.gov.br/netConselhos/documento/?documento=2454&desc=demonstrativo_fundeb_07-2025	https://serv42.limeira.sp.gov.br/netConselhos/documento/?documento=2454&desc=demonstrativo_fundeb_07-2025	200	files/CACS_FUNDEB/Outros/2454__demonstrativo fundeb 07-2025.pdf	2454__demonstrativo fundeb 07-2025.pdf	548136	6db973f3689d61dd135a180393e1fdac6a38cfd2adc2e3559a6ffb038f4f0e46	application/pdf	DOWNLOADED
CACS_FUNDEB	33	Outros	2455	QUANTIDADE_DE_CARGOS_PAGOS_COM_FUNDEB_-_JULHO-2025	https://serv42.limeira.sp.gov.br/netConselhos/listaDocumentos/?conselho=33	https://serv42.limeira.sp.gov.br/netConselhos/documento/?documento=2455&desc=QUANTIDADE_DE_CARGOS_PAGOS_COM_FUNDEB_-_JULHO-2025	https://serv42.limeira.sp.gov.br/netConselhos/documento/?documento=2455&desc=QUANTIDADE_DE_CARGOS_PAGOS_COM_FUNDEB_-_JULHO-2025	200	files/CACS_FUNDEB/Outros/2455__QUANTIDADE DE CARGOS PAGOS COM FUNDEB - JULHO-2025.pdf	2455__QUANTIDADE DE CARGOS PAGOS COM FUNDEB - JULHO-2025.pdf	414013	497a2a5f9c9632ed2e02f16a1f985e9769d90ca59d3e4e7e8acdda6b06846491	application/pdf	DOWNLOADED
CACS_FUNDEB	33	Outros	2456	demonstrativo_fundeb_08-2025	https://serv42.limeira.sp.gov.br/netConselhos/listaDocumentos/?conselho=33	https://serv42.limeira.sp.gov.br/netConselhos/documento/?documento=2456&desc=demonstrativo_fundeb_08-2025	https://serv42.limeira.sp.gov.br/netConselhos/documento/?documento=2456&desc=demonstrativo_fundeb_08-2025	200	files/CACS_FUNDEB/Outros/2456__demonstrativo fundeb 08-2025.pdf	2456__demonstrativo fundeb 08-2025.pdf	543853	4e93f554f17e2aeed527ca712ad1e0d1c93c9bc42e8a15aa0fd9504735aaafe9	application/pdf	DOWNLOADED
CACS_FUNDEB	33	Outros	2457	Demonstrativo_SIOPE-MAVS_-_4-_BIMESTRE_2025	https://serv42.limeira.sp.gov.br/netConselhos/listaDocumentos/?conselho=33	https://serv42.limeira.sp.gov.br/netConselhos/documento/?documento=2457&desc=Demonstrativo_SIOPE-MAVS_-_4-_BIMESTRE_2025	https://serv42.limeira.sp.gov.br/netConselhos/documento/?documento=2457&desc=Demonstrativo_SIOPE-MAVS_-_4-_BIMESTRE_2025	200	files/CACS_FUNDEB/Outros/2457__Demonstrativo SIOPE-MAVS - 4º BIMESTRE 2025.pdf	2457__Demonstrativo SIOPE-MAVS - 4º BIMESTRE 2025.pdf	22390	da2a1742cb7fcf177ad782e40f23c788d00ad3ad6e2183fbb153bb577b6fbeb1	application/pdf	DOWNLOADED
CACS_FUNDEB	33	Outros	2458	QUANTIDADE_DE_CARGOS_PAGOS_COM_FUNDEB_-_AGOSTO-2025	https://serv42.limeira.sp.gov.br/netConselhos/listaDocumentos/?conselho=33	https://serv42.limeira.sp.gov.br/netConselhos/documento/?documento=2458&desc=QUANTIDADE_DE_CARGOS_PAGOS_COM_FUNDEB_-_AGOSTO-2025	https://serv42.limeira.sp.gov.br/netConselhos/documento/?documento=2458&desc=QUANTIDADE_DE_CARGOS_PAGOS_COM_FUNDEB_-_AGOSTO-2025	200	files/CACS_FUNDEB/Outros/2458__QUANTIDADE DE CARGOS PAGOS COM FUNDEB - AGOSTO-2025.pdf	2458__QUANTIDADE DE CARGOS PAGOS COM FUNDEB - AGOSTO-2025.pdf	413251	d327b83dd4d07529106cf9ca9e7976d24ba156cdb48f2eddce28732802dd2ad0	application/pdf	DOWNLOADED
CACS_FUNDEB	33	Outros	2459	demonstrativo_fundeb_09-2025	https://serv42.limeira.sp.gov.br/netConselhos/listaDocumentos/?conselho=33	https://serv42.limeira.sp.gov.br/netConselhos/documento/?documento=2459&desc=demonstrativo_fundeb_09-2025	https://serv42.limeira.sp.gov.br/netConselhos/documento/?documento=2459&desc=demonstrativo_fundeb_09-2025	200	files/CACS_FUNDEB/Outros/2459__demonstrativo fundeb 09-2025.pdf	2459__demonstrativo fundeb 09-2025.pdf	547805	1e37f538b471e34febe84203f09d667e84bcabd6612a62d6a2da8334f6a5eb95	application/pdf	DOWNLOADED
CACS_FUNDEB	33	Outros	2460	PARECER_CONCLUSIVO_-_JULHO,_AGOSTO_E_SETEMBRO_-_2025	https://serv42.limeira.sp.gov.br/netConselhos/listaDocumentos/?conselho=33	https://serv42.limeira.sp.gov.br/netConselhos/documento/?documento=2460&desc=PARECER_CONCLUSIVO_-_JULHO,_AGOSTO_E_SETEMBRO_-_2025	https://serv42.limeira.sp.gov.br/netConselhos/documento/?documento=2460&desc=PARECER_CONCLUSIVO_-_JULHO,_AGOSTO_E_SETEMBRO_-_2025	200	files/CACS_FUNDEB/Outros/2460__PARECER CONCLUSIVO - JULHO, AGOSTO E SETEMBRO - 2025.pdf	2460__PARECER CONCLUSIVO - JULHO, AGOSTO E SETEMBRO - 2025.pdf	66898	3a1884eee6fb3f5786458aea64084dea27f33c242c3298d48565f4d6163bc12a	application/pdf	DOWNLOADED
CACS_FUNDEB	33	Outros	2461	demonstrativo_fundeb_10-2025	https://serv42.limeira.sp.gov.br/netConselhos/listaDocumentos/?conselho=33	https://serv42.limeira.sp.gov.br/netConselhos/documento/?documento=2461&desc=demonstrativo_fundeb_10-2025	https://serv42.limeira.sp.gov.br/netConselhos/documento/?documento=2461&desc=demonstrativo_fundeb_10-2025	200	files/CACS_FUNDEB/Outros/2461__demonstrativo fundeb 10-2025.pdf	2461__demonstrativo fundeb 10-2025.pdf	462683	446f590a64779148494f550b4e64dfc3d984d363a5439225485a1352037f711a	application/pdf	DOWNLOADED
CACS_FUNDEB	33	Outros	2462	Demonstrativo_SIOPE-MAVS_-_5-_BIMESTRE_2025	https://serv42.limeira.sp.gov.br/netConselhos/listaDocumentos/?conselho=33	https://serv42.limeira.sp.gov.br/netConselhos/documento/?documento=2462&desc=Demonstrativo_SIOPE-MAVS_-_5-_BIMESTRE_2025	https://serv42.limeira.sp.gov.br/netConselhos/documento/?documento=2462&desc=Demonstrativo_SIOPE-MAVS_-_5-_BIMESTRE_2025	200	files/CACS_FUNDEB/Outros/2462__Demonstrativo SIOPE-MAVS - 5º BIMESTRE 2025.pdf	2462__Demonstrativo SIOPE-MAVS - 5º BIMESTRE 2025.pdf	22397	43322861a32c40dd633f424d882f4d61622c8e37e2757aa3b746ad7943e1a358	application/pdf	DOWNLOADED
CACS_FUNDEB	33	Outros	2463	demonstrativo_fundeb_11-2025	https://serv42.limeira.sp.gov.br/netConselhos/listaDocumentos/?conselho=33	https://serv42.limeira.sp.gov.br/netConselhos/documento/?documento=2463&desc=demonstrativo_fundeb_11-2025	https://serv42.limeira.sp.gov.br/netConselhos/documento/?documento=2463&desc=demonstrativo_fundeb_11-2025	200	files/CACS_FUNDEB/Outros/2463__demonstrativo fundeb 11-2025.pdf	2463__demonstrativo fundeb 11-2025.pdf	619193	13a6140aa4cdfad5d8c74e5b5f58981a65d439829f3e9960cfca4aeb2dbb3ebf	application/pdf	DOWNLOADED
CACS_FUNDEB	33	Outros	2464	demonstrativo_fundeb_12-2025	https://serv42.limeira.sp.gov.br/netConselhos/listaDocumentos/?conselho=33	https://serv42.limeira.sp.gov.br/netConselhos/documento/?documento=2464&desc=demonstrativo_fundeb_12-2025	https://serv42.limeira.sp.gov.br/netConselhos/documento/?documento=2464&desc=demonstrativo_fundeb_12-2025	200	files/CACS_FUNDEB/Outros/2464__demonstrativo fundeb 12-2025.pdf	2464__demonstrativo fundeb 12-2025.pdf	548251	6861b9021769201e45714e495ce6b950c02346719476ba91bafbca00bcd257cf	application/pdf	DOWNLOADED
CACS_FUNDEB	33	Outros	2465	Demonstrativo_SIOPE-MAVS_-_6-_BIMESTRE_2025	https://serv42.limeira.sp.gov.br/netConselhos/listaDocumentos/?conselho=33	https://serv42.limeira.sp.gov.br/netConselhos/documento/?documento=2465&desc=Demonstrativo_SIOPE-MAVS_-_6-_BIMESTRE_2025	https://serv42.limeira.sp.gov.br/netConselhos/documento/?documento=2465&desc=Demonstrativo_SIOPE-MAVS_-_6-_BIMESTRE_2025	200	files/CACS_FUNDEB/Outros/2465__Demonstrativo SIOPE-MAVS - 6º BIMESTRE 2025.pdf	2465__Demonstrativo SIOPE-MAVS - 6º BIMESTRE 2025.pdf	22416	52e532beea97302b544ee4c529b8338517d5cacadc0bf58487aef70e1c3fe97f	application/pdf	DOWNLOADED
CACS_FUNDEB	33	Outros	2466	PARECER_CONCLUSIVO_OUTUBRO,_NOVEMBRO_E_DEZEMBRO_2025	https://serv42.limeira.sp.gov.br/netConselhos/listaDocumentos/?conselho=33	https://serv42.limeira.sp.gov.br/netConselhos/documento/?documento=2466&desc=PARECER_CONCLUSIVO_OUTUBRO,_NOVEMBRO_E_DEZEMBRO_2025	https://serv42.limeira.sp.gov.br/netConselhos/documento/?documento=2466&desc=PARECER_CONCLUSIVO_OUTUBRO,_NOVEMBRO_E_DEZEMBRO_2025	200	files/CACS_FUNDEB/Outros/2466__PARECER CONCLUSIVO OUTUBRO, NOVEMBRO E DEZEMBRO 2025.pdf	2466__PARECER CONCLUSIVO OUTUBRO, NOVEMBRO E DEZEMBRO 2025.pdf	73573	7ed5528cacd029aedc8e2cfb137a6c200eca4c65c32aa4f53ad64f4f4f883f8b	application/pdf	DOWNLOADED
CACS_FUNDEB	33	Outros	2467	DEMONSTRATIV0_DEZEMBRO_2025_-_ANUAL	https://serv42.limeira.sp.gov.br/netConselhos/listaDocumentos/?conselho=33	https://serv42.limeira.sp.gov.br/netConselhos/documento/?documento=2467&desc=DEMONSTRATIV0_DEZEMBRO_2025_-_ANUAL	https://serv42.limeira.sp.gov.br/netConselhos/documento/?documento=2467&desc=DEMONSTRATIV0_DEZEMBRO_2025_-_ANUAL	200	files/CACS_FUNDEB/Outros/2467__DEMONSTRATIV0 DEZEMBRO 2025 - ANUAL.pdf	2467__DEMONSTRATIV0 DEZEMBRO 2025 - ANUAL.pdf	547717	2602f862c034e94766f5af61fe1b554ab0e7a4fd5934d406ded9d68e2c787f9e	application/pdf	DOWNLOADED
CACS_FUNDEB	33	Outros	2468	demonstrativo_fundeb_01-2026	https://serv42.limeira.sp.gov.br/netConselhos/listaDocumentos/?conselho=33	https://serv42.limeira.sp.gov.br/netConselhos/documento/?documento=2468&desc=demonstrativo_fundeb_01-2026	https://serv42.limeira.sp.gov.br/netConselhos/documento/?documento=2468&desc=demonstrativo_fundeb_01-2026	200	files/CACS_FUNDEB/Outros/2468__demonstrativo fundeb 01-2026.pdf	2468__demonstrativo fundeb 01-2026.pdf	548538	ec503cbecf5f657ac6443bf11d723c330ef5875a3995709d6a9f5e2c3c4ba0ea	application/pdf	DOWNLOADED
CACS_FUNDEB	33	Outros	2469	demonstrativo_fundeb_02-2026	https://serv42.limeira.sp.gov.br/netConselhos/listaDocumentos/?conselho=33	https://serv42.limeira.sp.gov.br/netConselhos/documento/?documento=2469&desc=demonstrativo_fundeb_02-2026	https://serv42.limeira.sp.gov.br/netConselhos/documento/?documento=2469&desc=demonstrativo_fundeb_02-2026	200	files/CACS_FUNDEB/Outros/2469__demonstrativo fundeb 02-2026.pdf	2469__demonstrativo fundeb 02-2026.pdf	577648	99539e62a2e4b3d0aa1b38e31ac637a5387f43864aa006efa7166a00b5fbb2be	application/pdf	DOWNLOADED
CACS_FUNDEB	33	Outros	2470	Demonstrativo_SIOPE-MAVS_-_1-_BIMESTRE_2026	https://serv42.limeira.sp.gov.br/netConselhos/listaDocumentos/?conselho=33	https://serv42.limeira.sp.gov.br/netConselhos/documento/?documento=2470&desc=Demonstrativo_SIOPE-MAVS_-_1-_BIMESTRE_2026	https://serv42.limeira.sp.gov.br/netConselhos/documento/?documento=2470&desc=Demonstrativo_SIOPE-MAVS_-_1-_BIMESTRE_2026	200	files/CACS_FUNDEB/Outros/2470__Demonstrativo SIOPE-MAVS - 1º BIMESTRE 2026.pdf	2470__Demonstrativo SIOPE-MAVS - 1º BIMESTRE 2026.pdf	360070	d2b7f7638222bc9788f6d42df11126d2e3aa57cb4204450914c98d9400bf0bbe	application/pdf	DOWNLOADED
CACS_FUNDEB	33	Outros	2518	cronograma_de_reunioes_2026	https://serv42.limeira.sp.gov.br/netConselhos/listaDocumentos/?conselho=33	https://serv42.limeira.sp.gov.br/netConselhos/documento/?documento=2518&desc=cronograma_de_reunioes_2026	https://serv42.limeira.sp.gov.br/netConselhos/documento/?documento=2518&desc=cronograma_de_reunioes_2026	200	files/CACS_FUNDEB/Outros/2518__cronograma de reuniões 2026.pdf	2518__cronograma de reuniões 2026.pdf	67672	0e60c62ee1e2c52f65d1f70912e59572a3cf3727732411bddd018bb54cf93342	application/pdf	DOWNLOADED
CACS_FUNDEB	33	Outros	2563	demonstrativo_Fundeb_03-2026	https://serv42.limeira.sp.gov.br/netConselhos/listaDocumentos/?conselho=33	https://serv42.limeira.sp.gov.br/netConselhos/documento/?documento=2563&desc=demonstrativo_Fundeb_03-2026	https://serv42.limeira.sp.gov.br/netConselhos/documento/?documento=2563&desc=demonstrativo_Fundeb_03-2026	200	files/CACS_FUNDEB/Outros/2563__demonstrativo Fundeb 03-2026.pdf	2563__demonstrativo Fundeb 03-2026.pdf	231760	c42665845a0f12720554bc0adafd4eb04f85e15021878132ac764b2203438a30	application/pdf	DOWNLOADED
CACS_FUNDEB	33	Outros	2585	Demonstrativo_Fundeb_04-2026	https://serv42.limeira.sp.gov.br/netConselhos/listaDocumentos/?conselho=33	https://serv42.limeira.sp.gov.br/netConselhos/documento/?documento=2585&desc=Demonstrativo_Fundeb_04-2026	https://serv42.limeira.sp.gov.br/netConselhos/documento/?documento=2585&desc=Demonstrativo_Fundeb_04-2026	200	files/CACS_FUNDEB/Outros/2585__Demonstrativo Fundeb 04-2026.pdf	2585__Demonstrativo Fundeb 04-2026.pdf	393825	54dfeeb5bd120d2f8c0bc3d4fb4bf32ce0fad30d29ddf00dd90a87b3867b2812	application/pdf	DOWNLOADED
CACS_FUNDEB	33	Outros	2586	PARECER_CONCLUSIVO_-_JANEIRO,_FEVEREIRO_E_MARCO_-_2026	https://serv42.limeira.sp.gov.br/netConselhos/listaDocumentos/?conselho=33	https://serv42.limeira.sp.gov.br/netConselhos/documento/?documento=2586&desc=PARECER_CONCLUSIVO_-_JANEIRO,_FEVEREIRO_E_MARCO_-_2026	https://serv42.limeira.sp.gov.br/netConselhos/documento/?documento=2586&desc=PARECER_CONCLUSIVO_-_JANEIRO,_FEVEREIRO_E_MARCO_-_2026	200	files/CACS_FUNDEB/Outros/2586__PARECER CONCLUSIVO - JANEIRO, FEVEREIRO E MARÇO - 2026.pdf	2586__PARECER CONCLUSIVO - JANEIRO, FEVEREIRO E MARÇO - 2026.pdf	45569	eab6451cbc7a581233074c3a53b1741cbbefe00bea183c13d5733d73e1815a62	application/pdf	DOWNLOADED
CACS_FUNDEB	33	Outros	2645	Demonstrativo_Fundeb_05-2026	https://serv42.limeira.sp.gov.br/netConselhos/listaDocumentos/?conselho=33	https://serv42.limeira.sp.gov.br/netConselhos/documento/?documento=2645&desc=Demonstrativo_Fundeb_05-2026	https://serv42.limeira.sp.gov.br/netConselhos/documento/?documento=2645&desc=Demonstrativo_Fundeb_05-2026	200	files/CACS_FUNDEB/Outros/2645__Demonstrativo Fundeb 05-2026.pdf	2645__Demonstrativo Fundeb 05-2026.pdf	615558	cefc13354fec92492cd2da8d7eb9c48a07ae36d9ba21ea4b2351904a00b0cbeb	application/pdf	DOWNLOADED
CACS_FUNDEB	33	Outros	2686	Demonstrativo_Fundeb_06-2026	https://serv42.limeira.sp.gov.br/netConselhos/listaDocumentos/?conselho=33	https://serv42.limeira.sp.gov.br/netConselhos/documento/?documento=2686&desc=Demonstrativo_Fundeb_06-2026	https://serv42.limeira.sp.gov.br/netConselhos/documento/?documento=2686&desc=Demonstrativo_Fundeb_06-2026	200	files/CACS_FUNDEB/Outros/2686__Demonstrativo Fundeb 06-2026.pdf	2686__Demonstrativo Fundeb 06-2026.pdf	216043	04bdffab7c73417e29c34dc718d462f7f8ba8290f5dfeb74348541308b2e3021	application/pdf	DOWNLOADED
CACS_FUNDEB	33	Outros	2687	Demonstrativo_Fundeb_-_Acumulado_do_1-_semestre_-_2026	https://serv42.limeira.sp.gov.br/netConselhos/listaDocumentos/?conselho=33	https://serv42.limeira.sp.gov.br/netConselhos/documento/?documento=2687&desc=Demonstrativo_Fundeb_-_Acumulado_do_1-_semestre_-_2026	https://serv42.limeira.sp.gov.br/netConselhos/documento/?documento=2687&desc=Demonstrativo_Fundeb_-_Acumulado_do_1-_semestre_-_2026	200	files/CACS_FUNDEB/Outros/2687__Demonstrativo Fundeb - Acumulado do 1º semestre - 2026.pdf	2687__Demonstrativo Fundeb - Acumulado do 1º semestre - 2026.pdf	238441	fdc6e143fced62b4763104aae177f7acdc3c4aa2c0341bef78562fb3440a6bd2	application/pdf	DOWNLOADED
CACS_FUNDEB	33	Outros	2755	PARECER_CONCLUSIVO_-_ABRIL,_MAIO_E_JUNHO_-_2026	https://serv42.limeira.sp.gov.br/netConselhos/listaDocumentos/?conselho=33	https://serv42.limeira.sp.gov.br/netConselhos/documento/?documento=2755&desc=PARECER_CONCLUSIVO_-_ABRIL,_MAIO_E_JUNHO_-_2026	https://serv42.limeira.sp.gov.br/netConselhos/documento/?documento=2755&desc=PARECER_CONCLUSIVO_-_ABRIL,_MAIO_E_JUNHO_-_2026	200	files/CACS_FUNDEB/Outros/2755__PARECER CONCLUSIVO - ABRIL, MAIO E JUNHO - 2026.pdf	2755__PARECER CONCLUSIVO - ABRIL, MAIO E JUNHO - 2026.pdf	44872	68f760255f14f69489e1d6a67472454dc679af5718639681b01f6b4b296fce6e	application/pdf	DOWNLOADED
CAE	32	Leis	210	Lei_Municipal_n-_6089-18_-_Dispoe_sobre_a_organizacao_do_Sistema_Municipal_de_Ensino	https://serv42.limeira.sp.gov.br/netConselhos/listaDocumentos/?conselho=32	https://serv42.limeira.sp.gov.br/netConselhos/documento/?documento=210&desc=Lei_Municipal_n-_6089-18_-_Dispoe_sobre_a_organizacao_do_Sistema_Municipal_de_Ensino	https://serv42.limeira.sp.gov.br/netConselhos/documento/?documento=210&desc=Lei_Municipal_n-_6089-18_-_Dispoe_sobre_a_organizacao_do_Sistema_Municipal_de_Ensino	200	files/CAE/Leis/210__Lei Municipal nº 6089-18 - Dispõe sobre a organização do Sistema Municipal de Ensino.pdf	210__Lei Municipal nº 6089-18 - Dispõe sobre a organização do Sistema Municipal de Ensino.pdf	1202058	541cad50047beb607748b16d428104fefb90dc7c9f94670128ff6edac2349266	application/pdf	DOWNLOADED
CAE	32	Decretos	260	DECRETO_N-_414-2018_-_NOMEACAO_DO_QUADRIENIO2019-2022	https://serv42.limeira.sp.gov.br/netConselhos/listaDocumentos/?conselho=32	https://serv42.limeira.sp.gov.br/netConselhos/documento/?documento=260&desc=DECRETO_N-_414-2018_-_NOMEACAO_DO_QUADRIENIO2019-2022	https://serv42.limeira.sp.gov.br/netConselhos/documento/?documento=260&desc=DECRETO_N-_414-2018_-_NOMEACAO_DO_QUADRIENIO2019-2022	200	files/CAE/Decretos/260__DECRETO Nº 414-2018 - NOMEAÇÃO DO QUADRIÊNIO2019-2022.pdf	260__DECRETO Nº 414-2018 - NOMEAÇÃO DO QUADRIÊNIO2019-2022.pdf	157573	98784cac4c279dd46eb7b05598cc6ab0d7b12e7f009625ee125a0229c8cbf53a	application/pdf	DOWNLOADED
CAE	32	Decretos	1192	Decreto_de_Nomeacao_do_Quadrienio_2023-2026_-_n-_473-2022	https://serv42.limeira.sp.gov.br/netConselhos/listaDocumentos/?conselho=32	https://serv42.limeira.sp.gov.br/netConselhos/documento/?documento=1192&desc=Decreto_de_Nomeacao_do_Quadrienio_2023-2026_-_n-_473-2022	https://serv42.limeira.sp.gov.br/netConselhos/documento/?documento=1192&desc=Decreto_de_Nomeacao_do_Quadrienio_2023-2026_-_n-_473-2022	200	files/CAE/Decretos/1192__Decreto de Nomeação do Quadriênio 2023-2026 - nº 473-2022.pdf	1192__Decreto de Nomeação do Quadriênio 2023-2026 - nº 473-2022.pdf	264272	62205c6bdfcc2ab17634f0bf56cb027305ef571f749ae2232c9efdf4c6d108da	application/pdf	DOWNLOADED
CAE	32	Decretos	2325	Decreto_n-_322-2025_-_Substituicao_de_representante_do_Poder_Executivo	https://serv42.limeira.sp.gov.br/netConselhos/listaDocumentos/?conselho=32	https://serv42.limeira.sp.gov.br/netConselhos/documento/?documento=2325&desc=Decreto_n-_322-2025_-_Substituicao_de_representante_do_Poder_Executivo	https://serv42.limeira.sp.gov.br/netConselhos/documento/?documento=2325&desc=Decreto_n-_322-2025_-_Substituicao_de_representante_do_Poder_Executivo	200	files/CAE/Decretos/2325__Decreto nº 322-2025 - Substituição de representante do Poder Executivo.pdf	2325__Decreto nº 322-2025 - Substituição de representante do Poder Executivo.pdf	225044	9ac75848ea4f606092860729bf7da06c58a20eb22651c40013859a9eb93af695	application/pdf	DOWNLOADED
CAE	32	Pautas	157	Pauta_1-_reuniao_ordinaria_-_25-01-2019	https://serv42.limeira.sp.gov.br/netConselhos/listaDocumentos/?conselho=32	https://serv42.limeira.sp.gov.br/netConselhos/documento/?documento=157&desc=Pauta_1-_reuniao_ordinaria_-_25-01-2019	https://serv42.limeira.sp.gov.br/netConselhos/documento/?documento=157&desc=Pauta_1-_reuniao_ordinaria_-_25-01-2019	200	files/CAE/Pautas/157__Pauta 1ª reunião ordinária - 25-01-2019.pdf	157__Pauta 1ª reunião ordinária - 25-01-2019.pdf	317893	e38929eb468f5b268a74861625d6d9bf3ee9cf2aabc228d712c2e96ad089711e	application/pdf	DOWNLOADED
CAE	32	Pautas	158	Pauta_2-_reuniao_ordinaria_-_20-02-2019	https://serv42.limeira.sp.gov.br/netConselhos/listaDocumentos/?conselho=32	https://serv42.limeira.sp.gov.br/netConselhos/documento/?documento=158&desc=Pauta_2-_reuniao_ordinaria_-_20-02-2019	https://serv42.limeira.sp.gov.br/netConselhos/documento/?documento=158&desc=Pauta_2-_reuniao_ordinaria_-_20-02-2019	200	files/CAE/Pautas/158__Pauta 2ª reunião ordinária - 20-02-2019.pdf	158__Pauta 2ª reunião ordinária - 20-02-2019.pdf	323786	e23e17ecb6b9a65ca2a4d1019fa27b166787198cc38b4485596546fd3f123913	application/pdf	DOWNLOADED
CAE	32	Pautas	159	Pauta_3-_reuniao_ordinaria_-_14-03-2019	https://serv42.limeira.sp.gov.br/netConselhos/listaDocumentos/?conselho=32	https://serv42.limeira.sp.gov.br/netConselhos/documento/?documento=159&desc=Pauta_3-_reuniao_ordinaria_-_14-03-2019	https://serv42.limeira.sp.gov.br/netConselhos/documento/?documento=159&desc=Pauta_3-_reuniao_ordinaria_-_14-03-2019	200	files/CAE/Pautas/159__Pauta 3ª reunião ordinária - 14-03-2019.pdf	159__Pauta 3ª reunião ordinária - 14-03-2019.pdf	323148	ea56299e44bc31b26c7ca8e4a998f35fbef08e815ab8443e74b6fe95cf976b28	application/pdf	DOWNLOADED
CAE	32	Pautas	160	Pauta_4-_reuniao_ordinaria_-_11-04-2019	https://serv42.limeira.sp.gov.br/netConselhos/listaDocumentos/?conselho=32	https://serv42.limeira.sp.gov.br/netConselhos/documento/?documento=160&desc=Pauta_4-_reuniao_ordinaria_-_11-04-2019	https://serv42.limeira.sp.gov.br/netConselhos/documento/?documento=160&desc=Pauta_4-_reuniao_ordinaria_-_11-04-2019	200	files/CAE/Pautas/160__Pauta 4ª reunião ordinária - 11-04-2019.pdf	160__Pauta 4ª reunião ordinária - 11-04-2019.pdf	323204	e0d7b3d48ceaf7e743629bb5eb39d1a880f65719dcf339a490e6d2729183f6b2	application/pdf	DOWNLOADED
CAE	32	Pautas	161	Pauta_5-_reuniao_ordinaria_-_09-05-2019	https://serv42.limeira.sp.gov.br/netConselhos/listaDocumentos/?conselho=32	https://serv42.limeira.sp.gov.br/netConselhos/documento/?documento=161&desc=Pauta_5-_reuniao_ordinaria_-_09-05-2019	https://serv42.limeira.sp.gov.br/netConselhos/documento/?documento=161&desc=Pauta_5-_reuniao_ordinaria_-_09-05-2019	200	files/CAE/Pautas/161__Pauta 5ª reunião ordinária - 09-05-2019.pdf	161__Pauta 5ª reunião ordinária - 09-05-2019.pdf	323087	e7306d9ace701f86b10aaf8a74845442cf8dbefcb05bcb9993a8d14b94dd2609	application/pdf	DOWNLOADED
CAE	32	Pautas	162	Pauta_6-_reuniao_ordinaria_-12-06-2019	https://serv42.limeira.sp.gov.br/netConselhos/listaDocumentos/?conselho=32	https://serv42.limeira.sp.gov.br/netConselhos/documento/?documento=162&desc=Pauta_6-_reuniao_ordinaria_-12-06-2019	https://serv42.limeira.sp.gov.br/netConselhos/documento/?documento=162&desc=Pauta_6-_reuniao_ordinaria_-12-06-2019	200	files/CAE/Pautas/162__Pauta 6ª reunião ordinária -12-06-2019.pdf	162__Pauta 6ª reunião ordinária -12-06-2019.pdf	339719	797c34ad952b9627828928175a4921cebcd508b6d1a668722c0228c69218df1c	application/pdf	DOWNLOADED
CAE	32	Pautas	163	Pauta_7-_reuniao_ordinaria_-_04-07-2019	https://serv42.limeira.sp.gov.br/netConselhos/listaDocumentos/?conselho=32	https://serv42.limeira.sp.gov.br/netConselhos/documento/?documento=163&desc=Pauta_7-_reuniao_ordinaria_-_04-07-2019	https://serv42.limeira.sp.gov.br/netConselhos/documento/?documento=163&desc=Pauta_7-_reuniao_ordinaria_-_04-07-2019	200	files/CAE/Pautas/163__Pauta 7ª reunião ordinária - 04-07-2019.pdf	163__Pauta 7ª reunião ordinária - 04-07-2019.pdf	326836	20088ba76db105c784033609dfde0bed68483e7454af6fccf849e3ac6fe574ca	application/pdf	DOWNLOADED
CAE	32	Pautas	164	Pauta_8-_reuniao_ordinaria_-_08-08-2019	https://serv42.limeira.sp.gov.br/netConselhos/listaDocumentos/?conselho=32	https://serv42.limeira.sp.gov.br/netConselhos/documento/?documento=164&desc=Pauta_8-_reuniao_ordinaria_-_08-08-2019	https://serv42.limeira.sp.gov.br/netConselhos/documento/?documento=164&desc=Pauta_8-_reuniao_ordinaria_-_08-08-2019	200	files/CAE/Pautas/164__Pauta 8ª reunião ordinária - 08-08-2019.pdf	164__Pauta 8ª reunião ordinária - 08-08-2019.pdf	323814	d13e05cef37ce458488ed60d7982fb1fad3d0098b34072245cd054ad33e7dc0a	application/pdf	DOWNLOADED
CAE	32	Pautas	165	Pauta_9-_reuniao_ordinaria_-_05-09-2019	https://serv42.limeira.sp.gov.br/netConselhos/listaDocumentos/?conselho=32	https://serv42.limeira.sp.gov.br/netConselhos/documento/?documento=165&desc=Pauta_9-_reuniao_ordinaria_-_05-09-2019	https://serv42.limeira.sp.gov.br/netConselhos/documento/?documento=165&desc=Pauta_9-_reuniao_ordinaria_-_05-09-2019	200	files/CAE/Pautas/165__Pauta 9ª reunião ordinária - 05-09-2019.pdf	165__Pauta 9ª reunião ordinária - 05-09-2019.pdf	324182	06f05a5c7e3143579d36da1a17fd6140bb5e8cc7a764209dc197142722029dd7	application/pdf	DOWNLOADED
CAE	32	Pautas	166	Pauta_10-_reuniao_ordinaria_-_09-10-2019	https://serv42.limeira.sp.gov.br/netConselhos/listaDocumentos/?conselho=32	https://serv42.limeira.sp.gov.br/netConselhos/documento/?documento=166&desc=Pauta_10-_reuniao_ordinaria_-_09-10-2019	https://serv42.limeira.sp.gov.br/netConselhos/documento/?documento=166&desc=Pauta_10-_reuniao_ordinaria_-_09-10-2019	200	files/CAE/Pautas/166__Pauta 10ª reunião ordinária - 09-10-2019.pdf	166__Pauta 10ª reunião ordinária - 09-10-2019.pdf	325579	83ab99937d2aea72502cde49d49385f1a48ca2df5b1975b9ee3cc45f61c9716c	application/pdf	DOWNLOADED
CAE	32	Pautas	167	Pauta_11-_reuniao_ordinaria_-_13-11-2019	https://serv42.limeira.sp.gov.br/netConselhos/listaDocumentos/?conselho=32	https://serv42.limeira.sp.gov.br/netConselhos/documento/?documento=167&desc=Pauta_11-_reuniao_ordinaria_-_13-11-2019	https://serv42.limeira.sp.gov.br/netConselhos/documento/?documento=167&desc=Pauta_11-_reuniao_ordinaria_-_13-11-2019	200	files/CAE/Pautas/167__Pauta 11ª reunião ordinária - 13-11-2019.pdf	167__Pauta 11ª reunião ordinária - 13-11-2019.pdf	325584	30dd329aca3657d8500ee5e2e483982b15cdb2fd8463f81ce2a95215dae17bfe	application/pdf	DOWNLOADED
CAE	32	Pautas	168	Pauta_12-_reuniao_ordinaria_-_12-12-2019	https://serv42.limeira.sp.gov.br/netConselhos/listaDocumentos/?conselho=32	https://serv42.limeira.sp.gov.br/netConselhos/documento/?documento=168&desc=Pauta_12-_reuniao_ordinaria_-_12-12-2019	https://serv42.limeira.sp.gov.br/netConselhos/documento/?documento=168&desc=Pauta_12-_reuniao_ordinaria_-_12-12-2019	200	files/CAE/Pautas/168__Pauta 12ª reunião ordinária - 12-12-2019.pdf	168__Pauta 12ª reunião ordinária - 12-12-2019.pdf	323866	2ded3a72b47ae98e3bf5b116b0be5ece865b2eefce6abc5fcc626ccf52fd3d3b	application/pdf	DOWNLOADED
CAE	32	Pautas	169	Pauta_1-_reuniao_extraordinaria_-_20.05.2019	https://serv42.limeira.sp.gov.br/netConselhos/listaDocumentos/?conselho=32	https://serv42.limeira.sp.gov.br/netConselhos/documento/?documento=169&desc=Pauta_1-_reuniao_extraordinaria_-_20.05.2019	https://serv42.limeira.sp.gov.br/netConselhos/documento/?documento=169&desc=Pauta_1-_reuniao_extraordinaria_-_20.05.2019	200	files/CAE/Pautas/169__Pauta 1ª reunião extraordinária - 20.05.2019.pdf	169__Pauta 1ª reunião extraordinária - 20.05.2019.pdf	323341	c563edc7935d8d0626e9135ca25e81db1b9496e19cbe6e65c08d8941f4a7b4c4	application/pdf	DOWNLOADED
CAE	32	Pautas	268	Pauta_2-_reuniao_ordinaria_-_18-02-20	https://serv42.limeira.sp.gov.br/netConselhos/listaDocumentos/?conselho=32	https://serv42.limeira.sp.gov.br/netConselhos/documento/?documento=268&desc=Pauta_2-_reuniao_ordinaria_-_18-02-20	https://serv42.limeira.sp.gov.br/netConselhos/documento/?documento=268&desc=Pauta_2-_reuniao_ordinaria_-_18-02-20	200	files/CAE/Pautas/268__Pauta 2ª reunião ordinária - 18-02-20.pdf	268__Pauta 2ª reunião ordinária - 18-02-20.pdf	354148	02182ab6c916201a9dac57b949ab67e1ee63541ecbb3b87e65e81e8d0a43afdc	application/pdf	DOWNLOADED
CAE	32	Pautas	342	Pauta_3-_reuniao_ordinaria_-_10-03-2020	https://serv42.limeira.sp.gov.br/netConselhos/listaDocumentos/?conselho=32	https://serv42.limeira.sp.gov.br/netConselhos/documento/?documento=342&desc=Pauta_3-_reuniao_ordinaria_-_10-03-2020	https://serv42.limeira.sp.gov.br/netConselhos/documento/?documento=342&desc=Pauta_3-_reuniao_ordinaria_-_10-03-2020	200	files/CAE/Pautas/342__Pauta 3ª reunião ordinária - 10-03-2020.pdf	342__Pauta 3ª reunião ordinária - 10-03-2020.pdf	354793	ac61504c3054e69361032446ee6e4e7a7faef1250b8abdb2d6f38b5068b52a33	application/pdf	DOWNLOADED
CAE	32	Pautas	344	Pauta_1-_reuniao_extraordinaria_-_14-07-2020	https://serv42.limeira.sp.gov.br/netConselhos/listaDocumentos/?conselho=32	https://serv42.limeira.sp.gov.br/netConselhos/documento/?documento=344&desc=Pauta_1-_reuniao_extraordinaria_-_14-07-2020	https://serv42.limeira.sp.gov.br/netConselhos/documento/?documento=344&desc=Pauta_1-_reuniao_extraordinaria_-_14-07-2020	200	files/CAE/Pautas/344__Pauta 1ª reunião extraordinária - 14-07-2020.pdf	344__Pauta 1ª reunião extraordinária - 14-07-2020.pdf	364746	9542f5e3737b646379ef21171f6c1ae190256d1bdcd71e759e8494861cad185f	application/pdf	DOWNLOADED
CAE	32	Pautas	437	Pauta_2-_reuniao_extraordinaria_-_12-08-2020	https://serv42.limeira.sp.gov.br/netConselhos/listaDocumentos/?conselho=32	https://serv42.limeira.sp.gov.br/netConselhos/documento/?documento=437&desc=Pauta_2-_reuniao_extraordinaria_-_12-08-2020	https://serv42.limeira.sp.gov.br/netConselhos/documento/?documento=437&desc=Pauta_2-_reuniao_extraordinaria_-_12-08-2020	200	files/CAE/Pautas/437__Pauta 2ª reunião extraordinária - 12-08-2020.pdf	437__Pauta 2ª reunião extraordinária - 12-08-2020.pdf	366263	d2f65e901f68dd32bc8d06f467d67147ba5d6431cee03b934209cce019b43cf6	application/pdf	DOWNLOADED
CAE	32	Pautas	438	Pauta_3-_reuniao_extraordinaria_-_07-10-2020	https://serv42.limeira.sp.gov.br/netConselhos/listaDocumentos/?conselho=32	https://serv42.limeira.sp.gov.br/netConselhos/documento/?documento=438&desc=Pauta_3-_reuniao_extraordinaria_-_07-10-2020	https://serv42.limeira.sp.gov.br/netConselhos/documento/?documento=438&desc=Pauta_3-_reuniao_extraordinaria_-_07-10-2020	200	files/CAE/Pautas/438__Pauta 3ª reunião extraordinária - 07-10-2020.pdf	438__Pauta 3ª reunião extraordinária - 07-10-2020.pdf	369269	7f7bd1dac206d31f5fa9af6472ea0972a62fd1c48aca619c6514f7540123c242	application/pdf	DOWNLOADED
CAE	32	Pautas	445	Pauta_4-_reuniao_extraordinaria_-_16-11-2020	https://serv42.limeira.sp.gov.br/netConselhos/listaDocumentos/?conselho=32	https://serv42.limeira.sp.gov.br/netConselhos/documento/?documento=445&desc=Pauta_4-_reuniao_extraordinaria_-_16-11-2020	https://serv42.limeira.sp.gov.br/netConselhos/documento/?documento=445&desc=Pauta_4-_reuniao_extraordinaria_-_16-11-2020	200	files/CAE/Pautas/445__Pauta 4ª reunião extraordinária - 16-11-2020.pdf	445__Pauta 4ª reunião extraordinária - 16-11-2020.pdf	369430	921435054af72b1533de9514bcf00b8ce0079471d75c0337fc71cf7b9c3151ee	application/pdf	DOWNLOADED
CAE	32	Pautas	446	Pauta_5-_reuniao_extraordinaria_-_08-12-2020	https://serv42.limeira.sp.gov.br/netConselhos/listaDocumentos/?conselho=32	https://serv42.limeira.sp.gov.br/netConselhos/documento/?documento=446&desc=Pauta_5-_reuniao_extraordinaria_-_08-12-2020	https://serv42.limeira.sp.gov.br/netConselhos/documento/?documento=446&desc=Pauta_5-_reuniao_extraordinaria_-_08-12-2020	200	files/CAE/Pautas/446__Pauta 5ª reunião extraordinária - 08-12-2020.pdf	446__Pauta 5ª reunião extraordinária - 08-12-2020.pdf	368265	335d92ce487e5c91e2ab5dd36bf0e015b1d5b4cfa69249eb88f0c888a27a4e6d	application/pdf	DOWNLOADED
CAE	32	Pautas	478	Pauta_1-_reuniao_extraordinaria_-_26-01-2021	https://serv42.limeira.sp.gov.br/netConselhos/listaDocumentos/?conselho=32	https://serv42.limeira.sp.gov.br/netConselhos/documento/?documento=478&desc=Pauta_1-_reuniao_extraordinaria_-_26-01-2021	https://serv42.limeira.sp.gov.br/netConselhos/documento/?documento=478&desc=Pauta_1-_reuniao_extraordinaria_-_26-01-2021	200	files/CAE/Pautas/478__Pauta 1ª reunião extraordinária - 26-01-2021.pdf	478__Pauta 1ª reunião extraordinária - 26-01-2021.pdf	366404	5359c6f922ccca9e819e99a4377ce5ad658c6a9210959ace6b7aa8b646cea95c	application/pdf	DOWNLOADED
CAE	32	Pautas	512	Pauta_2-_reuniao_extraordinaria_-_25-02-2021	https://serv42.limeira.sp.gov.br/netConselhos/listaDocumentos/?conselho=32	https://serv42.limeira.sp.gov.br/netConselhos/documento/?documento=512&desc=Pauta_2-_reuniao_extraordinaria_-_25-02-2021	https://serv42.limeira.sp.gov.br/netConselhos/documento/?documento=512&desc=Pauta_2-_reuniao_extraordinaria_-_25-02-2021	200	files/CAE/Pautas/512__Pauta 2ª reunião extraordinária - 25-02-2021.pdf	512__Pauta 2ª reunião extraordinária - 25-02-2021.pdf	357976	975d6db3bb0c4dcf56de3ca97d9ab082607036ff8cccec7ed063e493858d3c8a	application/pdf	DOWNLOADED
CAE	32	Pautas	513	Pauta_3-_reuniao_extraordinaria_-_31-03-2021	https://serv42.limeira.sp.gov.br/netConselhos/listaDocumentos/?conselho=32	https://serv42.limeira.sp.gov.br/netConselhos/documento/?documento=513&desc=Pauta_3-_reuniao_extraordinaria_-_31-03-2021	https://serv42.limeira.sp.gov.br/netConselhos/documento/?documento=513&desc=Pauta_3-_reuniao_extraordinaria_-_31-03-2021	200	files/CAE/Pautas/513__Pauta 3ª reunião extraordinária - 31-03-2021.pdf	513__Pauta 3ª reunião extraordinária - 31-03-2021.pdf	354353	cdbab4d7116528b3d6605e5890419784ee21791204e6c2d3d21b06df4d0ee71c	application/pdf	DOWNLOADED
CAE	32	Pautas	520	PAUTA_2-_REUNIAO_ORDINARIA_-_07-04-2021	https://serv42.limeira.sp.gov.br/netConselhos/listaDocumentos/?conselho=32	https://serv42.limeira.sp.gov.br/netConselhos/documento/?documento=520&desc=PAUTA_2-_REUNIAO_ORDINARIA_-_07-04-2021	https://serv42.limeira.sp.gov.br/netConselhos/documento/?documento=520&desc=PAUTA_2-_REUNIAO_ORDINARIA_-_07-04-2021	200	files/CAE/Pautas/520__PAUTA 2ª REUNIÃO ORDINÁRIA - 07-04-2021.pdf	520__PAUTA 2ª REUNIÃO ORDINÁRIA - 07-04-2021.pdf	27657	bacac084a36eec10b2381d30dd0e4c3c10ea424e90d4adda6fb0cd8e1bbd7735	application/pdf	DOWNLOADED
CAE	32	Pautas	593	Pauta_3-_reuniao_ordinaria_-_11-05-2021	https://serv42.limeira.sp.gov.br/netConselhos/listaDocumentos/?conselho=32	https://serv42.limeira.sp.gov.br/netConselhos/documento/?documento=593&desc=Pauta_3-_reuniao_ordinaria_-_11-05-2021	https://serv42.limeira.sp.gov.br/netConselhos/documento/?documento=593&desc=Pauta_3-_reuniao_ordinaria_-_11-05-2021	200	files/CAE/Pautas/593__Pauta 3ª reunião ordinária - 11-05-2021.pdf	593__Pauta 3ª reunião ordinária - 11-05-2021.pdf	356366	9a66543cde6f51980b8e797b59952c2e779af5095f0a9e354b8b8475dc279066	application/pdf	DOWNLOADED
CAE	32	Pautas	594	Pauta_da_4-_Reuniao_Extraordinaria_27-05-2021	https://serv42.limeira.sp.gov.br/netConselhos/listaDocumentos/?conselho=32	https://serv42.limeira.sp.gov.br/netConselhos/documento/?documento=594&desc=Pauta_da_4-_Reuniao_Extraordinaria_27-05-2021	https://serv42.limeira.sp.gov.br/netConselhos/documento/?documento=594&desc=Pauta_da_4-_Reuniao_Extraordinaria_27-05-2021	200	files/CAE/Pautas/594__Pauta da 4ª Reunião Extraordinária 27-05-2021.pdf	594__Pauta da 4ª Reunião Extraordinária 27-05-2021.pdf	24087	5b533a7394a073f020a59e0ef8bc40912d59daee64d726212c435b3ad77ac02b	application/pdf	DOWNLOADED
CAE	32	Pautas	595	Pauta_da_4-_Reuniao_Ordinaria_07-07-2021	https://serv42.limeira.sp.gov.br/netConselhos/listaDocumentos/?conselho=32	https://serv42.limeira.sp.gov.br/netConselhos/documento/?documento=595&desc=Pauta_da_4-_Reuniao_Ordinaria_07-07-2021	https://serv42.limeira.sp.gov.br/netConselhos/documento/?documento=595&desc=Pauta_da_4-_Reuniao_Ordinaria_07-07-2021	200	files/CAE/Pautas/595__Pauta da 4ª Reunião Ordinária 07-07-2021.pdf	595__Pauta da 4ª Reunião Ordinária 07-07-2021.pdf	25448	805ef4c662bab3f9f8170cd92c57747b2615df4b4037d4800d1a8efcd6d459d9	application/pdf	DOWNLOADED
CAE	32	Pautas	866	Pauta_da_5-_Reuniao_Ordinaria_-_10-08-2021	https://serv42.limeira.sp.gov.br/netConselhos/listaDocumentos/?conselho=32	https://serv42.limeira.sp.gov.br/netConselhos/documento/?documento=866&desc=Pauta_da_5-_Reuniao_Ordinaria_-_10-08-2021	https://serv42.limeira.sp.gov.br/netConselhos/documento/?documento=866&desc=Pauta_da_5-_Reuniao_Ordinaria_-_10-08-2021	200	files/CAE/Pautas/866__Pauta da 5ª Reunião Ordinária - 10-08-2021.pdf	866__Pauta da 5ª Reunião Ordinária - 10-08-2021.pdf	362761	30b45c873b09a8f5deb84989d3d3bc5fedb93feb9f044bda5cb1f62640b6576c	application/pdf	DOWNLOADED
CAE	32	Pautas	867	Pauta_da_6-_Reuniao_Ordinaria_-_14-09-2021	https://serv42.limeira.sp.gov.br/netConselhos/listaDocumentos/?conselho=32	https://serv42.limeira.sp.gov.br/netConselhos/documento/?documento=867&desc=Pauta_da_6-_Reuniao_Ordinaria_-_14-09-2021	https://serv42.limeira.sp.gov.br/netConselhos/documento/?documento=867&desc=Pauta_da_6-_Reuniao_Ordinaria_-_14-09-2021	200	files/CAE/Pautas/867__Pauta da 6ª Reunião Ordinária - 14-09-2021.pdf	867__Pauta da 6ª Reunião Ordinária - 14-09-2021.pdf	369855	209b5be96e91b6462772a8a71378c550757c9685ee23b033676ec80fcf33eb0a	application/pdf	DOWNLOADED
CAE	32	Pautas	868	Pauta_da_7-_Reuniao_Ordinaria_-_05-10-2021	https://serv42.limeira.sp.gov.br/netConselhos/listaDocumentos/?conselho=32	https://serv42.limeira.sp.gov.br/netConselhos/documento/?documento=868&desc=Pauta_da_7-_Reuniao_Ordinaria_-_05-10-2021	https://serv42.limeira.sp.gov.br/netConselhos/documento/?documento=868&desc=Pauta_da_7-_Reuniao_Ordinaria_-_05-10-2021	200	files/CAE/Pautas/868__Pauta da 7ª Reunião Ordinária - 05-10-2021.pdf	868__Pauta da 7ª Reunião Ordinária - 05-10-2021.pdf	30573	2fab73ad8cafbc43e852001e99e24e4a6b7ad53aabc5049f5843639a14115310	application/pdf	DOWNLOADED
CAE	32	Pautas	869	Pauta_da_8-_Reuniao_Ordinaria_-_09-11-2021	https://serv42.limeira.sp.gov.br/netConselhos/listaDocumentos/?conselho=32	https://serv42.limeira.sp.gov.br/netConselhos/documento/?documento=869&desc=Pauta_da_8-_Reuniao_Ordinaria_-_09-11-2021	https://serv42.limeira.sp.gov.br/netConselhos/documento/?documento=869&desc=Pauta_da_8-_Reuniao_Ordinaria_-_09-11-2021	200	files/CAE/Pautas/869__Pauta da 8ª Reunião Ordinária - 09-11-2021.pdf	869__Pauta da 8ª Reunião Ordinária - 09-11-2021.pdf	29526	5ce99162d75fb6933adfa1ad3ec348aefcfe485fb5544a4c7ef1d36f16ef1b4c	application/pdf	DOWNLOADED
CAE	32	Pautas	972	Pauta_9-_reuniao_ordinaria_-_08-12-2021	https://serv42.limeira.sp.gov.br/netConselhos/listaDocumentos/?conselho=32	https://serv42.limeira.sp.gov.br/netConselhos/documento/?documento=972&desc=Pauta_9-_reuniao_ordinaria_-_08-12-2021	https://serv42.limeira.sp.gov.br/netConselhos/documento/?documento=972&desc=Pauta_9-_reuniao_ordinaria_-_08-12-2021	200	files/CAE/Pautas/972__Pauta 9ª reunião ordinária - 08-12-2021.pdf	972__Pauta 9ª reunião ordinária - 08-12-2021.pdf	315463	4bb63a4f9896acec1be0dadfded935701f2e8e76f22bb01eb7e4390ce8c916b1	application/pdf	DOWNLOADED
CAE	32	Pautas	973	Pauta_1-_reuniao_ordinaria_-_22-02-2022	https://serv42.limeira.sp.gov.br/netConselhos/listaDocumentos/?conselho=32	https://serv42.limeira.sp.gov.br/netConselhos/documento/?documento=973&desc=Pauta_1-_reuniao_ordinaria_-_22-02-2022	https://serv42.limeira.sp.gov.br/netConselhos/documento/?documento=973&desc=Pauta_1-_reuniao_ordinaria_-_22-02-2022	200	files/CAE/Pautas/973__Pauta 1ª reunião ordinária - 22-02-2022.pdf	973__Pauta 1ª reunião ordinária - 22-02-2022.pdf	495704	fbdc9df04969a4f86d9c0e91560c23379488fbc43f3cbe050d84b2c0ef7d60f1	application/pdf	DOWNLOADED
CAE	32	Pautas	1088	Pauta_da_2-_Reuniao_Ordinaria_-_08-03-2022	https://serv42.limeira.sp.gov.br/netConselhos/listaDocumentos/?conselho=32	https://serv42.limeira.sp.gov.br/netConselhos/documento/?documento=1088&desc=Pauta_da_2-_Reuniao_Ordinaria_-_08-03-2022	https://serv42.limeira.sp.gov.br/netConselhos/documento/?documento=1088&desc=Pauta_da_2-_Reuniao_Ordinaria_-_08-03-2022	200	files/CAE/Pautas/1088__Pauta da 2ª Reunião Ordinária - 08-03-2022.pdf	1088__Pauta da 2ª Reunião Ordinária - 08-03-2022.pdf	497112	d869ad0485db0e260df0bd53cc6bcaaf012c8973f86f6550c30055af7da8efad	application/pdf	DOWNLOADED
CAE	32	Pautas	1089	Pauta_da_3-_Reuniao_Ordinaria_05-04-2022	https://serv42.limeira.sp.gov.br/netConselhos/listaDocumentos/?conselho=32	https://serv42.limeira.sp.gov.br/netConselhos/documento/?documento=1089&desc=Pauta_da_3-_Reuniao_Ordinaria_05-04-2022	https://serv42.limeira.sp.gov.br/netConselhos/documento/?documento=1089&desc=Pauta_da_3-_Reuniao_Ordinaria_05-04-2022	200	files/CAE/Pautas/1089__Pauta da 3ª Reunião Ordinária 05-04-2022.pdf	1089__Pauta da 3ª Reunião Ordinária 05-04-2022.pdf	496760	101578db46d6b62116963d2cbe3bcaf05fbd8b036be28871dde15e4eaa431fc7	application/pdf	DOWNLOADED
CAE	32	Pautas	1090	Pauta_da_4-_Reuniao_Ordinaria_10-05-2022	https://serv42.limeira.sp.gov.br/netConselhos/listaDocumentos/?conselho=32	https://serv42.limeira.sp.gov.br/netConselhos/documento/?documento=1090&desc=Pauta_da_4-_Reuniao_Ordinaria_10-05-2022	https://serv42.limeira.sp.gov.br/netConselhos/documento/?documento=1090&desc=Pauta_da_4-_Reuniao_Ordinaria_10-05-2022	200	files/CAE/Pautas/1090__Pauta da 4ª Reunião Ordinária 10-05-2022.pdf	1090__Pauta da 4ª Reunião Ordinária 10-05-2022.pdf	496779	df2be2dffa2e926fb8f87769008a976231e9064f47e60d00153bab9f44db1661	application/pdf	DOWNLOADED
CAE	32	Pautas	1091	Pauta_da_5-_Reuniao_Ordinaria_30-05-2022	https://serv42.limeira.sp.gov.br/netConselhos/listaDocumentos/?conselho=32	https://serv42.limeira.sp.gov.br/netConselhos/documento/?documento=1091&desc=Pauta_da_5-_Reuniao_Ordinaria_30-05-2022	https://serv42.limeira.sp.gov.br/netConselhos/documento/?documento=1091&desc=Pauta_da_5-_Reuniao_Ordinaria_30-05-2022	200	files/CAE/Pautas/1091__Pauta da 5ª Reunião Ordinária 30-05-2022.pdf	1091__Pauta da 5ª Reunião Ordinária 30-05-2022.pdf	496892	59f1f9c89843fb74e8a3076badd667f7feeab2c5bc3abb0cd7de810f83f07e29	application/pdf	DOWNLOADED
CAE	32	Pautas	1092	Pauta_da_6-_Reuniao_Ordinaria_04-07-2022	https://serv42.limeira.sp.gov.br/netConselhos/listaDocumentos/?conselho=32	https://serv42.limeira.sp.gov.br/netConselhos/documento/?documento=1092&desc=Pauta_da_6-_Reuniao_Ordinaria_04-07-2022	https://serv42.limeira.sp.gov.br/netConselhos/documento/?documento=1092&desc=Pauta_da_6-_Reuniao_Ordinaria_04-07-2022	200	files/CAE/Pautas/1092__Pauta da 6ª Reunião Ordinária 04-07-2022.pdf	1092__Pauta da 6ª Reunião Ordinária 04-07-2022.pdf	496358	3df83f1572a889976c09a7e5b7b5fd048ec927196b77ec948a676353c6a3f98b	application/pdf	DOWNLOADED
CAE	32	Pautas	1093	Pauta_da_7-_Reuniao_Ordinaria_24-08-2022	https://serv42.limeira.sp.gov.br/netConselhos/listaDocumentos/?conselho=32	https://serv42.limeira.sp.gov.br/netConselhos/documento/?documento=1093&desc=Pauta_da_7-_Reuniao_Ordinaria_24-08-2022	https://serv42.limeira.sp.gov.br/netConselhos/documento/?documento=1093&desc=Pauta_da_7-_Reuniao_Ordinaria_24-08-2022	200	files/CAE/Pautas/1093__Pauta da 7ª Reunião Ordinária 24-08-2022.pdf	1093__Pauta da 7ª Reunião Ordinária 24-08-2022.pdf	515325	b25edae68eabb4062cfb50226a6aca4d33e4bb5d17b4d1bdd0b97c2755746332	application/pdf	DOWNLOADED
CAE	32	Pautas	1136	Pauta_da_8-_Reuniao_Ordinaria_-_06-09-2022	https://serv42.limeira.sp.gov.br/netConselhos/listaDocumentos/?conselho=32	https://serv42.limeira.sp.gov.br/netConselhos/documento/?documento=1136&desc=Pauta_da_8-_Reuniao_Ordinaria_-_06-09-2022	https://serv42.limeira.sp.gov.br/netConselhos/documento/?documento=1136&desc=Pauta_da_8-_Reuniao_Ordinaria_-_06-09-2022	200	files/CAE/Pautas/1136__Pauta da 8ª Reunião Ordinária - 06-09-2022.pdf	1136__Pauta da 8ª Reunião Ordinária - 06-09-2022.pdf	499197	e51813ea94bad9dd6d5527a6b8a731ce3554905414d27c43ec00d5c6ffc0f7cc	application/pdf	DOWNLOADED
CAE	32	Pautas	1137	Pauta_da_9-_Reuniao_Ordinaria_-_03-10-2022	https://serv42.limeira.sp.gov.br/netConselhos/listaDocumentos/?conselho=32	https://serv42.limeira.sp.gov.br/netConselhos/documento/?documento=1137&desc=Pauta_da_9-_Reuniao_Ordinaria_-_03-10-2022	https://serv42.limeira.sp.gov.br/netConselhos/documento/?documento=1137&desc=Pauta_da_9-_Reuniao_Ordinaria_-_03-10-2022	200	files/CAE/Pautas/1137__Pauta da 9ª Reunião Ordinária - 03-10-2022.pdf	1137__Pauta da 9ª Reunião Ordinária - 03-10-2022.pdf	498660	b17730fa99cd93d076a32411421c70d75c3d6d8a3d6e8f19d8f274d81e9a9d74	application/pdf	DOWNLOADED
CAE	32	Pautas	1138	Pauta_da_10-_Reuniao_Ordinaria_-_08-11-2022	https://serv42.limeira.sp.gov.br/netConselhos/listaDocumentos/?conselho=32	https://serv42.limeira.sp.gov.br/netConselhos/documento/?documento=1138&desc=Pauta_da_10-_Reuniao_Ordinaria_-_08-11-2022	https://serv42.limeira.sp.gov.br/netConselhos/documento/?documento=1138&desc=Pauta_da_10-_Reuniao_Ordinaria_-_08-11-2022	200	files/CAE/Pautas/1138__Pauta da 10ª Reunião Ordinária - 08-11-2022.pdf	1138__Pauta da 10ª Reunião Ordinária - 08-11-2022.pdf	499960	0240e8a428e1e71a33795987e15a208c9d4db16a8e2b29708d03ac9fcba91e8c	application/pdf	DOWNLOADED
CAE	32	Pautas	1139	Pauta_da_11-_Reuniao_Ordinaria_-_08-12-2022	https://serv42.limeira.sp.gov.br/netConselhos/listaDocumentos/?conselho=32	https://serv42.limeira.sp.gov.br/netConselhos/documento/?documento=1139&desc=Pauta_da_11-_Reuniao_Ordinaria_-_08-12-2022	https://serv42.limeira.sp.gov.br/netConselhos/documento/?documento=1139&desc=Pauta_da_11-_Reuniao_Ordinaria_-_08-12-2022	200	files/CAE/Pautas/1139__Pauta da 11ª Reunião Ordinária - 08-12-2022.pdf	1139__Pauta da 11ª Reunião Ordinária - 08-12-2022.pdf	498579	a398ea6edd584f0cbd56ef0997f5113dd6775eb9e96a3dc22caa72912a466890	application/pdf	DOWNLOADED
CAE	32	Pautas	1191	Pauta_da_1-_reuniao_ordinaria_-_03-02-2023	https://serv42.limeira.sp.gov.br/netConselhos/listaDocumentos/?conselho=32	https://serv42.limeira.sp.gov.br/netConselhos/documento/?documento=1191&desc=Pauta_da_1-_reuniao_ordinaria_-_03-02-2023	https://serv42.limeira.sp.gov.br/netConselhos/documento/?documento=1191&desc=Pauta_da_1-_reuniao_ordinaria_-_03-02-2023	200	files/CAE/Pautas/1191__Pauta da 1ª reunião ordinária - 03-02-2023.pdf	1191__Pauta da 1ª reunião ordinária - 03-02-2023.pdf	496482	9a2f4e8a0b26dbb25cb6de28c1eee92318021f704a7f57c423736015d18789dc	application/pdf	DOWNLOADED
CAE	32	Pautas	1266	Pauta_da_2-_reuniao_ordinaria_-_08-03-2023	https://serv42.limeira.sp.gov.br/netConselhos/listaDocumentos/?conselho=32	https://serv42.limeira.sp.gov.br/netConselhos/documento/?documento=1266&desc=Pauta_da_2-_reuniao_ordinaria_-_08-03-2023	https://serv42.limeira.sp.gov.br/netConselhos/documento/?documento=1266&desc=Pauta_da_2-_reuniao_ordinaria_-_08-03-2023	200	files/CAE/Pautas/1266__Pauta da 2ª reunião ordinária - 08-03-2023.pdf	1266__Pauta da 2ª reunião ordinária - 08-03-2023.pdf	499025	ca70af4beb95a0933686c29e172a79054c5b363f18ecdf4398b83bf1b897b8f0	application/pdf	DOWNLOADED
CAE	32	Pautas	1267	Pauta_da_3-_reuniao_ordinaria_-_06-04-2023	https://serv42.limeira.sp.gov.br/netConselhos/listaDocumentos/?conselho=32	https://serv42.limeira.sp.gov.br/netConselhos/documento/?documento=1267&desc=Pauta_da_3-_reuniao_ordinaria_-_06-04-2023	https://serv42.limeira.sp.gov.br/netConselhos/documento/?documento=1267&desc=Pauta_da_3-_reuniao_ordinaria_-_06-04-2023	200	files/CAE/Pautas/1267__Pauta da 3ª reunião ordinária - 06-04-2023.pdf	1267__Pauta da 3ª reunião ordinária - 06-04-2023.pdf	498411	f9cf5b458ee87817502e3ebc1f35677f0c144fca437396e2d81332fea64f234f	application/pdf	DOWNLOADED
CAE	32	Pautas	1268	Pauta_da_4-_reuniao_ordinaria_-_10-05-2023	https://serv42.limeira.sp.gov.br/netConselhos/listaDocumentos/?conselho=32	https://serv42.limeira.sp.gov.br/netConselhos/documento/?documento=1268&desc=Pauta_da_4-_reuniao_ordinaria_-_10-05-2023	https://serv42.limeira.sp.gov.br/netConselhos/documento/?documento=1268&desc=Pauta_da_4-_reuniao_ordinaria_-_10-05-2023	200	files/CAE/Pautas/1268__Pauta da 4ª reunião ordinária - 10-05-2023.pdf	1268__Pauta da 4ª reunião ordinária - 10-05-2023.pdf	497872	b58422e55691525ace796d0f2b6041c5b6ebe2243fe29d5f32a2b721fd27796b	application/pdf	DOWNLOADED
CAE	32	Pautas	1269	Pauta_da_1-_reuniao_extraordinaria_-_25-05-2023	https://serv42.limeira.sp.gov.br/netConselhos/listaDocumentos/?conselho=32	https://serv42.limeira.sp.gov.br/netConselhos/documento/?documento=1269&desc=Pauta_da_1-_reuniao_extraordinaria_-_25-05-2023	https://serv42.limeira.sp.gov.br/netConselhos/documento/?documento=1269&desc=Pauta_da_1-_reuniao_extraordinaria_-_25-05-2023	200	files/CAE/Pautas/1269__Pauta da 1ª reunião extraordinária - 25-05-2023.pdf	1269__Pauta da 1ª reunião extraordinária - 25-05-2023.pdf	494542	dbb0080e349ee1ef507bb57fc90205fd1554a20087a1c4ed15c4b8428cef2fa3	application/pdf	DOWNLOADED
CAE	32	Pautas	1325	Pauta_da_5-_reuniao_ordinaria_-_07-06-2023	https://serv42.limeira.sp.gov.br/netConselhos/listaDocumentos/?conselho=32	https://serv42.limeira.sp.gov.br/netConselhos/documento/?documento=1325&desc=Pauta_da_5-_reuniao_ordinaria_-_07-06-2023	https://serv42.limeira.sp.gov.br/netConselhos/documento/?documento=1325&desc=Pauta_da_5-_reuniao_ordinaria_-_07-06-2023	200	files/CAE/Pautas/1325__Pauta da 5ª reunião ordinária - 07-06-2023.pdf	1325__Pauta da 5ª reunião ordinária - 07-06-2023.pdf	496135	958d122bc3b0848ddbf128532772e9c92fe19e84739f8f44902a2f513b2684c9	application/pdf	DOWNLOADED
CAE	32	Pautas	1327	Pauta_da_6-_reuniao_ordinaria_-_07-07-2023	https://serv42.limeira.sp.gov.br/netConselhos/listaDocumentos/?conselho=32	https://serv42.limeira.sp.gov.br/netConselhos/documento/?documento=1327&desc=Pauta_da_6-_reuniao_ordinaria_-_07-07-2023	https://serv42.limeira.sp.gov.br/netConselhos/documento/?documento=1327&desc=Pauta_da_6-_reuniao_ordinaria_-_07-07-2023	200	files/CAE/Pautas/1327__Pauta da 6ª reunião ordinária - 07-07-2023.pdf	1327__Pauta da 6ª reunião ordinária - 07-07-2023.pdf	497823	ded3e20cec33cad9f687ecc23e80d8207c4c35c25dda53bde1cc77825a019438	application/pdf	DOWNLOADED
CAE	32	Pautas	1339	Pauta_da_7-_reuniao_ordinaria_-_08-08-2023	https://serv42.limeira.sp.gov.br/netConselhos/listaDocumentos/?conselho=32	https://serv42.limeira.sp.gov.br/netConselhos/documento/?documento=1339&desc=Pauta_da_7-_reuniao_ordinaria_-_08-08-2023	https://serv42.limeira.sp.gov.br/netConselhos/documento/?documento=1339&desc=Pauta_da_7-_reuniao_ordinaria_-_08-08-2023	200	files/CAE/Pautas/1339__Pauta da 7ª reunião ordinária - 08-08-2023.pdf	1339__Pauta da 7ª reunião ordinária - 08-08-2023.pdf	498560	0bb1ccb6bec45849c119fdbd78c9e6e4a68db6c247bd1e0b8335460e5f946042	application/pdf	DOWNLOADED
CAE	32	Pautas	1382	Pauta_da_8-_reuniao_ordinaria_-_12-09-2023	https://serv42.limeira.sp.gov.br/netConselhos/listaDocumentos/?conselho=32	https://serv42.limeira.sp.gov.br/netConselhos/documento/?documento=1382&desc=Pauta_da_8-_reuniao_ordinaria_-_12-09-2023	https://serv42.limeira.sp.gov.br/netConselhos/documento/?documento=1382&desc=Pauta_da_8-_reuniao_ordinaria_-_12-09-2023	200	files/CAE/Pautas/1382__Pauta da 8ª reunião ordinária - 12-09-2023.pdf	1382__Pauta da 8ª reunião ordinária - 12-09-2023.pdf	496593	c6c7fe29281a3179781a86ccefa89b4a691843e5cba569858eed51c5540d9af2	application/pdf	DOWNLOADED
CAE	32	Pautas	1409	Pauta_da_9-_reuniao_ordinaria_-_03-10-2023	https://serv42.limeira.sp.gov.br/netConselhos/listaDocumentos/?conselho=32	https://serv42.limeira.sp.gov.br/netConselhos/documento/?documento=1409&desc=Pauta_da_9-_reuniao_ordinaria_-_03-10-2023	https://serv42.limeira.sp.gov.br/netConselhos/documento/?documento=1409&desc=Pauta_da_9-_reuniao_ordinaria_-_03-10-2023	200	files/CAE/Pautas/1409__Pauta da 9ª reunião ordinária - 03-10-2023.pdf	1409__Pauta da 9ª reunião ordinária - 03-10-2023.pdf	496287	de033119bbaad17dc6b6de9939650907174589c20cd9728b18939047af591cb4	application/pdf	DOWNLOADED
CAE	32	Pautas	1434	Pauta_da_10-_reuniao_ordinaria_-_08-11-2023	https://serv42.limeira.sp.gov.br/netConselhos/listaDocumentos/?conselho=32	https://serv42.limeira.sp.gov.br/netConselhos/documento/?documento=1434&desc=Pauta_da_10-_reuniao_ordinaria_-_08-11-2023	https://serv42.limeira.sp.gov.br/netConselhos/documento/?documento=1434&desc=Pauta_da_10-_reuniao_ordinaria_-_08-11-2023	200	files/CAE/Pautas/1434__Pauta da 10ª reunião ordinária - 08-11-2023.pdf	1434__Pauta da 10ª reunião ordinária - 08-11-2023.pdf	497076	ae2245462fb2dbe5702b606402331536146ef533b7c2810703f3df0fbf80b68b	application/pdf	DOWNLOADED
CAE	32	Pautas	1488	Pauta_da_11-_Reuniao_Ordinaria_-_07-12-2023	https://serv42.limeira.sp.gov.br/netConselhos/listaDocumentos/?conselho=32	https://serv42.limeira.sp.gov.br/netConselhos/documento/?documento=1488&desc=Pauta_da_11-_Reuniao_Ordinaria_-_07-12-2023	https://serv42.limeira.sp.gov.br/netConselhos/documento/?documento=1488&desc=Pauta_da_11-_Reuniao_Ordinaria_-_07-12-2023	200	files/CAE/Pautas/1488__Pauta da 11ª Reunião Ordinária - 07-12-2023.pdf	1488__Pauta da 11ª Reunião Ordinária - 07-12-2023.pdf	38953	1e0fde6d953285777cc71b3c31ff234d1b3c7ab8e859b150cfc259aa0a785890	application/pdf	DOWNLOADED
CAE	32	Pautas	1490	Pauta_da_1-_reuniao_ordinaria_-_01-02-2024	https://serv42.limeira.sp.gov.br/netConselhos/listaDocumentos/?conselho=32	https://serv42.limeira.sp.gov.br/netConselhos/documento/?documento=1490&desc=Pauta_da_1-_reuniao_ordinaria_-_01-02-2024	https://serv42.limeira.sp.gov.br/netConselhos/documento/?documento=1490&desc=Pauta_da_1-_reuniao_ordinaria_-_01-02-2024	200	files/CAE/Pautas/1490__Pauta da 1ª reunião ordinária - 01-02-2024.pdf	1490__Pauta da 1ª reunião ordinária - 01-02-2024.pdf	498674	41d9298f59668c31cfe9731061305c26c9d30ba5af519ff8b9e77e7f9e21dac0	application/pdf	DOWNLOADED
CAE	32	Pautas	1494	Pauta_da_2-_reuniao_ordinaria_-_06-03-2024	https://serv42.limeira.sp.gov.br/netConselhos/listaDocumentos/?conselho=32	https://serv42.limeira.sp.gov.br/netConselhos/documento/?documento=1494&desc=Pauta_da_2-_reuniao_ordinaria_-_06-03-2024	https://serv42.limeira.sp.gov.br/netConselhos/documento/?documento=1494&desc=Pauta_da_2-_reuniao_ordinaria_-_06-03-2024	200	files/CAE/Pautas/1494__Pauta da 2ª reunião ordinária - 06-03-2024.pdf	1494__Pauta da 2ª reunião ordinária - 06-03-2024.pdf	500431	1a698f458bc751d2d642eb9d49eff2bbe4b42a9372360a0263e9708b54888531	application/pdf	DOWNLOADED
CAE	32	Pautas	1587	Pauta_da_3-_reuniao_ordinaria_-_03-04-2024	https://serv42.limeira.sp.gov.br/netConselhos/listaDocumentos/?conselho=32	https://serv42.limeira.sp.gov.br/netConselhos/documento/?documento=1587&desc=Pauta_da_3-_reuniao_ordinaria_-_03-04-2024	https://serv42.limeira.sp.gov.br/netConselhos/documento/?documento=1587&desc=Pauta_da_3-_reuniao_ordinaria_-_03-04-2024	200	files/CAE/Pautas/1587__Pauta da 3ª reunião ordinária - 03-04-2024.pdf	1587__Pauta da 3ª reunião ordinária - 03-04-2024.pdf	497964	280aee69a6e8372cd926fff262a40b685d1c48345d8980c552e0018864f0b682	application/pdf	DOWNLOADED
CAE	32	Pautas	1588	Pauta_da_4-_reuniao_ordinaria_-_08-05-2024	https://serv42.limeira.sp.gov.br/netConselhos/listaDocumentos/?conselho=32	https://serv42.limeira.sp.gov.br/netConselhos/documento/?documento=1588&desc=Pauta_da_4-_reuniao_ordinaria_-_08-05-2024	https://serv42.limeira.sp.gov.br/netConselhos/documento/?documento=1588&desc=Pauta_da_4-_reuniao_ordinaria_-_08-05-2024	200	files/CAE/Pautas/1588__Pauta da 4ª reunião ordinária - 08-05-2024.pdf	1588__Pauta da 4ª reunião ordinária - 08-05-2024.pdf	498786	52651c323f21e8efec8fc9acfa27b4452dbd945b195a03f0a34a936bf41ae78a	application/pdf	DOWNLOADED
CAE	32	Pautas	1589	Pauta_da_5-_reuniao_ordinaria_-_06-06-2024	https://serv42.limeira.sp.gov.br/netConselhos/listaDocumentos/?conselho=32	https://serv42.limeira.sp.gov.br/netConselhos/documento/?documento=1589&desc=Pauta_da_5-_reuniao_ordinaria_-_06-06-2024	https://serv42.limeira.sp.gov.br/netConselhos/documento/?documento=1589&desc=Pauta_da_5-_reuniao_ordinaria_-_06-06-2024	200	files/CAE/Pautas/1589__Pauta da 5ª reunião ordinária - 06-06-2024.pdf	1589__Pauta da 5ª reunião ordinária - 06-06-2024.pdf	497445	daefdc31bc9110066b235c0e4b18f6033b0cba0d108f9791559746f63debf5c2	application/pdf	DOWNLOADED
CAE	32	Pautas	1646	Pauta_da_6-_reuniao_ordinaria_-_03-07-2024	https://serv42.limeira.sp.gov.br/netConselhos/listaDocumentos/?conselho=32	https://serv42.limeira.sp.gov.br/netConselhos/documento/?documento=1646&desc=Pauta_da_6-_reuniao_ordinaria_-_03-07-2024	https://serv42.limeira.sp.gov.br/netConselhos/documento/?documento=1646&desc=Pauta_da_6-_reuniao_ordinaria_-_03-07-2024	200	files/CAE/Pautas/1646__Pauta da 6ª reunião ordinária - 03-07-2024.pdf	1646__Pauta da 6ª reunião ordinária - 03-07-2024.pdf	496378	2513486ef51a714c6ff74cd8eb7ea3acd80dc4e05ab08206c4b1df23059f8ef8	application/pdf	DOWNLOADED
CAE	32	Pautas	1650	Pauta_da_7-_reuniao_ordinaria_-07--08-2024	https://serv42.limeira.sp.gov.br/netConselhos/listaDocumentos/?conselho=32	https://serv42.limeira.sp.gov.br/netConselhos/documento/?documento=1650&desc=Pauta_da_7-_reuniao_ordinaria_-07--08-2024	https://serv42.limeira.sp.gov.br/netConselhos/documento/?documento=1650&desc=Pauta_da_7-_reuniao_ordinaria_-07--08-2024	200	files/CAE/Pautas/1650__Pauta da 7ª reunião ordinária -07--08-2024.pdf	1650__Pauta da 7ª reunião ordinária -07--08-2024.pdf	498403	58ef9f8bdc49abcc038d4cb43aaa6be178a690bb5b187117c8f5c4b32e71945e	application/pdf	DOWNLOADED
CAE	32	Pautas	1651	Pauta_da_8-_reuniao_ordinaria_-04-09-2024	https://serv42.limeira.sp.gov.br/netConselhos/listaDocumentos/?conselho=32	https://serv42.limeira.sp.gov.br/netConselhos/documento/?documento=1651&desc=Pauta_da_8-_reuniao_ordinaria_-04-09-2024	https://serv42.limeira.sp.gov.br/netConselhos/documento/?documento=1651&desc=Pauta_da_8-_reuniao_ordinaria_-04-09-2024	200	files/CAE/Pautas/1651__Pauta da 8ª reunião ordinária -04-09-2024.pdf	1651__Pauta da 8ª reunião ordinária -04-09-2024.pdf	498727	c6a40e2b07753c405413593708889f063dbb15d82ae9a87660068a2630488f93	application/pdf	DOWNLOADED
CAE	32	Pautas	1652	Pauta_da_9-_reuniao_ordinaria_-02-10-2024	https://serv42.limeira.sp.gov.br/netConselhos/listaDocumentos/?conselho=32	https://serv42.limeira.sp.gov.br/netConselhos/documento/?documento=1652&desc=Pauta_da_9-_reuniao_ordinaria_-02-10-2024	https://serv42.limeira.sp.gov.br/netConselhos/documento/?documento=1652&desc=Pauta_da_9-_reuniao_ordinaria_-02-10-2024	200	files/CAE/Pautas/1652__Pauta da 9ª reunião ordinária -02-10-2024.pdf	1652__Pauta da 9ª reunião ordinária -02-10-2024.pdf	497729	e2da7f92ef5c810636361ec15fad6c193176e5e221c6ae9979f427d10f70d6cc	application/pdf	DOWNLOADED
CAE	32	Pautas	1672	Pauta_da_10-_reuniao_ordinaria__06-11-2024	https://serv42.limeira.sp.gov.br/netConselhos/listaDocumentos/?conselho=32	https://serv42.limeira.sp.gov.br/netConselhos/documento/?documento=1672&desc=Pauta_da_10-_reuniao_ordinaria__06-11-2024	https://serv42.limeira.sp.gov.br/netConselhos/documento/?documento=1672&desc=Pauta_da_10-_reuniao_ordinaria__06-11-2024	200	files/CAE/Pautas/1672__Pauta da 10ª reunião ordinária 06-11-2024.pdf	1672__Pauta da 10ª reunião ordinária 06-11-2024.pdf	497163	bbe4c5c5876eb54ddd07e14f83065afb40b8525d5e4ae1438c73cd2c5c50521a	application/pdf	DOWNLOADED
CAE	32	Pautas	1826	Pauta_da_11-_reuniao_ordinaria__04-12-2024	https://serv42.limeira.sp.gov.br/netConselhos/listaDocumentos/?conselho=32	https://serv42.limeira.sp.gov.br/netConselhos/documento/?documento=1826&desc=Pauta_da_11-_reuniao_ordinaria__04-12-2024	https://serv42.limeira.sp.gov.br/netConselhos/documento/?documento=1826&desc=Pauta_da_11-_reuniao_ordinaria__04-12-2024	200	files/CAE/Pautas/1826__Pauta da 11ª reunião ordinária 04-12-2024.pdf	1826__Pauta da 11ª reunião ordinária 04-12-2024.pdf	498692	4e1f4ac6e61089f086f77d31e2327bfa62d5263a349f8eeaa01a9731fd465429	application/pdf	DOWNLOADED
CAE	32	Pautas	1827	Pauta_da_1-_reuniao_ordinaria_-_01-02-2025	https://serv42.limeira.sp.gov.br/netConselhos/listaDocumentos/?conselho=32	https://serv42.limeira.sp.gov.br/netConselhos/documento/?documento=1827&desc=Pauta_da_1-_reuniao_ordinaria_-_01-02-2025	https://serv42.limeira.sp.gov.br/netConselhos/documento/?documento=1827&desc=Pauta_da_1-_reuniao_ordinaria_-_01-02-2025	200	files/CAE/Pautas/1827__Pauta da 1ª reunião ordinária - 01-02-2025.pdf	1827__Pauta da 1ª reunião ordinária - 01-02-2025.pdf	496992	1fa408b55a4209d5bb2c3284dbe0ca9c563dd8dbd31f2871e24e89fae76a9950	application/pdf	DOWNLOADED
CAE	32	Pautas	1828	Pauta_da_2-_reuniao_ordinaria_-_13-03-2025	https://serv42.limeira.sp.gov.br/netConselhos/listaDocumentos/?conselho=32	https://serv42.limeira.sp.gov.br/netConselhos/documento/?documento=1828&desc=Pauta_da_2-_reuniao_ordinaria_-_13-03-2025	https://serv42.limeira.sp.gov.br/netConselhos/documento/?documento=1828&desc=Pauta_da_2-_reuniao_ordinaria_-_13-03-2025	200	files/CAE/Pautas/1828__Pauta da 2ª reunião ordinária - 13-03-2025.pdf	1828__Pauta da 2ª reunião ordinária - 13-03-2025.pdf	495968	ebee7f860795eb6b4c895089d097758f97763d0f61564029f38621aada0e4779	application/pdf	DOWNLOADED
CAE	32	Pautas	1829	Pauta_da_3-_reuniao_ordinaria_-_04-04-2025	https://serv42.limeira.sp.gov.br/netConselhos/listaDocumentos/?conselho=32	https://serv42.limeira.sp.gov.br/netConselhos/documento/?documento=1829&desc=Pauta_da_3-_reuniao_ordinaria_-_04-04-2025	https://serv42.limeira.sp.gov.br/netConselhos/documento/?documento=1829&desc=Pauta_da_3-_reuniao_ordinaria_-_04-04-2025	200	files/CAE/Pautas/1829__Pauta da 3ª reunião ordinária - 04-04-2025.pdf	1829__Pauta da 3ª reunião ordinária - 04-04-2025.pdf	498594	de2e9ffa7a9aa98e54a021acad5dc121da313f0cc1c29d12a852d11c9f70f3ce	application/pdf	DOWNLOADED
CAE	32	Pautas	1830	Pauta_da_4-_reuniao_ordinaria_-_06-05-2025	https://serv42.limeira.sp.gov.br/netConselhos/listaDocumentos/?conselho=32	https://serv42.limeira.sp.gov.br/netConselhos/documento/?documento=1830&desc=Pauta_da_4-_reuniao_ordinaria_-_06-05-2025	https://serv42.limeira.sp.gov.br/netConselhos/documento/?documento=1830&desc=Pauta_da_4-_reuniao_ordinaria_-_06-05-2025	200	files/CAE/Pautas/1830__Pauta da 4ª reunião ordinária - 06-05-2025.pdf	1830__Pauta da 4ª reunião ordinária - 06-05-2025.pdf	497674	b9986c64cba2b14bbb8dc7a615de5190877a90ab735e0e3d52120b4de46e7e31	application/pdf	DOWNLOADED
CAE	32	Pautas	1831	Pauta_da_5-_reuniao_ordinaria_-_04-06-2025	https://serv42.limeira.sp.gov.br/netConselhos/listaDocumentos/?conselho=32	https://serv42.limeira.sp.gov.br/netConselhos/documento/?documento=1831&desc=Pauta_da_5-_reuniao_ordinaria_-_04-06-2025	https://serv42.limeira.sp.gov.br/netConselhos/documento/?documento=1831&desc=Pauta_da_5-_reuniao_ordinaria_-_04-06-2025	200	files/CAE/Pautas/1831__Pauta da 5ª reunião ordinária - 04-06-2025.pdf	1831__Pauta da 5ª reunião ordinária - 04-06-2025.pdf	497826	6bbb8d12f9e91ef8b5db1dff003d6da68d872d262459c07e37556af0b31c51cc	application/pdf	DOWNLOADED
CAE	32	Pautas	1843	Pauta_da_6-_reuniao_ordinaria_-_03-07-2025	https://serv42.limeira.sp.gov.br/netConselhos/listaDocumentos/?conselho=32	https://serv42.limeira.sp.gov.br/netConselhos/documento/?documento=1843&desc=Pauta_da_6-_reuniao_ordinaria_-_03-07-2025	https://serv42.limeira.sp.gov.br/netConselhos/documento/?documento=1843&desc=Pauta_da_6-_reuniao_ordinaria_-_03-07-2025	200	files/CAE/Pautas/1843__Pauta da 6ª reunião ordinária - 03-07-2025.pdf	1843__Pauta da 6ª reunião ordinária - 03-07-2025.pdf	499439	c70a4905ad84fc488dc892c0d6fc58f37f8b70e321bee5aa6856d01190aede99	application/pdf	DOWNLOADED
CAE	32	Pautas	1920	Pauta_da_7-_reuniao_ordinaria_-_08-08-2025	https://serv42.limeira.sp.gov.br/netConselhos/listaDocumentos/?conselho=32	https://serv42.limeira.sp.gov.br/netConselhos/documento/?documento=1920&desc=Pauta_da_7-_reuniao_ordinaria_-_08-08-2025	https://serv42.limeira.sp.gov.br/netConselhos/documento/?documento=1920&desc=Pauta_da_7-_reuniao_ordinaria_-_08-08-2025	200	files/CAE/Pautas/1920__Pauta da 7ª reunião ordinária - 08-08-2025.pdf	1920__Pauta da 7ª reunião ordinária - 08-08-2025.pdf	502052	d0efd7e559e17fb87dd3c87424925c372ba52197e77fe3e2089b37d769581de1	application/pdf	DOWNLOADED
CAE	32	Pautas	1921	Pauta_da_8-_reuniao_ordinaria_-_02-09-2025	https://serv42.limeira.sp.gov.br/netConselhos/listaDocumentos/?conselho=32	https://serv42.limeira.sp.gov.br/netConselhos/documento/?documento=1921&desc=Pauta_da_8-_reuniao_ordinaria_-_02-09-2025	https://serv42.limeira.sp.gov.br/netConselhos/documento/?documento=1921&desc=Pauta_da_8-_reuniao_ordinaria_-_02-09-2025	200	files/CAE/Pautas/1921__Pauta da 8ª reunião ordinária - 02-09-2025.pdf	1921__Pauta da 8ª reunião ordinária - 02-09-2025.pdf	500955	72c53910d753823cda04b4a4e4081a8bd40a9e38d1c1870187d2631318704c43	application/pdf	DOWNLOADED
CAE	32	Pautas	1922	Pauta_da_9-_reuniao_ordinaria_-01-10-2025	https://serv42.limeira.sp.gov.br/netConselhos/listaDocumentos/?conselho=32	https://serv42.limeira.sp.gov.br/netConselhos/documento/?documento=1922&desc=Pauta_da_9-_reuniao_ordinaria_-01-10-2025	https://serv42.limeira.sp.gov.br/netConselhos/documento/?documento=1922&desc=Pauta_da_9-_reuniao_ordinaria_-01-10-2025	200	files/CAE/Pautas/1922__Pauta da 9ª reunião ordinária -01-10-2025.pdf	1922__Pauta da 9ª reunião ordinária -01-10-2025.pdf	517298	49425963ac383cb02198d3c07384868de08ec93832558717680ea2fb400bc2fd	application/pdf	DOWNLOADED
CAE	32	Pautas	2323	Pauta_da_10-_reuniao_ordinaria_-06-11-2025	https://serv42.limeira.sp.gov.br/netConselhos/listaDocumentos/?conselho=32	https://serv42.limeira.sp.gov.br/netConselhos/documento/?documento=2323&desc=Pauta_da_10-_reuniao_ordinaria_-06-11-2025	https://serv42.limeira.sp.gov.br/netConselhos/documento/?documento=2323&desc=Pauta_da_10-_reuniao_ordinaria_-06-11-2025	200	files/CAE/Pautas/2323__Pauta da 10ª reunião ordinária -06-11-2025.pdf	2323__Pauta da 10ª reunião ordinária -06-11-2025.pdf	499749	51f87d2dfe0752c73f74a62362f8cb0376910ac747141f63c40fb437c366511b	application/pdf	DOWNLOADED
CAE	32	Pautas	2324	Pauta_da_1-_reuniao_extraordinaria_-27-11-2025	https://serv42.limeira.sp.gov.br/netConselhos/listaDocumentos/?conselho=32	https://serv42.limeira.sp.gov.br/netConselhos/documento/?documento=2324&desc=Pauta_da_1-_reuniao_extraordinaria_-27-11-2025	https://serv42.limeira.sp.gov.br/netConselhos/documento/?documento=2324&desc=Pauta_da_1-_reuniao_extraordinaria_-27-11-2025	200	files/CAE/Pautas/2324__Pauta da 1ª reunião extraordinária -27-11-2025.pdf	2324__Pauta da 1ª reunião extraordinária -27-11-2025.pdf	496234	0ed0efef5629a5427fb1c7a0ef3beac085024133a168565f148806b209314544	application/pdf	DOWNLOADED
CAE	32	Pautas	2326	Pauta_da_1-_reuniao_ordinaria_-_19-02-2026	https://serv42.limeira.sp.gov.br/netConselhos/listaDocumentos/?conselho=32	https://serv42.limeira.sp.gov.br/netConselhos/documento/?documento=2326&desc=Pauta_da_1-_reuniao_ordinaria_-_19-02-2026	https://serv42.limeira.sp.gov.br/netConselhos/documento/?documento=2326&desc=Pauta_da_1-_reuniao_ordinaria_-_19-02-2026	200	files/CAE/Pautas/2326__Pauta da 1ª reunião ordinária - 19-02-2026.pdf	2326__Pauta da 1ª reunião ordinária - 19-02-2026.pdf	552078	be1a094c91bff55431a02c6bb6f55f73dfea0e8f8b477eb6b43975ced4957973	application/pdf	DOWNLOADED
CAE	32	Pautas	2327	Pauta_da_2-_reuniao_ordinaria_-_11-03-2026	https://serv42.limeira.sp.gov.br/netConselhos/listaDocumentos/?conselho=32	https://serv42.limeira.sp.gov.br/netConselhos/documento/?documento=2327&desc=Pauta_da_2-_reuniao_ordinaria_-_11-03-2026	https://serv42.limeira.sp.gov.br/netConselhos/documento/?documento=2327&desc=Pauta_da_2-_reuniao_ordinaria_-_11-03-2026	200	files/CAE/Pautas/2327__Pauta da 2ª reunião ordinária - 11-03-2026.pdf	2327__Pauta da 2ª reunião ordinária - 11-03-2026.pdf	533176	6a3f3962a9dc40f6b1e9b79d322ea50d3a17bb37c00354612dbf2da90a289cf9	application/pdf	DOWNLOADED
CAE	32	Pautas	2436	Pauta_da_3-_reuniao_ordinaria_-_07-04-2026	https://serv42.limeira.sp.gov.br/netConselhos/listaDocumentos/?conselho=32	https://serv42.limeira.sp.gov.br/netConselhos/documento/?documento=2436&desc=Pauta_da_3-_reuniao_ordinaria_-_07-04-2026	https://serv42.limeira.sp.gov.br/netConselhos/documento/?documento=2436&desc=Pauta_da_3-_reuniao_ordinaria_-_07-04-2026	200	files/CAE/Pautas/2436__Pauta da 3ª reunião ordinária - 07-04-2026.pdf	2436__Pauta da 3ª reunião ordinária - 07-04-2026.pdf	548698	87922680329ffb38d934e150fa61faefadf98b30a44e5dc92d4b4db4614f7151	application/pdf	DOWNLOADED
CAE	32	Pautas	2561	Pauta_da_4-_reuniao_ordinaria_-_07-05-2026	https://serv42.limeira.sp.gov.br/netConselhos/listaDocumentos/?conselho=32	https://serv42.limeira.sp.gov.br/netConselhos/documento/?documento=2561&desc=Pauta_da_4-_reuniao_ordinaria_-_07-05-2026	https://serv42.limeira.sp.gov.br/netConselhos/documento/?documento=2561&desc=Pauta_da_4-_reuniao_ordinaria_-_07-05-2026	200	files/CAE/Pautas/2561__Pauta da 4ª reunião ordinária - 07-05-2026.pdf	2561__Pauta da 4ª reunião ordinária - 07-05-2026.pdf	534698	682d76818b9d1020ee05f6cccdf26638b7b607cd014a9570e19c0fc7aa888044	application/pdf	DOWNLOADED
CAE	32	Pautas	2712	Pauta_da_5-_reuniao_ordinaria_-_09-06-2026	https://serv42.limeira.sp.gov.br/netConselhos/listaDocumentos/?conselho=32	https://serv42.limeira.sp.gov.br/netConselhos/documento/?documento=2712&desc=Pauta_da_5-_reuniao_ordinaria_-_09-06-2026	https://serv42.limeira.sp.gov.br/netConselhos/documento/?documento=2712&desc=Pauta_da_5-_reuniao_ordinaria_-_09-06-2026	200	files/CAE/Pautas/2712__Pauta da 5ª reunião ordinária - 09-06-2026.pdf	2712__Pauta da 5ª reunião ordinária - 09-06-2026.pdf	537218	19c7da4c9960cc3f8e0c257000e9df5c5760f8fb44b2809628f17e6aae8c9f05	application/pdf	DOWNLOADED
CAE	32	Pautas	2713	Pauta_da_6-_reuniao_ordinaria_-_08-07-2026	https://serv42.limeira.sp.gov.br/netConselhos/listaDocumentos/?conselho=32	https://serv42.limeira.sp.gov.br/netConselhos/documento/?documento=2713&desc=Pauta_da_6-_reuniao_ordinaria_-_08-07-2026	https://serv42.limeira.sp.gov.br/netConselhos/documento/?documento=2713&desc=Pauta_da_6-_reuniao_ordinaria_-_08-07-2026	200	files/CAE/Pautas/2713__Pauta da 6ª reunião ordinária - 08-07-2026.pdf	2713__Pauta da 6ª reunião ordinária - 08-07-2026.pdf	487807	a154b4a7fc1471bb806815f85543ed0ec40778785349ec09bc22b671201eba6c	application/pdf	DOWNLOADED
CAE	32	Pautas	2714	Pauta_da_7-_reuniao_ordinaria_-_06-08-2026	https://serv42.limeira.sp.gov.br/netConselhos/listaDocumentos/?conselho=32	https://serv42.limeira.sp.gov.br/netConselhos/documento/?documento=2714&desc=Pauta_da_7-_reuniao_ordinaria_-_06-08-2026	https://serv42.limeira.sp.gov.br/netConselhos/documento/?documento=2714&desc=Pauta_da_7-_reuniao_ordinaria_-_06-08-2026	200	files/CAE/Pautas/2714__Pauta da 7ª reunião ordinária - 06-08-2026.pdf	2714__Pauta da 7ª reunião ordinária - 06-08-2026.pdf	484658	f5db648e8d95d8d3ffeaf8bc0f91a706f837758200a6ddf62de4a1e421861748	application/pdf	DOWNLOADED
CAE	32	Atas de Reuniões	170	CAE_1-_RO_25-01-19	https://serv42.limeira.sp.gov.br/netConselhos/listaDocumentos/?conselho=32	https://serv42.limeira.sp.gov.br/netConselhos/documento/?documento=170&desc=CAE_1-_RO_25-01-19	https://serv42.limeira.sp.gov.br/netConselhos/documento/?documento=170&desc=CAE_1-_RO_25-01-19	200	files/CAE/Atas de Reuniões/170__CAE 1ª RO 25-01-19.pdf	170__CAE 1ª RO 25-01-19.pdf	120819	8fa3c8c931a268e39a2539aa3cc67e068ab77cdbdc7f304ffadb889492814581	application/pdf	DOWNLOADED
CAE	32	Atas de Reuniões	171	CAE_2-_RO_20-02-19	https://serv42.limeira.sp.gov.br/netConselhos/listaDocumentos/?conselho=32	https://serv42.limeira.sp.gov.br/netConselhos/documento/?documento=171&desc=CAE_2-_RO_20-02-19	https://serv42.limeira.sp.gov.br/netConselhos/documento/?documento=171&desc=CAE_2-_RO_20-02-19	200	files/CAE/Atas de Reuniões/171__CAE 2ª RO 20-02-19.pdf	171__CAE 2ª RO 20-02-19.pdf	167871	7d2ca2b528e6f212e80823ff10677016434fa2e6c594e83847d9b1d7f70d7694	application/pdf	DOWNLOADED
CAE	32	Atas de Reuniões	172	CAE_3-_RO_14-03-19	https://serv42.limeira.sp.gov.br/netConselhos/listaDocumentos/?conselho=32	https://serv42.limeira.sp.gov.br/netConselhos/documento/?documento=172&desc=CAE_3-_RO_14-03-19	https://serv42.limeira.sp.gov.br/netConselhos/documento/?documento=172&desc=CAE_3-_RO_14-03-19	200	files/CAE/Atas de Reuniões/172__CAE 3ª RO 14-03-19.pdf	172__CAE 3ª RO 14-03-19.pdf	168472	2e7dcb5495988ced323da78a69d82312477dd0efcdb86189cbe22ee6220c6b42	application/pdf	DOWNLOADED
CAE	32	Atas de Reuniões	173	CAE_4-_RO_11-04-19	https://serv42.limeira.sp.gov.br/netConselhos/listaDocumentos/?conselho=32	https://serv42.limeira.sp.gov.br/netConselhos/documento/?documento=173&desc=CAE_4-_RO_11-04-19	https://serv42.limeira.sp.gov.br/netConselhos/documento/?documento=173&desc=CAE_4-_RO_11-04-19	200	files/CAE/Atas de Reuniões/173__CAE 4ª RO 11-04-19.pdf	173__CAE 4ª RO 11-04-19.pdf	230766	55c5393e64ffd64bffc300e5f25581aea4bd2f93c7ca7ec3ab8800bf6416f937	application/pdf	DOWNLOADED
CAE	32	Atas de Reuniões	174	CAE_5-_RO_09-05-19	https://serv42.limeira.sp.gov.br/netConselhos/listaDocumentos/?conselho=32	https://serv42.limeira.sp.gov.br/netConselhos/documento/?documento=174&desc=CAE_5-_RO_09-05-19	https://serv42.limeira.sp.gov.br/netConselhos/documento/?documento=174&desc=CAE_5-_RO_09-05-19	200	files/CAE/Atas de Reuniões/174__CAE 5ª RO 09-05-19.pdf	174__CAE 5ª RO 09-05-19.pdf	223344	048d339140fc06fb801b35917e36c1e8d5da59c6682eab430a59cc57ca505271	application/pdf	DOWNLOADED
CAE	32	Atas de Reuniões	175	CAE_6-_RO_12.06.19	https://serv42.limeira.sp.gov.br/netConselhos/listaDocumentos/?conselho=32	https://serv42.limeira.sp.gov.br/netConselhos/documento/?documento=175&desc=CAE_6-_RO_12.06.19	https://serv42.limeira.sp.gov.br/netConselhos/documento/?documento=175&desc=CAE_6-_RO_12.06.19	200	files/CAE/Atas de Reuniões/175__CAE 6ª RO 12.06.19.pdf	175__CAE 6ª RO 12.06.19.pdf	224544	b8572e56a0552d211a9cbd453889f455cb5eeddd11597c5286273980cea8d26d	application/pdf	DOWNLOADED
CAE	32	Atas de Reuniões	176	CAE_7a_RO_04.07.19	https://serv42.limeira.sp.gov.br/netConselhos/listaDocumentos/?conselho=32	https://serv42.limeira.sp.gov.br/netConselhos/documento/?documento=176&desc=CAE_7a_RO_04.07.19	https://serv42.limeira.sp.gov.br/netConselhos/documento/?documento=176&desc=CAE_7a_RO_04.07.19	200	files/CAE/Atas de Reuniões/176__CAE 7a RO 04.07.19.pdf	176__CAE 7a RO 04.07.19.pdf	335438	50765ae36809e45282ed3fc02cde59b72c30180db238a9710c0bacbd2ecd6abc	application/pdf	DOWNLOADED
CAE	32	Atas de Reuniões	177	CAE_8a_RO_08.08.19	https://serv42.limeira.sp.gov.br/netConselhos/listaDocumentos/?conselho=32	https://serv42.limeira.sp.gov.br/netConselhos/documento/?documento=177&desc=CAE_8a_RO_08.08.19	https://serv42.limeira.sp.gov.br/netConselhos/documento/?documento=177&desc=CAE_8a_RO_08.08.19	200	files/CAE/Atas de Reuniões/177__CAE 8a RO 08.08.19.pdf	177__CAE 8a RO 08.08.19.pdf	157399	86d987e4ce2c29838e9c2df5ed0c2b2eb96862d0dbb7a7d7ec50633322c838cb	application/pdf	DOWNLOADED
CAE	32	Atas de Reuniões	178	CAE_9a_RO_05.09.19	https://serv42.limeira.sp.gov.br/netConselhos/listaDocumentos/?conselho=32	https://serv42.limeira.sp.gov.br/netConselhos/documento/?documento=178&desc=CAE_9a_RO_05.09.19	https://serv42.limeira.sp.gov.br/netConselhos/documento/?documento=178&desc=CAE_9a_RO_05.09.19	200	files/CAE/Atas de Reuniões/178__CAE 9a RO 05.09.19.pdf	178__CAE 9a RO 05.09.19.pdf	240528	ecdf2b7f3be9ec66eb884971281f6cbf4a6189de3e12a88ea388c99b88d68eaa	application/pdf	DOWNLOADED
CAE	32	Atas de Reuniões	179	CAE_10a_RO_09.10.19	https://serv42.limeira.sp.gov.br/netConselhos/listaDocumentos/?conselho=32	https://serv42.limeira.sp.gov.br/netConselhos/documento/?documento=179&desc=CAE_10a_RO_09.10.19	https://serv42.limeira.sp.gov.br/netConselhos/documento/?documento=179&desc=CAE_10a_RO_09.10.19	200	files/CAE/Atas de Reuniões/179__CAE 10a RO 09.10.19.pdf	179__CAE 10a RO 09.10.19.pdf	226093	94507206164cabfc6df8d5b11dea8bd53616b33800e9650f44973e998d73bb44	application/pdf	DOWNLOADED
CAE	32	Atas de Reuniões	180	CAE_11a_RO_13.11.19	https://serv42.limeira.sp.gov.br/netConselhos/listaDocumentos/?conselho=32	https://serv42.limeira.sp.gov.br/netConselhos/documento/?documento=180&desc=CAE_11a_RO_13.11.19	https://serv42.limeira.sp.gov.br/netConselhos/documento/?documento=180&desc=CAE_11a_RO_13.11.19	200	files/CAE/Atas de Reuniões/180__CAE 11a RO 13.11.19.pdf	180__CAE 11a RO 13.11.19.pdf	426663	bde7085ab50cb8ad9556985f0ce41aa8977a20e332e342721b850b97d311564d	application/pdf	DOWNLOADED
CAE	32	Atas de Reuniões	259	CAE_12a_RO_12.12.19	https://serv42.limeira.sp.gov.br/netConselhos/listaDocumentos/?conselho=32	https://serv42.limeira.sp.gov.br/netConselhos/documento/?documento=259&desc=CAE_12a_RO_12.12.19	https://serv42.limeira.sp.gov.br/netConselhos/documento/?documento=259&desc=CAE_12a_RO_12.12.19	200	files/CAE/Atas de Reuniões/259__CAE 12a RO 12.12.19.pdf	259__CAE 12a RO 12.12.19.pdf	176638	da87f15dcf62d410e1b30851f970cb0b19f35b9a58da939e97bfacac41bac566	application/pdf	DOWNLOADED
CAE	32	Atas de Reuniões	267	CAE_1-_RO_30-01-20	https://serv42.limeira.sp.gov.br/netConselhos/listaDocumentos/?conselho=32	https://serv42.limeira.sp.gov.br/netConselhos/documento/?documento=267&desc=CAE_1-_RO_30-01-20	https://serv42.limeira.sp.gov.br/netConselhos/documento/?documento=267&desc=CAE_1-_RO_30-01-20	200	files/CAE/Atas de Reuniões/267__CAE 1ª RO 30-01-20.pdf	267__CAE 1ª RO 30-01-20.pdf	160347	a4b5247bb21fb0f3ec8fef359c1efec5d24f10cbf733911ce31df121b066bde4	application/pdf	DOWNLOADED
CAE	32	Atas de Reuniões	343	CAE_3-_RO_-_10.03.2020	https://serv42.limeira.sp.gov.br/netConselhos/listaDocumentos/?conselho=32	https://serv42.limeira.sp.gov.br/netConselhos/documento/?documento=343&desc=CAE_3-_RO_-_10.03.2020	https://serv42.limeira.sp.gov.br/netConselhos/documento/?documento=343&desc=CAE_3-_RO_-_10.03.2020	200	files/CAE/Atas de Reuniões/343__CAE 3ª RO - 10.03.2020.pdf	343__CAE 3ª RO - 10.03.2020.pdf	192932	4aee87101c7ff21f3d5065ec3efeb594b0cf228c4cc29b1fb336f8fee825b61a	application/pdf	DOWNLOADED
CAE	32	Atas de Reuniões	345	CAE_1-_RE_14.07.2020	https://serv42.limeira.sp.gov.br/netConselhos/listaDocumentos/?conselho=32	https://serv42.limeira.sp.gov.br/netConselhos/documento/?documento=345&desc=CAE_1-_RE_14.07.2020	https://serv42.limeira.sp.gov.br/netConselhos/documento/?documento=345&desc=CAE_1-_RE_14.07.2020	200	files/CAE/Atas de Reuniões/345__CAE 1ª RE 14.07.2020.pdf	345__CAE 1ª RE 14.07.2020.pdf	209703	856a29433257b748c2b33e8c5c117162046f63c777d19902cfe8e0df7059b5f4	application/pdf	DOWNLOADED
CAE	32	Atas de Reuniões	435	CAE_2-_RE_12.08.2020	https://serv42.limeira.sp.gov.br/netConselhos/listaDocumentos/?conselho=32	https://serv42.limeira.sp.gov.br/netConselhos/documento/?documento=435&desc=CAE_2-_RE_12.08.2020	https://serv42.limeira.sp.gov.br/netConselhos/documento/?documento=435&desc=CAE_2-_RE_12.08.2020	200	files/CAE/Atas de Reuniões/435__CAE 2ª RE 12.08.2020.pdf	435__CAE 2ª RE 12.08.2020.pdf	264928	36ccac16d51420027984c00ebc28b3d172ffec084644f2d6d68c7828f74292b6	application/pdf	DOWNLOADED
CAE	32	Atas de Reuniões	436	CAE_3-_RE_07.10.2020	https://serv42.limeira.sp.gov.br/netConselhos/listaDocumentos/?conselho=32	https://serv42.limeira.sp.gov.br/netConselhos/documento/?documento=436&desc=CAE_3-_RE_07.10.2020	https://serv42.limeira.sp.gov.br/netConselhos/documento/?documento=436&desc=CAE_3-_RE_07.10.2020	200	files/CAE/Atas de Reuniões/436__CAE 3ª RE 07.10.2020.pdf	436__CAE 3ª RE 07.10.2020.pdf	217674	9bde530bb26c55ef2c09a6feac3f2f3b80ea2d59220beb9531d89ced347fe1ad	application/pdf	DOWNLOADED
CAE	32	Atas de Reuniões	439	CAE_2-_RO_18-02-2020	https://serv42.limeira.sp.gov.br/netConselhos/listaDocumentos/?conselho=32	https://serv42.limeira.sp.gov.br/netConselhos/documento/?documento=439&desc=CAE_2-_RO_18-02-2020	https://serv42.limeira.sp.gov.br/netConselhos/documento/?documento=439&desc=CAE_2-_RO_18-02-2020	200	files/CAE/Atas de Reuniões/439__CAE 2ª RO 18-02-2020.pdf	439__CAE 2ª RO 18-02-2020.pdf	181105	7c3fc5294988da8d274bf801f28284d990bbdd2fc5aea10728b30bc90295d3e3	application/pdf	DOWNLOADED
CAE	32	Atas de Reuniões	443	CAE_3-_RO_-_10.03.2020	https://serv42.limeira.sp.gov.br/netConselhos/listaDocumentos/?conselho=32	https://serv42.limeira.sp.gov.br/netConselhos/documento/?documento=443&desc=CAE_3-_RO_-_10.03.2020	https://serv42.limeira.sp.gov.br/netConselhos/documento/?documento=443&desc=CAE_3-_RO_-_10.03.2020	200	files/CAE/Atas de Reuniões/443__CAE 3ª RO - 10.03.2020.pdf	443__CAE 3ª RO - 10.03.2020.pdf	192932	4aee87101c7ff21f3d5065ec3efeb594b0cf228c4cc29b1fb336f8fee825b61a	application/pdf	DOWNLOADED
CAE	32	Atas de Reuniões	449	CAE_4-_RE_16.11.2020	https://serv42.limeira.sp.gov.br/netConselhos/listaDocumentos/?conselho=32	https://serv42.limeira.sp.gov.br/netConselhos/documento/?documento=449&desc=CAE_4-_RE_16.11.2020	https://serv42.limeira.sp.gov.br/netConselhos/documento/?documento=449&desc=CAE_4-_RE_16.11.2020	200	files/CAE/Atas de Reuniões/449__CAE 4ª RE 16.11.2020.pdf	449__CAE 4ª RE 16.11.2020.pdf	320609	a79bd4c2e1bf4d53806a7b44e66b2e6aaefb9ea2259ac7ec2046291eff624bbe	application/pdf	DOWNLOADED
CAE	32	Atas de Reuniões	480	CAE_5-_RE_-_08-12-2020	https://serv42.limeira.sp.gov.br/netConselhos/listaDocumentos/?conselho=32	https://serv42.limeira.sp.gov.br/netConselhos/documento/?documento=480&desc=CAE_5-_RE_-_08-12-2020	https://serv42.limeira.sp.gov.br/netConselhos/documento/?documento=480&desc=CAE_5-_RE_-_08-12-2020	200	files/CAE/Atas de Reuniões/480__CAE 5ª RE - 08-12-2020.pdf	480__CAE 5ª RE - 08-12-2020.pdf	1473069	9294bea25ec1b1bb2883cef8784600b594cf25586b482a499df36ef221b3740e	application/pdf	DOWNLOADED
CAE	32	Atas de Reuniões	499	CAE_1-_RE_-_26-01-2021	https://serv42.limeira.sp.gov.br/netConselhos/listaDocumentos/?conselho=32	https://serv42.limeira.sp.gov.br/netConselhos/documento/?documento=499&desc=CAE_1-_RE_-_26-01-2021	https://serv42.limeira.sp.gov.br/netConselhos/documento/?documento=499&desc=CAE_1-_RE_-_26-01-2021	200	files/CAE/Atas de Reuniões/499__CAE 1ª RE - 26-01-2021.pdf	499__CAE 1ª RE - 26-01-2021.pdf	219553	4b685282cd44f1d2ceb99325b1fef6e2e5746f683e0c7255ae1a86ec72c2a7a0	application/pdf	DOWNLOADED
CAE	32	Atas de Reuniões	500	CAE_1-_RO_-_16-02-2021	https://serv42.limeira.sp.gov.br/netConselhos/listaDocumentos/?conselho=32	https://serv42.limeira.sp.gov.br/netConselhos/documento/?documento=500&desc=CAE_1-_RO_-_16-02-2021	https://serv42.limeira.sp.gov.br/netConselhos/documento/?documento=500&desc=CAE_1-_RO_-_16-02-2021	200	files/CAE/Atas de Reuniões/500__CAE 1ª RO - 16-02-2021.pdf	500__CAE 1ª RO - 16-02-2021.pdf	814063	266fefa8ce5bf37cf43247aca0ec631d695c58ef581bb8934d06325d39c9ddc5	application/pdf	DOWNLOADED
CAE	32	Atas de Reuniões	510	CAE_2-_RE_25-02-2021	https://serv42.limeira.sp.gov.br/netConselhos/listaDocumentos/?conselho=32	https://serv42.limeira.sp.gov.br/netConselhos/documento/?documento=510&desc=CAE_2-_RE_25-02-2021	https://serv42.limeira.sp.gov.br/netConselhos/documento/?documento=510&desc=CAE_2-_RE_25-02-2021	200	files/CAE/Atas de Reuniões/510__CAE 2ª RE 25-02-2021.pdf	510__CAE 2ª RE 25-02-2021.pdf	3472616	60f1a2258265f3c0c10642aa1d10f22dc3c387ea7cec063b86551448495a9059	application/pdf	DOWNLOADED
CAE	32	Atas de Reuniões	511	CAE_3-_RE_31-03-2021	https://serv42.limeira.sp.gov.br/netConselhos/listaDocumentos/?conselho=32	https://serv42.limeira.sp.gov.br/netConselhos/documento/?documento=511&desc=CAE_3-_RE_31-03-2021	https://serv42.limeira.sp.gov.br/netConselhos/documento/?documento=511&desc=CAE_3-_RE_31-03-2021	200	files/CAE/Atas de Reuniões/511__CAE 3ª RE 31-03-2021.pdf	511__CAE 3ª RE 31-03-2021.pdf	961351	84e458cb73cad7855f1162eace1e42c73c52f041617f878ba2f893317437816b	application/pdf	DOWNLOADED
CAE	32	Atas de Reuniões	521	CAE_2-_RO_07-04-2021	https://serv42.limeira.sp.gov.br/netConselhos/listaDocumentos/?conselho=32	https://serv42.limeira.sp.gov.br/netConselhos/documento/?documento=521&desc=CAE_2-_RO_07-04-2021	https://serv42.limeira.sp.gov.br/netConselhos/documento/?documento=521&desc=CAE_2-_RO_07-04-2021	200	files/CAE/Atas de Reuniões/521__CAE 2ª RO 07-04-2021.pdf	521__CAE 2ª RO 07-04-2021.pdf	148754	021b8456bd84df98a0b2e0cbe1007280a8f8eebaaad11509052f292ba6f4f98f	application/pdf	DOWNLOADED
CAE	32	Atas de Reuniões	596	CAE_4-_RE_27-05-2021	https://serv42.limeira.sp.gov.br/netConselhos/listaDocumentos/?conselho=32	https://serv42.limeira.sp.gov.br/netConselhos/documento/?documento=596&desc=CAE_4-_RE_27-05-2021	https://serv42.limeira.sp.gov.br/netConselhos/documento/?documento=596&desc=CAE_4-_RE_27-05-2021	200	files/CAE/Atas de Reuniões/596__CAE 4ª RE 27-05-2021.pdf	596__CAE 4ª RE 27-05-2021.pdf	2892475	0aa22f2a807e811714661755db67bbbf4afc0098f2757d75577ddebbf8311ba6	application/pdf	DOWNLOADED
CAE	32	Atas de Reuniões	861	CAE_4-_RO_07-07-2021	https://serv42.limeira.sp.gov.br/netConselhos/listaDocumentos/?conselho=32	https://serv42.limeira.sp.gov.br/netConselhos/documento/?documento=861&desc=CAE_4-_RO_07-07-2021	https://serv42.limeira.sp.gov.br/netConselhos/documento/?documento=861&desc=CAE_4-_RO_07-07-2021	200	files/CAE/Atas de Reuniões/861__CAE 4ª RO 07-07-2021.pdf	861__CAE 4ª RO 07-07-2021.pdf	2562591	6edb89e25efd1f150b249cc039d3afd55da88b722221214a927e331e630b407d	application/pdf	DOWNLOADED
CAE	32	Atas de Reuniões	862	CAE_5-_RO_10-08-2021	https://serv42.limeira.sp.gov.br/netConselhos/listaDocumentos/?conselho=32	https://serv42.limeira.sp.gov.br/netConselhos/documento/?documento=862&desc=CAE_5-_RO_10-08-2021	https://serv42.limeira.sp.gov.br/netConselhos/documento/?documento=862&desc=CAE_5-_RO_10-08-2021	200	files/CAE/Atas de Reuniões/862__CAE 5ª RO 10-08-2021.pdf	862__CAE 5ª RO 10-08-2021.pdf	3019024	22ac5523f16f64426ddb3c3f7a89d21dc0bc56b408dae756d71e5f841433b7c2	application/pdf	DOWNLOADED
CAE	32	Atas de Reuniões	863	CAE_6-_RO_14-09-2021	https://serv42.limeira.sp.gov.br/netConselhos/listaDocumentos/?conselho=32	https://serv42.limeira.sp.gov.br/netConselhos/documento/?documento=863&desc=CAE_6-_RO_14-09-2021	https://serv42.limeira.sp.gov.br/netConselhos/documento/?documento=863&desc=CAE_6-_RO_14-09-2021	200	files/CAE/Atas de Reuniões/863__CAE 6ª RO 14-09-2021.pdf	863__CAE 6ª RO 14-09-2021.pdf	3936827	2509568216ae7f644bc0656c5a27d2f5fe844a7262d5f994462302ecacdb666d	application/pdf	DOWNLOADED
CAE	32	Atas de Reuniões	864	CAE_7-_RO_05-10-2021	https://serv42.limeira.sp.gov.br/netConselhos/listaDocumentos/?conselho=32	https://serv42.limeira.sp.gov.br/netConselhos/documento/?documento=864&desc=CAE_7-_RO_05-10-2021	https://serv42.limeira.sp.gov.br/netConselhos/documento/?documento=864&desc=CAE_7-_RO_05-10-2021	200	files/CAE/Atas de Reuniões/864__CAE 7ª RO 05-10-2021.pdf	864__CAE 7ª RO 05-10-2021.pdf	3559254	0c173752f7be1418847f7220d6812ab378efbbf72c269f969eaf8e3ec6223a28	application/pdf	DOWNLOADED
CAE	32	Atas de Reuniões	865	CAE_8-_RO_09-11-2021	https://serv42.limeira.sp.gov.br/netConselhos/listaDocumentos/?conselho=32	https://serv42.limeira.sp.gov.br/netConselhos/documento/?documento=865&desc=CAE_8-_RO_09-11-2021	https://serv42.limeira.sp.gov.br/netConselhos/documento/?documento=865&desc=CAE_8-_RO_09-11-2021	200	files/CAE/Atas de Reuniões/865__CAE 8ª RO 09-11-2021.pdf	865__CAE 8ª RO 09-11-2021.pdf	3455883	05e3884a8d28e26fc4760ce6b62a05276b4bc40e60cdf99640b2e1e00cfef006	application/pdf	DOWNLOADED
CAE	32	Atas de Reuniões	970	CAE_9-_RO_08-12-2021	https://serv42.limeira.sp.gov.br/netConselhos/listaDocumentos/?conselho=32	https://serv42.limeira.sp.gov.br/netConselhos/documento/?documento=970&desc=CAE_9-_RO_08-12-2021	https://serv42.limeira.sp.gov.br/netConselhos/documento/?documento=970&desc=CAE_9-_RO_08-12-2021	200	files/CAE/Atas de Reuniões/970__CAE 9ª RO 08-12-2021.pdf	970__CAE 9ª RO 08-12-2021.pdf	262761	b8da40f30978d318a83218000c2d8065a294fc28869ac8d622c14b44eabfecd4	application/pdf	DOWNLOADED
CAE	32	Atas de Reuniões	971	CAE_1-_RO_22-02-2022	https://serv42.limeira.sp.gov.br/netConselhos/listaDocumentos/?conselho=32	https://serv42.limeira.sp.gov.br/netConselhos/documento/?documento=971&desc=CAE_1-_RO_22-02-2022	https://serv42.limeira.sp.gov.br/netConselhos/documento/?documento=971&desc=CAE_1-_RO_22-02-2022	200	files/CAE/Atas de Reuniões/971__CAE 1ª RO 22-02-2022.pdf	971__CAE 1ª RO 22-02-2022.pdf	529877	634dcb5420ddce85b67a9717b8ffd868e731ad5e805ae164c9c41bb7c50c47db	application/pdf	DOWNLOADED
CAE	32	Atas de Reuniões	1083	CAE_2-_RO_08-03-2022	https://serv42.limeira.sp.gov.br/netConselhos/listaDocumentos/?conselho=32	https://serv42.limeira.sp.gov.br/netConselhos/documento/?documento=1083&desc=CAE_2-_RO_08-03-2022	https://serv42.limeira.sp.gov.br/netConselhos/documento/?documento=1083&desc=CAE_2-_RO_08-03-2022	200	files/CAE/Atas de Reuniões/1083__CAE 2ª RO 08-03-2022.pdf	1083__CAE 2ª RO 08-03-2022.pdf	238259	dd54455046cabdd1f4ab22cf239a9c799b58ed583732ae2c9101b8754bce3579	application/pdf	DOWNLOADED
CAE	32	Atas de Reuniões	1084	CAE_3-_RO_05-04-2022	https://serv42.limeira.sp.gov.br/netConselhos/listaDocumentos/?conselho=32	https://serv42.limeira.sp.gov.br/netConselhos/documento/?documento=1084&desc=CAE_3-_RO_05-04-2022	https://serv42.limeira.sp.gov.br/netConselhos/documento/?documento=1084&desc=CAE_3-_RO_05-04-2022	200	files/CAE/Atas de Reuniões/1084__CAE 3ª RO 05-04-2022.pdf	1084__CAE 3ª RO 05-04-2022.pdf	352687	eda70caa483784211dcb1d6467916f36ed354c705fd6e3578be5d9d9acb02b0b	application/pdf	DOWNLOADED
CAE	32	Atas de Reuniões	1085	CAE_4-_RO_10-05-2022	https://serv42.limeira.sp.gov.br/netConselhos/listaDocumentos/?conselho=32	https://serv42.limeira.sp.gov.br/netConselhos/documento/?documento=1085&desc=CAE_4-_RO_10-05-2022	https://serv42.limeira.sp.gov.br/netConselhos/documento/?documento=1085&desc=CAE_4-_RO_10-05-2022	200	files/CAE/Atas de Reuniões/1085__CAE 4ª RO 10-05-2022.pdf	1085__CAE 4ª RO 10-05-2022.pdf	349390	8b42300563582be73fb5c4d37a575ba004a423c9351f86df736e48d53af1b3e7	application/pdf	DOWNLOADED
CAE	32	Atas de Reuniões	1086	CAE_5-_RO_30-05-2022	https://serv42.limeira.sp.gov.br/netConselhos/listaDocumentos/?conselho=32	https://serv42.limeira.sp.gov.br/netConselhos/documento/?documento=1086&desc=CAE_5-_RO_30-05-2022	https://serv42.limeira.sp.gov.br/netConselhos/documento/?documento=1086&desc=CAE_5-_RO_30-05-2022	200	files/CAE/Atas de Reuniões/1086__CAE 5ª RO 30-05-2022.pdf	1086__CAE 5ª RO 30-05-2022.pdf	370085	9af6a63a7df794ca2e3f5c93cd60e0162e42761a7567d41a7841a08d090af619	application/pdf	DOWNLOADED
CAE	32	Atas de Reuniões	1087	CAE_6-_RO_04-07-2022	https://serv42.limeira.sp.gov.br/netConselhos/listaDocumentos/?conselho=32	https://serv42.limeira.sp.gov.br/netConselhos/documento/?documento=1087&desc=CAE_6-_RO_04-07-2022	https://serv42.limeira.sp.gov.br/netConselhos/documento/?documento=1087&desc=CAE_6-_RO_04-07-2022	200	files/CAE/Atas de Reuniões/1087__CAE 6ª RO 04-07-2022.pdf	1087__CAE 6ª RO 04-07-2022.pdf	196894	9ded87be84dd19227c25b47183b68a34228321a558e6efe580f78b7b9c64338c	application/pdf	DOWNLOADED
CAE	32	Atas de Reuniões	1140	CAE_7-_RO_24-08_2022	https://serv42.limeira.sp.gov.br/netConselhos/listaDocumentos/?conselho=32	https://serv42.limeira.sp.gov.br/netConselhos/documento/?documento=1140&desc=CAE_7-_RO_24-08_2022	https://serv42.limeira.sp.gov.br/netConselhos/documento/?documento=1140&desc=CAE_7-_RO_24-08_2022	200	files/CAE/Atas de Reuniões/1140__CAE 7ª RO 24-08_2022.pdf	1140__CAE 7ª RO 24-08_2022.pdf	514650	589a93f61c765c281e61ae1207b70a0f711ddec09a36bbd0aebe978b1432194a	application/pdf	DOWNLOADED
CAE	32	Atas de Reuniões	1141	CAE_8-_RO_06-07-2022	https://serv42.limeira.sp.gov.br/netConselhos/listaDocumentos/?conselho=32	https://serv42.limeira.sp.gov.br/netConselhos/documento/?documento=1141&desc=CAE_8-_RO_06-07-2022	https://serv42.limeira.sp.gov.br/netConselhos/documento/?documento=1141&desc=CAE_8-_RO_06-07-2022	200	files/CAE/Atas de Reuniões/1141__CAE 8ª RO 06-07-2022.pdf	1141__CAE 8ª RO 06-07-2022.pdf	543351	84e5d97d4c9e0b00c22c1719adda222159796ffc322d7e2e91a4ee7bb5e5e066	application/pdf	DOWNLOADED
CAE	32	Atas de Reuniões	1142	CAE_9-_RO_03-10-2022	https://serv42.limeira.sp.gov.br/netConselhos/listaDocumentos/?conselho=32	https://serv42.limeira.sp.gov.br/netConselhos/documento/?documento=1142&desc=CAE_9-_RO_03-10-2022	https://serv42.limeira.sp.gov.br/netConselhos/documento/?documento=1142&desc=CAE_9-_RO_03-10-2022	200	files/CAE/Atas de Reuniões/1142__CAE 9ª RO 03-10-2022.pdf	1142__CAE 9ª RO 03-10-2022.pdf	530247	fc723486048c53beecbc947ab3c026113755609a648826fc6819b500132d53a2	application/pdf	DOWNLOADED
CAE	32	Atas de Reuniões	1143	CAE_10-_RO_08-11-2022	https://serv42.limeira.sp.gov.br/netConselhos/listaDocumentos/?conselho=32	https://serv42.limeira.sp.gov.br/netConselhos/documento/?documento=1143&desc=CAE_10-_RO_08-11-2022	https://serv42.limeira.sp.gov.br/netConselhos/documento/?documento=1143&desc=CAE_10-_RO_08-11-2022	200	files/CAE/Atas de Reuniões/1143__CAE 10ª RO 08-11-2022.pdf	1143__CAE 10ª RO 08-11-2022.pdf	415070	f30dcffd25cca9b11b0fa946f84b5e8b43ae20aeb123d29fd1d74e3e6748bcfe	application/pdf	DOWNLOADED
CAE	32	Atas de Reuniões	1144	CAE_11-_RO_08-12-2022	https://serv42.limeira.sp.gov.br/netConselhos/listaDocumentos/?conselho=32	https://serv42.limeira.sp.gov.br/netConselhos/documento/?documento=1144&desc=CAE_11-_RO_08-12-2022	https://serv42.limeira.sp.gov.br/netConselhos/documento/?documento=1144&desc=CAE_11-_RO_08-12-2022	200	files/CAE/Atas de Reuniões/1144__CAE 11ª RO 08-12-2022.pdf	1144__CAE 11ª RO 08-12-2022.pdf	472378	63daba256c12953db6a65b19d8144305c87200b06c491704d203fa234e14c088	application/pdf	DOWNLOADED
CAE	32	Atas de Reuniões	1190	Reuniao_de_Posse_do_Quadrienio_2023-2026_CAE_24-01-2023	https://serv42.limeira.sp.gov.br/netConselhos/listaDocumentos/?conselho=32	https://serv42.limeira.sp.gov.br/netConselhos/documento/?documento=1190&desc=Reuniao_de_Posse_do_Quadrienio_2023-2026_CAE_24-01-2023	https://serv42.limeira.sp.gov.br/netConselhos/documento/?documento=1190&desc=Reuniao_de_Posse_do_Quadrienio_2023-2026_CAE_24-01-2023	200	files/CAE/Atas de Reuniões/1190__Reunião de Posse do Quadriênio 2023-2026 CAE 24-01-2023.pdf	1190__Reunião de Posse do Quadriênio 2023-2026 CAE 24-01-2023.pdf	297893	37f88e8bac80ddfdaaf0e168f1fe41dc52bb710095b47beb945a679582fc8efd	application/pdf	DOWNLOADED
CAE	32	Atas de Reuniões	1270	CAE_1-_RO_-_03-02-2023	https://serv42.limeira.sp.gov.br/netConselhos/listaDocumentos/?conselho=32	https://serv42.limeira.sp.gov.br/netConselhos/documento/?documento=1270&desc=CAE_1-_RO_-_03-02-2023	https://serv42.limeira.sp.gov.br/netConselhos/documento/?documento=1270&desc=CAE_1-_RO_-_03-02-2023	200	files/CAE/Atas de Reuniões/1270__CAE 1ª RO - 03-02-2023.pdf	1270__CAE 1ª RO - 03-02-2023.pdf	338226	a2e6abab7d4351c4590b3b4e9693e0b72e5e7f79f5d3f756ebe3a94e128758f2	application/pdf	DOWNLOADED
CAE	32	Atas de Reuniões	1271	CAE_2-_RO_-_08-03-2023	https://serv42.limeira.sp.gov.br/netConselhos/listaDocumentos/?conselho=32	https://serv42.limeira.sp.gov.br/netConselhos/documento/?documento=1271&desc=CAE_2-_RO_-_08-03-2023	https://serv42.limeira.sp.gov.br/netConselhos/documento/?documento=1271&desc=CAE_2-_RO_-_08-03-2023	200	files/CAE/Atas de Reuniões/1271__CAE 2ª RO - 08-03-2023.pdf	1271__CAE 2ª RO - 08-03-2023.pdf	431874	ba2ad0dd13e3811ca19ed343e6b2a9f669281d461a9bf8a33830164dd1ee49ae	application/pdf	DOWNLOADED
CAE	32	Atas de Reuniões	1272	CAE_3-_RO_-_06-04-2023	https://serv42.limeira.sp.gov.br/netConselhos/listaDocumentos/?conselho=32	https://serv42.limeira.sp.gov.br/netConselhos/documento/?documento=1272&desc=CAE_3-_RO_-_06-04-2023	https://serv42.limeira.sp.gov.br/netConselhos/documento/?documento=1272&desc=CAE_3-_RO_-_06-04-2023	200	files/CAE/Atas de Reuniões/1272__CAE 3ª RO - 06-04-2023.pdf	1272__CAE 3ª RO - 06-04-2023.pdf	211728	4651486db45e0d43056066955c180c6279aee09952a7aec61eea9a008e459de1	application/pdf	DOWNLOADED
CAE	32	Atas de Reuniões	1273	CAE_4-_RO_-_10-05-2023	https://serv42.limeira.sp.gov.br/netConselhos/listaDocumentos/?conselho=32	https://serv42.limeira.sp.gov.br/netConselhos/documento/?documento=1273&desc=CAE_4-_RO_-_10-05-2023	https://serv42.limeira.sp.gov.br/netConselhos/documento/?documento=1273&desc=CAE_4-_RO_-_10-05-2023	200	files/CAE/Atas de Reuniões/1273__CAE 4ª RO - 10-05-2023.pdf	1273__CAE 4ª RO - 10-05-2023.pdf	431444	99be6436502adb1706fba3ce288d7d681059f7992c204a247dbe34505a51286e	application/pdf	DOWNLOADED
CAE	32	Atas de Reuniões	1274	CAE_1-_RE_-_25-05-2023	https://serv42.limeira.sp.gov.br/netConselhos/listaDocumentos/?conselho=32	https://serv42.limeira.sp.gov.br/netConselhos/documento/?documento=1274&desc=CAE_1-_RE_-_25-05-2023	https://serv42.limeira.sp.gov.br/netConselhos/documento/?documento=1274&desc=CAE_1-_RE_-_25-05-2023	200	files/CAE/Atas de Reuniões/1274__CAE 1ª RE - 25-05-2023.pdf	1274__CAE 1ª RE - 25-05-2023.pdf	349471	f394f8a4d73c7b8351d69a9887219263ba3ba75f1e26c4de6548e5070dc46083	application/pdf	DOWNLOADED
CAE	32	Atas de Reuniões	1326	CAE_5-_RO_07-06-2023	https://serv42.limeira.sp.gov.br/netConselhos/listaDocumentos/?conselho=32	https://serv42.limeira.sp.gov.br/netConselhos/documento/?documento=1326&desc=CAE_5-_RO_07-06-2023	https://serv42.limeira.sp.gov.br/netConselhos/documento/?documento=1326&desc=CAE_5-_RO_07-06-2023	200	files/CAE/Atas de Reuniões/1326__CAE 5ª RO 07-06-2023.pdf	1326__CAE 5ª RO 07-06-2023.pdf	312903	5487d9f801f2a2d5e9467b5baf08d6d28268814977561693381c3c846782bc38	application/pdf	DOWNLOADED
CAE	32	Atas de Reuniões	1328	CAE_6-_RO_07-07-2023	https://serv42.limeira.sp.gov.br/netConselhos/listaDocumentos/?conselho=32	https://serv42.limeira.sp.gov.br/netConselhos/documento/?documento=1328&desc=CAE_6-_RO_07-07-2023	https://serv42.limeira.sp.gov.br/netConselhos/documento/?documento=1328&desc=CAE_6-_RO_07-07-2023	200	files/CAE/Atas de Reuniões/1328__CAE 6ª RO 07-07-2023.pdf	1328__CAE 6ª RO 07-07-2023.pdf	412062	829ca6d6a682f7983422d93221f8ed9c3397d398d121175df80719902b49b012	application/pdf	DOWNLOADED
CAE	32	Atas de Reuniões	1338	CAE_7-_RO_08-08-2023	https://serv42.limeira.sp.gov.br/netConselhos/listaDocumentos/?conselho=32	https://serv42.limeira.sp.gov.br/netConselhos/documento/?documento=1338&desc=CAE_7-_RO_08-08-2023	https://serv42.limeira.sp.gov.br/netConselhos/documento/?documento=1338&desc=CAE_7-_RO_08-08-2023	200	files/CAE/Atas de Reuniões/1338__CAE 7ª RO 08-08-2023.pdf	1338__CAE 7ª RO 08-08-2023.pdf	2505380	291250ad8e078330e5f98eeed44e41cf8cda1d2e05dc54738c8bba95efd110e4	application/pdf	DOWNLOADED
CAE	32	Atas de Reuniões	1381	CAE_8-_RO_12-09-2023	https://serv42.limeira.sp.gov.br/netConselhos/listaDocumentos/?conselho=32	https://serv42.limeira.sp.gov.br/netConselhos/documento/?documento=1381&desc=CAE_8-_RO_12-09-2023	https://serv42.limeira.sp.gov.br/netConselhos/documento/?documento=1381&desc=CAE_8-_RO_12-09-2023	200	files/CAE/Atas de Reuniões/1381__CAE 8ª RO 12-09-2023.pdf	1381__CAE 8ª RO 12-09-2023.pdf	2156293	30fcb2f8b44cf3da721db1d3f24a379a59e1364a290e2c0057524158786086db	application/pdf	DOWNLOADED
CAE	32	Atas de Reuniões	1410	CAE_9-_RO_03-10-2023	https://serv42.limeira.sp.gov.br/netConselhos/listaDocumentos/?conselho=32	https://serv42.limeira.sp.gov.br/netConselhos/documento/?documento=1410&desc=CAE_9-_RO_03-10-2023	https://serv42.limeira.sp.gov.br/netConselhos/documento/?documento=1410&desc=CAE_9-_RO_03-10-2023	200	files/CAE/Atas de Reuniões/1410__CAE 9ª RO 03-10-2023.pdf	1410__CAE 9ª RO 03-10-2023.pdf	374573	e6e57507a41b0333604e0c5d95248cd95d475e8e9c21a1cb0a550279cfea91ee	application/pdf	DOWNLOADED
CAE	32	Atas de Reuniões	1433	CAE_10-_RO_08-11-2023	https://serv42.limeira.sp.gov.br/netConselhos/listaDocumentos/?conselho=32	https://serv42.limeira.sp.gov.br/netConselhos/documento/?documento=1433&desc=CAE_10-_RO_08-11-2023	https://serv42.limeira.sp.gov.br/netConselhos/documento/?documento=1433&desc=CAE_10-_RO_08-11-2023	200	files/CAE/Atas de Reuniões/1433__CAE 10ª RO 08-11-2023.pdf	1433__CAE 10ª RO 08-11-2023.pdf	473823	03c61ddfd248489c61a23127e3a5e2c65aeca7da619ebb4ccdd03ffaa5319937	application/pdf	DOWNLOADED
CAE	32	Atas de Reuniões	1487	CAE_11-_RO_07-12-2023	https://serv42.limeira.sp.gov.br/netConselhos/listaDocumentos/?conselho=32	https://serv42.limeira.sp.gov.br/netConselhos/documento/?documento=1487&desc=CAE_11-_RO_07-12-2023	https://serv42.limeira.sp.gov.br/netConselhos/documento/?documento=1487&desc=CAE_11-_RO_07-12-2023	200	files/CAE/Atas de Reuniões/1487__CAE 11ª RO 07-12-2023.pdf	1487__CAE 11ª RO 07-12-2023.pdf	550967	dc1847b1c41c3ad20f5d9b90a3b20fbcb2b8afac6b3fcc74e1da94e291350393	application/pdf	DOWNLOADED
CAE	32	Atas de Reuniões	1489	CAE_1-_RO_01-02-2024	https://serv42.limeira.sp.gov.br/netConselhos/listaDocumentos/?conselho=32	https://serv42.limeira.sp.gov.br/netConselhos/documento/?documento=1489&desc=CAE_1-_RO_01-02-2024	https://serv42.limeira.sp.gov.br/netConselhos/documento/?documento=1489&desc=CAE_1-_RO_01-02-2024	200	files/CAE/Atas de Reuniões/1489__CAE 1ª RO 01-02-2024.pdf	1489__CAE 1ª RO 01-02-2024.pdf	377799	7df6d4b116f17ee59532d366f7a891ac9e4c301bfdf84450b4ad399d46de03ca	application/pdf	DOWNLOADED
CAE	32	Atas de Reuniões	1493	CAE_2-_RO_06-03-2024	https://serv42.limeira.sp.gov.br/netConselhos/listaDocumentos/?conselho=32	https://serv42.limeira.sp.gov.br/netConselhos/documento/?documento=1493&desc=CAE_2-_RO_06-03-2024	https://serv42.limeira.sp.gov.br/netConselhos/documento/?documento=1493&desc=CAE_2-_RO_06-03-2024	200	files/CAE/Atas de Reuniões/1493__CAE 2ª RO 06-03-2024.pdf	1493__CAE 2ª RO 06-03-2024.pdf	403236	b3619c2a55fa6ed4baab6680bfe0f4de740a10a45d63f8a2ace6ae9d60ca6840	application/pdf	DOWNLOADED
CAE	32	Atas de Reuniões	1590	CAE_3-_RO_03-04-2024	https://serv42.limeira.sp.gov.br/netConselhos/listaDocumentos/?conselho=32	https://serv42.limeira.sp.gov.br/netConselhos/documento/?documento=1590&desc=CAE_3-_RO_03-04-2024	https://serv42.limeira.sp.gov.br/netConselhos/documento/?documento=1590&desc=CAE_3-_RO_03-04-2024	200	files/CAE/Atas de Reuniões/1590__CAE 3ª RO 03-04-2024.pdf	1590__CAE 3ª RO 03-04-2024.pdf	555232	d704ac3fae0d04140696adbe57d38325ed903ae8cec2567b1f912c37da35b163	application/pdf	DOWNLOADED
CAE	32	Atas de Reuniões	1591	CAE_4-_RO_08-05-2024	https://serv42.limeira.sp.gov.br/netConselhos/listaDocumentos/?conselho=32	https://serv42.limeira.sp.gov.br/netConselhos/documento/?documento=1591&desc=CAE_4-_RO_08-05-2024	https://serv42.limeira.sp.gov.br/netConselhos/documento/?documento=1591&desc=CAE_4-_RO_08-05-2024	200	files/CAE/Atas de Reuniões/1591__CAE 4ª RO 08-05-2024.pdf	1591__CAE 4ª RO 08-05-2024.pdf	464199	c8f24c73a315e40528082e39d8c98474114742da8c32690897059bbd3815dce3	application/pdf	DOWNLOADED
CAE	32	Atas de Reuniões	1592	CAE_5-_RO_06-06-2024	https://serv42.limeira.sp.gov.br/netConselhos/listaDocumentos/?conselho=32	https://serv42.limeira.sp.gov.br/netConselhos/documento/?documento=1592&desc=CAE_5-_RO_06-06-2024	https://serv42.limeira.sp.gov.br/netConselhos/documento/?documento=1592&desc=CAE_5-_RO_06-06-2024	200	files/CAE/Atas de Reuniões/1592__CAE 5ª RO 06-06-2024.pdf	1592__CAE 5ª RO 06-06-2024.pdf	448582	dbe5fd142f5a018fc2dce9c527b41d72a77f86b853318a38e7ac6e456b5bb86e	application/pdf	DOWNLOADED
CAE	32	Atas de Reuniões	1643	CAE_6-_RO_03-07-2024	https://serv42.limeira.sp.gov.br/netConselhos/listaDocumentos/?conselho=32	https://serv42.limeira.sp.gov.br/netConselhos/documento/?documento=1643&desc=CAE_6-_RO_03-07-2024	https://serv42.limeira.sp.gov.br/netConselhos/documento/?documento=1643&desc=CAE_6-_RO_03-07-2024	200	files/CAE/Atas de Reuniões/1643__CAE 6ª RO 03-07-2024.pdf	1643__CAE 6ª RO 03-07-2024.pdf	431519	ef7597717b14e4c3de5f91e9356a57023355a4907db4bf686e78d833cffa230b	application/pdf	DOWNLOADED
CAE	32	Atas de Reuniões	1653	CAE_7-_RO_07-08-2024	https://serv42.limeira.sp.gov.br/netConselhos/listaDocumentos/?conselho=32	https://serv42.limeira.sp.gov.br/netConselhos/documento/?documento=1653&desc=CAE_7-_RO_07-08-2024	https://serv42.limeira.sp.gov.br/netConselhos/documento/?documento=1653&desc=CAE_7-_RO_07-08-2024	200	files/CAE/Atas de Reuniões/1653__CAE 7ª RO 07-08-2024.pdf	1653__CAE 7ª RO 07-08-2024.pdf	489709	9798d1841105ae251ed418fff30f12f2aa4a4780d97af2c72c54cfbafc1d693c	application/pdf	DOWNLOADED
CAE	32	Atas de Reuniões	1654	CAE_8-_RO_04-09-2024	https://serv42.limeira.sp.gov.br/netConselhos/listaDocumentos/?conselho=32	https://serv42.limeira.sp.gov.br/netConselhos/documento/?documento=1654&desc=CAE_8-_RO_04-09-2024	https://serv42.limeira.sp.gov.br/netConselhos/documento/?documento=1654&desc=CAE_8-_RO_04-09-2024	200	files/CAE/Atas de Reuniões/1654__CAE 8ª RO 04-09-2024.pdf	1654__CAE 8ª RO 04-09-2024.pdf	451236	5c45cea885a9845b811558c9554bf12ebf64ed4f28680cc71298f4b59b197320	application/pdf	DOWNLOADED
CAE	32	Atas de Reuniões	1673	CAE_9-_RO_02-10-2024	https://serv42.limeira.sp.gov.br/netConselhos/listaDocumentos/?conselho=32	https://serv42.limeira.sp.gov.br/netConselhos/documento/?documento=1673&desc=CAE_9-_RO_02-10-2024	https://serv42.limeira.sp.gov.br/netConselhos/documento/?documento=1673&desc=CAE_9-_RO_02-10-2024	200	files/CAE/Atas de Reuniões/1673__CAE 9º RO 02-10-2024.pdf	1673__CAE 9º RO 02-10-2024.pdf	342154	4b3e251fc7624534619da722ad09c3a366c1e75edf8e42870dc2ae5c05451906	application/pdf	DOWNLOADED
CAE	32	Atas de Reuniões	1820	CAE_10-_RO_08-11-2024	https://serv42.limeira.sp.gov.br/netConselhos/listaDocumentos/?conselho=32	https://serv42.limeira.sp.gov.br/netConselhos/documento/?documento=1820&desc=CAE_10-_RO_08-11-2024	https://serv42.limeira.sp.gov.br/netConselhos/documento/?documento=1820&desc=CAE_10-_RO_08-11-2024	200	files/CAE/Atas de Reuniões/1820__CAE 10ª RO 08-11-2024.pdf	1820__CAE 10ª RO 08-11-2024.pdf	478428	ceeb1ab8626aaf790c2f7a1bbd55b9257821b9d779cf7dbfddbec94625bfb4fb	application/pdf	DOWNLOADED
CAE	32	Atas de Reuniões	1821	CAE_11-_RO_04-12-2024	https://serv42.limeira.sp.gov.br/netConselhos/listaDocumentos/?conselho=32	https://serv42.limeira.sp.gov.br/netConselhos/documento/?documento=1821&desc=CAE_11-_RO_04-12-2024	https://serv42.limeira.sp.gov.br/netConselhos/documento/?documento=1821&desc=CAE_11-_RO_04-12-2024	200	files/CAE/Atas de Reuniões/1821__CAE 11ª RO 04-12-2024.pdf	1821__CAE 11ª RO 04-12-2024.pdf	270469	fe05fb1c3e352fbca3e45618cd3790a1d3249a9302562630204c89ade871ce21	application/pdf	DOWNLOADED
CAE	32	Atas de Reuniões	1822	CAE_1-_RO_01-02-2025	https://serv42.limeira.sp.gov.br/netConselhos/listaDocumentos/?conselho=32	https://serv42.limeira.sp.gov.br/netConselhos/documento/?documento=1822&desc=CAE_1-_RO_01-02-2025	https://serv42.limeira.sp.gov.br/netConselhos/documento/?documento=1822&desc=CAE_1-_RO_01-02-2025	200	files/CAE/Atas de Reuniões/1822__CAE 1ª RO 01-02-2025.pdf	1822__CAE 1ª RO 01-02-2025.pdf	242474	1a04acef6e064e340d191647f17b2b4439fd58bbaf9d540296e3d54d7be94b18	application/pdf	DOWNLOADED
CAE	32	Atas de Reuniões	1823	CAE_2-_RO_13-03-2025	https://serv42.limeira.sp.gov.br/netConselhos/listaDocumentos/?conselho=32	https://serv42.limeira.sp.gov.br/netConselhos/documento/?documento=1823&desc=CAE_2-_RO_13-03-2025	https://serv42.limeira.sp.gov.br/netConselhos/documento/?documento=1823&desc=CAE_2-_RO_13-03-2025	200	files/CAE/Atas de Reuniões/1823__CAE 2ª RO 13-03-2025.pdf	1823__CAE 2ª RO 13-03-2025.pdf	237949	f59839ab6e2405c98067350507805a969decc6d3fb1edca7bff8ba23b62a26cd	application/pdf	DOWNLOADED
CAE	32	Atas de Reuniões	1824	CAE_3-_RO_04-04-2025	https://serv42.limeira.sp.gov.br/netConselhos/listaDocumentos/?conselho=32	https://serv42.limeira.sp.gov.br/netConselhos/documento/?documento=1824&desc=CAE_3-_RO_04-04-2025	https://serv42.limeira.sp.gov.br/netConselhos/documento/?documento=1824&desc=CAE_3-_RO_04-04-2025	200	files/CAE/Atas de Reuniões/1824__CAE 3ª RO 04-04-2025.pdf	1824__CAE 3ª RO 04-04-2025.pdf	451409	0c042041a08e53cb03a9b440482b360264698e87c44b411719d95f27a7c6c5a1	application/pdf	DOWNLOADED
CAE	32	Atas de Reuniões	1825	CAE_4-_RO_06-05-2025	https://serv42.limeira.sp.gov.br/netConselhos/listaDocumentos/?conselho=32	https://serv42.limeira.sp.gov.br/netConselhos/documento/?documento=1825&desc=CAE_4-_RO_06-05-2025	https://serv42.limeira.sp.gov.br/netConselhos/documento/?documento=1825&desc=CAE_4-_RO_06-05-2025	200	files/CAE/Atas de Reuniões/1825__CAE 4ª RO 06-05-2025.pdf	1825__CAE 4ª RO 06-05-2025.pdf	443839	bb5ed6828900e2e290e83b73677d41059090a44b4f09e5631d0e5138e8310f36	application/pdf	DOWNLOADED
CAE	32	Atas de Reuniões	2701	CAE_5-_RO_04-06-2025	https://serv42.limeira.sp.gov.br/netConselhos/listaDocumentos/?conselho=32	https://serv42.limeira.sp.gov.br/netConselhos/documento/?documento=2701&desc=CAE_5-_RO_04-06-2025	https://serv42.limeira.sp.gov.br/netConselhos/documento/?documento=2701&desc=CAE_5-_RO_04-06-2025	200	files/CAE/Atas de Reuniões/2701__CAE 5ª RO 04-06-2025.pdf	2701__CAE 5ª RO 04-06-2025.pdf	248886	dfc87e3d6f640b63a8ed5b8fd1d676b762027547029d9c73b613fac76397d9cf	application/pdf	DOWNLOADED
CAE	32	Atas de Reuniões	2702	CAE_6-_RO_03-07-2025	https://serv42.limeira.sp.gov.br/netConselhos/listaDocumentos/?conselho=32	https://serv42.limeira.sp.gov.br/netConselhos/documento/?documento=2702&desc=CAE_6-_RO_03-07-2025	https://serv42.limeira.sp.gov.br/netConselhos/documento/?documento=2702&desc=CAE_6-_RO_03-07-2025	200	files/CAE/Atas de Reuniões/2702__CAE 6ª RO 03-07-2025.pdf	2702__CAE 6ª RO 03-07-2025.pdf	536504	7c84bf4518f1f2868f4e5ae1bc7d661c47fd298d782b08517df92edd5e6bcaa2	application/pdf	DOWNLOADED
CAE	32	Atas de Reuniões	2703	CAE_7-_RO_08-08-2025	https://serv42.limeira.sp.gov.br/netConselhos/listaDocumentos/?conselho=32	https://serv42.limeira.sp.gov.br/netConselhos/documento/?documento=2703&desc=CAE_7-_RO_08-08-2025	https://serv42.limeira.sp.gov.br/netConselhos/documento/?documento=2703&desc=CAE_7-_RO_08-08-2025	200	files/CAE/Atas de Reuniões/2703__CAE 7ª RO 08-08-2025.pdf	2703__CAE 7ª RO 08-08-2025.pdf	249113	cf56f47cb4b54495753975c25f8fbda52c19e2ea22a8f88372d18ef9039cf159	application/pdf	DOWNLOADED
CAE	32	Atas de Reuniões	2704	CAE_9-_RO_01-10-2025	https://serv42.limeira.sp.gov.br/netConselhos/listaDocumentos/?conselho=32	https://serv42.limeira.sp.gov.br/netConselhos/documento/?documento=2704&desc=CAE_9-_RO_01-10-2025	https://serv42.limeira.sp.gov.br/netConselhos/documento/?documento=2704&desc=CAE_9-_RO_01-10-2025	200	files/CAE/Atas de Reuniões/2704__CAE 9ª RO 01-10-2025.pdf	2704__CAE 9ª RO 01-10-2025.pdf	371793	5a9848d1b26ae613dba7e4a114d77cf20d77916ff30d495d9731286a5bad7fd0	application/pdf	DOWNLOADED
CAE	32	Atas de Reuniões	2705	CAE_10-_RO_06-11-2025	https://serv42.limeira.sp.gov.br/netConselhos/listaDocumentos/?conselho=32	https://serv42.limeira.sp.gov.br/netConselhos/documento/?documento=2705&desc=CAE_10-_RO_06-11-2025	https://serv42.limeira.sp.gov.br/netConselhos/documento/?documento=2705&desc=CAE_10-_RO_06-11-2025	200	files/CAE/Atas de Reuniões/2705__CAE 10º RO 06-11-2025.pdf	2705__CAE 10º RO 06-11-2025.pdf	330324	0a2b428bd373928f6386e7b314e0ce070bb0c352297e4add0483c7314892a3bc	application/pdf	DOWNLOADED
CAE	32	Atas de Reuniões	2706	CAE_1-_RE_27-11-2025	https://serv42.limeira.sp.gov.br/netConselhos/listaDocumentos/?conselho=32	https://serv42.limeira.sp.gov.br/netConselhos/documento/?documento=2706&desc=CAE_1-_RE_27-11-2025	https://serv42.limeira.sp.gov.br/netConselhos/documento/?documento=2706&desc=CAE_1-_RE_27-11-2025	200	files/CAE/Atas de Reuniões/2706__CAE 1ª RE 27-11-2025.pdf	2706__CAE 1ª RE 27-11-2025.pdf	285802	5cb356137c0c389c1945d7a624cabfd27cf5274f44bd4d9f1ed550bc117b2e8a	application/pdf	DOWNLOADED
CAE	32	Atas de Reuniões	2707	CAE_1-_RO_19-02-2026	https://serv42.limeira.sp.gov.br/netConselhos/listaDocumentos/?conselho=32	https://serv42.limeira.sp.gov.br/netConselhos/documento/?documento=2707&desc=CAE_1-_RO_19-02-2026	https://serv42.limeira.sp.gov.br/netConselhos/documento/?documento=2707&desc=CAE_1-_RO_19-02-2026	200	files/CAE/Atas de Reuniões/2707__CAE 1º RO 19-02-2026.pdf	2707__CAE 1º RO 19-02-2026.pdf	253818	dfb459f5fc105f15ef968ea3fa180c0585d33e7d4803019827d81a3e10b0c76a	application/pdf	DOWNLOADED
CAE	32	Atas de Reuniões	2708	CAE_2-_RO_11-03-2026	https://serv42.limeira.sp.gov.br/netConselhos/listaDocumentos/?conselho=32	https://serv42.limeira.sp.gov.br/netConselhos/documento/?documento=2708&desc=CAE_2-_RO_11-03-2026	https://serv42.limeira.sp.gov.br/netConselhos/documento/?documento=2708&desc=CAE_2-_RO_11-03-2026	200	files/CAE/Atas de Reuniões/2708__CAE 2º RO 11-03-2026.pdf	2708__CAE 2º RO 11-03-2026.pdf	256469	11989a59cfa0ce2293b62f0082d033ca29a141c3bcd30bc35785146f957374c0	application/pdf	DOWNLOADED
CAE	32	Atas de Reuniões	2709	CAE_3-_RO_07-04-2026	https://serv42.limeira.sp.gov.br/netConselhos/listaDocumentos/?conselho=32	https://serv42.limeira.sp.gov.br/netConselhos/documento/?documento=2709&desc=CAE_3-_RO_07-04-2026	https://serv42.limeira.sp.gov.br/netConselhos/documento/?documento=2709&desc=CAE_3-_RO_07-04-2026	200	files/CAE/Atas de Reuniões/2709__CAE 3ª RO 07-04-2026.pdf	2709__CAE 3ª RO 07-04-2026.pdf	312199	5a133b74d7e75e3cafbd7a0ab88ae7dc8156655c2143dca6521b6c6fd837d1dc	application/pdf	DOWNLOADED
CAE	32	Atas de Reuniões	2710	CAE_4-_RO_07-05-2026	https://serv42.limeira.sp.gov.br/netConselhos/listaDocumentos/?conselho=32	https://serv42.limeira.sp.gov.br/netConselhos/documento/?documento=2710&desc=CAE_4-_RO_07-05-2026	https://serv42.limeira.sp.gov.br/netConselhos/documento/?documento=2710&desc=CAE_4-_RO_07-05-2026	200	files/CAE/Atas de Reuniões/2710__CAE 4ª RO 07-05-2026.pdf	2710__CAE 4ª RO 07-05-2026.pdf	304123	f80bb240d72714caebf183609c86e9d8972acb873e7a91d0ca5c47ec06c4cf99	application/pdf	DOWNLOADED
CAE	32	Atas de Reuniões	2711	CAE_5-_RO_09-06-2026	https://serv42.limeira.sp.gov.br/netConselhos/listaDocumentos/?conselho=32	https://serv42.limeira.sp.gov.br/netConselhos/documento/?documento=2711&desc=CAE_5-_RO_09-06-2026	https://serv42.limeira.sp.gov.br/netConselhos/documento/?documento=2711&desc=CAE_5-_RO_09-06-2026	200	files/CAE/Atas de Reuniões/2711__CAE 5ª RO 09-06-2026.pdf	2711__CAE 5ª RO 09-06-2026.pdf	454600	2a7fcacc02c3c2c4b3dbfb219a2fcddeedbb29b669a03754098f02ea52a47a85	application/pdf	DOWNLOADED
CAE	32	Outros	211	Regimento_Interno_do_CAE	https://serv42.limeira.sp.gov.br/netConselhos/listaDocumentos/?conselho=32	https://serv42.limeira.sp.gov.br/netConselhos/documento/?documento=211&desc=Regimento_Interno_do_CAE	https://serv42.limeira.sp.gov.br/netConselhos/documento/?documento=211&desc=Regimento_Interno_do_CAE	200	files/CAE/Outros/211__Regimento Interno do CAE.pdf	211__Regimento Interno do CAE.pdf	256237	b9fe3e0e38d7b4bfed467ef8d34556a33df7205a2f891b88a8e53a87004339ab	application/pdf	DOWNLOADED
CAE	32	Outros	212	FOTO_POSSE_CAE	https://serv42.limeira.sp.gov.br/netConselhos/listaDocumentos/?conselho=32	https://serv42.limeira.sp.gov.br/netConselhos/documento/?documento=212&desc=FOTO_POSSE_CAE	https://serv42.limeira.sp.gov.br/netConselhos/documento/?documento=212&desc=FOTO_POSSE_CAE	200	files/CAE/Outros/212__FOTO POSSE CAE.pdf	212__FOTO POSSE CAE.pdf	227993	28c7193f60147afcccf573a9a1183880d72c9f26b8b5c1b84d19531eff41d2f6	application/pdf	DOWNLOADED
CAE	32	Outros	481	Plano_de_Acao_CAE_2021	https://serv42.limeira.sp.gov.br/netConselhos/listaDocumentos/?conselho=32	https://serv42.limeira.sp.gov.br/netConselhos/documento/?documento=481&desc=Plano_de_Acao_CAE_2021	https://serv42.limeira.sp.gov.br/netConselhos/documento/?documento=481&desc=Plano_de_Acao_CAE_2021	200	files/CAE/Outros/481__Plano de Ação CAE 2021.pdf	481__Plano de Ação CAE 2021.pdf	4466589	fd904a135ea8cca19c8be00f516d20d8c80b0b74d046d6ba30ee8b3a496f2998	application/pdf	DOWNLOADED
CAE	32	Outros	919	PLANO_DE_ACAO_CAE_2022	https://serv42.limeira.sp.gov.br/netConselhos/listaDocumentos/?conselho=32	https://serv42.limeira.sp.gov.br/netConselhos/documento/?documento=919&desc=PLANO_DE_ACAO_CAE_2022	https://serv42.limeira.sp.gov.br/netConselhos/documento/?documento=919&desc=PLANO_DE_ACAO_CAE_2022	200	files/CAE/Outros/919__PLANO DE AÇÃO CAE 2022.pdf	919__PLANO DE AÇÃO CAE 2022.pdf	519040	e8e5c05ba1330370b0a273bf1fca2d6476ebc5787cec7e27eff42ca832745694	application/pdf	DOWNLOADED
CAE	32	Outros	1329	REGIMENTO_INTERNO_CAE_-_Aprovado_em_07-07-2023	https://serv42.limeira.sp.gov.br/netConselhos/listaDocumentos/?conselho=32	https://serv42.limeira.sp.gov.br/netConselhos/documento/?documento=1329&desc=REGIMENTO_INTERNO_CAE_-_Aprovado_em_07-07-2023	https://serv42.limeira.sp.gov.br/netConselhos/documento/?documento=1329&desc=REGIMENTO_INTERNO_CAE_-_Aprovado_em_07-07-2023	200	files/CAE/Outros/1329__REGIMENTO INTERNO CAE - Aprovado em 07-07-2023.pdf	1329__REGIMENTO INTERNO CAE - Aprovado em 07-07-2023.pdf	382758	6b52fdc06a3363c6340322db65799d9e2dd256c25b33f2b61aa5717da10ea8e1	application/pdf	DOWNLOADED
CAE	32	Outros	1435	PLANO_DE_ACAO_CAE_2023	https://serv42.limeira.sp.gov.br/netConselhos/listaDocumentos/?conselho=32	https://serv42.limeira.sp.gov.br/netConselhos/documento/?documento=1435&desc=PLANO_DE_ACAO_CAE_2023	https://serv42.limeira.sp.gov.br/netConselhos/documento/?documento=1435&desc=PLANO_DE_ACAO_CAE_2023	200	files/CAE/Outros/1435__PLANO DE AÇÃO CAE 2023.pdf	1435__PLANO DE AÇÃO CAE 2023.pdf	575730	b8635c6b9a859ed9e575961317bdd38312a9eb8724c230d6f04f6b5998061d19	application/pdf	DOWNLOADED
CAE	32	Outros	1495	cronograma_de_reunioes_CAE_2024	https://serv42.limeira.sp.gov.br/netConselhos/listaDocumentos/?conselho=32	https://serv42.limeira.sp.gov.br/netConselhos/documento/?documento=1495&desc=cronograma_de_reunioes_CAE_2024	https://serv42.limeira.sp.gov.br/netConselhos/documento/?documento=1495&desc=cronograma_de_reunioes_CAE_2024	200	files/CAE/Outros/1495__cronograma de reuniões CAE 2024.pdf	1495__cronograma de reuniões CAE 2024.pdf	347192	75f3b9a6a8f8773d5f9d81b4b54439cee58569991ff29b0dd91dcdeb3a21bbc5	application/pdf	DOWNLOADED
CAE	32	Outros	1496	Plano_de_acao_2024_	https://serv42.limeira.sp.gov.br/netConselhos/listaDocumentos/?conselho=32	https://serv42.limeira.sp.gov.br/netConselhos/documento/?documento=1496&desc=Plano_de_acao_2024_	https://serv42.limeira.sp.gov.br/netConselhos/documento/?documento=1496&desc=Plano_de_acao_2024_	200	files/CAE/Outros/1496__Plano de ação 2024 .pdf	1496__Plano de ação 2024 .pdf	608770	8bdaae8dd55dbe4fc7dcac6d2fd04349d8c0d893d2c4f023ca91bcc0bad43330	application/pdf	DOWNLOADED
CAE	32	Outros	1681	Atas_do_CAE_-_de_2011_a_2023	https://serv42.limeira.sp.gov.br/netConselhos/listaDocumentos/?conselho=32	https://serv42.limeira.sp.gov.br/netConselhos/documento/?documento=1681&desc=Atas_do_CAE_-_de_2011_a_2023	https://serv42.limeira.sp.gov.br/netConselhos/documento/?documento=1681&desc=Atas_do_CAE_-_de_2011_a_2023	200	files/CAE/Outros/1681__Atas do CAE - de 2011 a 2023.pdf	1681__Atas do CAE - de 2011 a 2023.pdf	431100	ce9086771e8dfe7f67ab1666e6e85b2821c8e680653c36a16c64570feda8f672	application/pdf	DOWNLOADED
CAE	32	Outros	1845	MOCAO_142-2025_-_RECONHECIMENTO_PELA_CAMARA_MUNICIPAL_-_30_ANOS	https://serv42.limeira.sp.gov.br/netConselhos/listaDocumentos/?conselho=32	https://serv42.limeira.sp.gov.br/netConselhos/documento/?documento=1845&desc=MOCAO_142-2025_-_RECONHECIMENTO_PELA_CAMARA_MUNICIPAL_-_30_ANOS	https://serv42.limeira.sp.gov.br/netConselhos/documento/?documento=1845&desc=MOCAO_142-2025_-_RECONHECIMENTO_PELA_CAMARA_MUNICIPAL_-_30_ANOS	200	files/CAE/Outros/1845__MOÇÃO 142-2025 - RECONHECIMENTO PELA CÂMARA MUNICIPAL - 30 ANOS.pdf	1845__MOÇÃO 142-2025 - RECONHECIMENTO PELA CÂMARA MUNICIPAL - 30 ANOS.pdf	198734	5a471d55f448bffc3419bde50d57abf00f1799cd9e146d07f137249105eacb7c	application/pdf	DOWNLOADED
CAE	32	Outros	1846	MOCAO_certificado	https://serv42.limeira.sp.gov.br/netConselhos/listaDocumentos/?conselho=32	https://serv42.limeira.sp.gov.br/netConselhos/documento/?documento=1846&desc=MOCAO_certificado	https://serv42.limeira.sp.gov.br/netConselhos/documento/?documento=1846&desc=MOCAO_certificado	200	files/CAE/Outros/1846__MOÇÃO certificado.pdf	1846__MOÇÃO certificado.pdf	90856	6b470c3722d66dbc3fc105ec6997e05d8107da0b2e44ed2c160991463e1299cd	application/pdf	DOWNLOADED
CAE	32	Outros	2391	PLANO_DE_ACAO_CAE_2025	https://serv42.limeira.sp.gov.br/netConselhos/listaDocumentos/?conselho=32	https://serv42.limeira.sp.gov.br/netConselhos/documento/?documento=2391&desc=PLANO_DE_ACAO_CAE_2025	https://serv42.limeira.sp.gov.br/netConselhos/documento/?documento=2391&desc=PLANO_DE_ACAO_CAE_2025	200	files/CAE/Outros/2391__PLANO DE AÇÃO CAE 2025.pdf	2391__PLANO DE AÇÃO CAE 2025.pdf	662376	f86ff25a1dd40e9e2126e91fb7d3b479ea8fd95444c0e596b84c6c24125fc02a	application/pdf	DOWNLOADED
CAE	32	Outros	2392	PLANO_DE_ACAO_CAE_2026	https://serv42.limeira.sp.gov.br/netConselhos/listaDocumentos/?conselho=32	https://serv42.limeira.sp.gov.br/netConselhos/documento/?documento=2392&desc=PLANO_DE_ACAO_CAE_2026	https://serv42.limeira.sp.gov.br/netConselhos/documento/?documento=2392&desc=PLANO_DE_ACAO_CAE_2026	200	files/CAE/Outros/2392__PLANO DE AÇÃO CAE 2026.pdf	2392__PLANO DE AÇÃO CAE 2026.pdf	587337	5c2ca3c1c0a034daac63892e80c7b249e7c19b91cb0ac20eb561c05c522e3803	application/pdf	DOWNLOADED
FME	42	Decretos	2488	NOMEACAO_DE_MEMBROS_2025-2028_-_RESOLUCAO_SME_n-_04-2025	https://serv42.limeira.sp.gov.br/netConselhos/listaDocumentos/?conselho=42	https://serv42.limeira.sp.gov.br/netConselhos/documento/?documento=2488&desc=NOMEACAO_DE_MEMBROS_2025-2028_-_RESOLUCAO_SME_n-_04-2025	https://serv42.limeira.sp.gov.br/netConselhos/documento/?documento=2488&desc=NOMEACAO_DE_MEMBROS_2025-2028_-_RESOLUCAO_SME_n-_04-2025	200	files/FME/Decretos/2488__NOMEAÇÃO DE MEMBROS 2025-2028 - RESOLUÇÃO SME nº 04-2025.pdf	2488__NOMEAÇÃO DE MEMBROS 2025-2028 - RESOLUÇÃO SME nº 04-2025.pdf	1507018	5695031464807c621648714f16e83635dc9c49084fc276f3e50ba83d337c056c	application/pdf	DOWNLOADED
FME	42	Decretos	2734	NOMEACAO_DE_MEMBROS,_SUBSTITUICOES_E_RETIFICACOES	https://serv42.limeira.sp.gov.br/netConselhos/listaDocumentos/?conselho=42	https://serv42.limeira.sp.gov.br/netConselhos/documento/?documento=2734&desc=NOMEACAO_DE_MEMBROS,_SUBSTITUICOES_E_RETIFICACOES	https://serv42.limeira.sp.gov.br/netConselhos/documento/?documento=2734&desc=NOMEACAO_DE_MEMBROS,_SUBSTITUICOES_E_RETIFICACOES	200	files/FME/Decretos/2734__NOMEAÇÃO DE MEMBROS, SUBSTITUIÇÕES E RETIFICAÇÕES.pdf	2734__NOMEAÇÃO DE MEMBROS, SUBSTITUIÇÕES E RETIFICAÇÕES.pdf	791575	7baddf74821b1656610339bccadb35d924f2344bf733476409a98f0345048a7e	application/pdf	DOWNLOADED
FME	42	Pautas	2742	Pauta_da_1-_Reuniao_Ordinaria_-_trienio_2025-2028_-_30-07-2025	https://serv42.limeira.sp.gov.br/netConselhos/listaDocumentos/?conselho=42	https://serv42.limeira.sp.gov.br/netConselhos/documento/?documento=2742&desc=Pauta_da_1-_Reuniao_Ordinaria_-_trienio_2025-2028_-_30-07-2025	https://serv42.limeira.sp.gov.br/netConselhos/documento/?documento=2742&desc=Pauta_da_1-_Reuniao_Ordinaria_-_trienio_2025-2028_-_30-07-2025	200	files/FME/Pautas/2742__Pauta da 1ª Reunião Ordinária - triênio 2025-2028 - 30-07-2025.pdf	2742__Pauta da 1ª Reunião Ordinária - triênio 2025-2028 - 30-07-2025.pdf	628220	510e5d5fbf99983ab99eab45ffcfb239d0787d8dc586b8ba0585d5837cf88cbb	application/pdf	DOWNLOADED
FME	42	Pautas	2743	Pauta_da_2-_Reuniao_Ordinaria_-_trienio_2025-2028_-_18-09-2025	https://serv42.limeira.sp.gov.br/netConselhos/listaDocumentos/?conselho=42	https://serv42.limeira.sp.gov.br/netConselhos/documento/?documento=2743&desc=Pauta_da_2-_Reuniao_Ordinaria_-_trienio_2025-2028_-_18-09-2025	https://serv42.limeira.sp.gov.br/netConselhos/documento/?documento=2743&desc=Pauta_da_2-_Reuniao_Ordinaria_-_trienio_2025-2028_-_18-09-2025	200	files/FME/Pautas/2743__Pauta da 2ª Reunião Ordinária - triênio 2025-2028 - 18-09-2025.pdf	2743__Pauta da 2ª Reunião Ordinária - triênio 2025-2028 - 18-09-2025.pdf	618515	5c99ad2b707c168a626d584ab9310abbfd1e33b68eb339f020fbe9028101f402	application/pdf	DOWNLOADED
FME	42	Pautas	2744	Pauta_da_1-_Reuniao_Extraordinaria_-_trienio_2025-2028_-_29-09-2025	https://serv42.limeira.sp.gov.br/netConselhos/listaDocumentos/?conselho=42	https://serv42.limeira.sp.gov.br/netConselhos/documento/?documento=2744&desc=Pauta_da_1-_Reuniao_Extraordinaria_-_trienio_2025-2028_-_29-09-2025	https://serv42.limeira.sp.gov.br/netConselhos/documento/?documento=2744&desc=Pauta_da_1-_Reuniao_Extraordinaria_-_trienio_2025-2028_-_29-09-2025	200	files/FME/Pautas/2744__Pauta da 1ª Reunião Extraordinária - triênio 2025-2028 - 29-09-2025.pdf	2744__Pauta da 1ª Reunião Extraordinária - triênio 2025-2028 - 29-09-2025.pdf	727209	9e349ee4127b7e93dd1230e477ea61858d2f8a2f5b714ba674427739aef665a2	application/pdf	DOWNLOADED
FME	42	Pautas	2745	Pauta_da_3-_Reuniao_Ordinaria_-_trienio_2025-2028_-_10-12-2025	https://serv42.limeira.sp.gov.br/netConselhos/listaDocumentos/?conselho=42	https://serv42.limeira.sp.gov.br/netConselhos/documento/?documento=2745&desc=Pauta_da_3-_Reuniao_Ordinaria_-_trienio_2025-2028_-_10-12-2025	https://serv42.limeira.sp.gov.br/netConselhos/documento/?documento=2745&desc=Pauta_da_3-_Reuniao_Ordinaria_-_trienio_2025-2028_-_10-12-2025	200	files/FME/Pautas/2745__Pauta da 3ª Reunião Ordinária - triênio 2025-2028 - 10-12-2025.pdf	2745__Pauta da 3ª Reunião Ordinária - triênio 2025-2028 - 10-12-2025.pdf	631739	304a25ed04b97e72d03de818d5ef4b2457f40df0605e3a9cbf43c1a82c53ca69	application/pdf	DOWNLOADED
FME	42	Pautas	2746	Pauta_da_4-_Reuniao_Ordinaria_-_trienio_2025-2028_-_26-02-2026	https://serv42.limeira.sp.gov.br/netConselhos/listaDocumentos/?conselho=42	https://serv42.limeira.sp.gov.br/netConselhos/documento/?documento=2746&desc=Pauta_da_4-_Reuniao_Ordinaria_-_trienio_2025-2028_-_26-02-2026	https://serv42.limeira.sp.gov.br/netConselhos/documento/?documento=2746&desc=Pauta_da_4-_Reuniao_Ordinaria_-_trienio_2025-2028_-_26-02-2026	200	files/FME/Pautas/2746__Pauta da 4ª Reunião Ordinária - triênio 2025-2028 - 26-02-2026.pdf	2746__Pauta da 4ª Reunião Ordinária - triênio 2025-2028 - 26-02-2026.pdf	585260	df5b173c732f93fa696a8b60ed6cd18e49c578a7fc1c9477654e271c688d2237	application/pdf	DOWNLOADED
FME	42	Pautas	2747	Pauta_da_5-_Reuniao_Ordinaria_-_trienio_2025-2028_-_01-07-2026	https://serv42.limeira.sp.gov.br/netConselhos/listaDocumentos/?conselho=42	https://serv42.limeira.sp.gov.br/netConselhos/documento/?documento=2747&desc=Pauta_da_5-_Reuniao_Ordinaria_-_trienio_2025-2028_-_01-07-2026	https://serv42.limeira.sp.gov.br/netConselhos/documento/?documento=2747&desc=Pauta_da_5-_Reuniao_Ordinaria_-_trienio_2025-2028_-_01-07-2026	200	files/FME/Pautas/2747__Pauta da 5ª Reunião Ordinária - triênio 2025-2028 - 01-07-2026.pdf	2747__Pauta da 5ª Reunião Ordinária - triênio 2025-2028 - 01-07-2026.pdf	615195	cb3d2147f79020be56b52e287efb0b22b26dcd6a07b8e9419b306f01e9ef1210	application/pdf	DOWNLOADED
FME	42	Pautas	2748	Pauta_da_2-_Reuniao_Extraordinaria_-_trienio_2025-2028_-_15-07-2026	https://serv42.limeira.sp.gov.br/netConselhos/listaDocumentos/?conselho=42	https://serv42.limeira.sp.gov.br/netConselhos/documento/?documento=2748&desc=Pauta_da_2-_Reuniao_Extraordinaria_-_trienio_2025-2028_-_15-07-2026	https://serv42.limeira.sp.gov.br/netConselhos/documento/?documento=2748&desc=Pauta_da_2-_Reuniao_Extraordinaria_-_trienio_2025-2028_-_15-07-2026	200	files/FME/Pautas/2748__Pauta da 2ª Reunião Extraordinária - triênio 2025-2028 - 15-07-2026.pdf	2748__Pauta da 2ª Reunião Extraordinária - triênio 2025-2028 - 15-07-2026.pdf	581559	dfc2c204260bd837a7faeace09f99b863d51357c5a69950a6dbdac708f25b5e6	application/pdf	DOWNLOADED
FME	42	Atas de Reuniões	2729	FME_-_ATA_DE_POSSE_-TRIENIO_2025-2025_	https://serv42.limeira.sp.gov.br/netConselhos/listaDocumentos/?conselho=42	https://serv42.limeira.sp.gov.br/netConselhos/documento/?documento=2729&desc=FME_-_ATA_DE_POSSE_-TRIENIO_2025-2025_	https://serv42.limeira.sp.gov.br/netConselhos/documento/?documento=2729&desc=FME_-_ATA_DE_POSSE_-TRIENIO_2025-2025_	200	files/FME/Atas de Reuniões/2729__FME - ATA DE POSSE -TRIÊNIO 2025-2025 .pdf	2729__FME - ATA DE POSSE -TRIÊNIO 2025-2025 .pdf	1257301	69b4d1f36d5075b26c127fe56d8d1c23cf116e35d48ad595b188f5a9da9b4162	application/pdf	DOWNLOADED
FME	42	Atas de Reuniões	2730	FME_-_ATA_DA_1-_REUNIAO_ORDINARIA_-_30-07-2025	https://serv42.limeira.sp.gov.br/netConselhos/listaDocumentos/?conselho=42	https://serv42.limeira.sp.gov.br/netConselhos/documento/?documento=2730&desc=FME_-_ATA_DA_1-_REUNIAO_ORDINARIA_-_30-07-2025	https://serv42.limeira.sp.gov.br/netConselhos/documento/?documento=2730&desc=FME_-_ATA_DA_1-_REUNIAO_ORDINARIA_-_30-07-2025	200	files/FME/Atas de Reuniões/2730__FME - ATA DA 1ª REUNIÃO ORDINÁRIA - 30-07-2025.pdf	2730__FME - ATA DA 1ª REUNIÃO ORDINÁRIA - 30-07-2025.pdf	1173167	b04e77a96752328edb25d51f0a69a72815c7d7db85d57195a8fa2face69b46ce	application/pdf	DOWNLOADED
FME	42	Atas de Reuniões	2731	FME_-_ATA_DA_2-_REUNIAO_ORDINARIA_-_18-09-2025	https://serv42.limeira.sp.gov.br/netConselhos/listaDocumentos/?conselho=42	https://serv42.limeira.sp.gov.br/netConselhos/documento/?documento=2731&desc=FME_-_ATA_DA_2-_REUNIAO_ORDINARIA_-_18-09-2025	https://serv42.limeira.sp.gov.br/netConselhos/documento/?documento=2731&desc=FME_-_ATA_DA_2-_REUNIAO_ORDINARIA_-_18-09-2025	200	files/FME/Atas de Reuniões/2731__FME - ATA DA 2ª REUNIÃO ORDINÁRIA - 18-09-2025.pdf	2731__FME - ATA DA 2ª REUNIÃO ORDINÁRIA - 18-09-2025.pdf	1154185	b9c1810cbe65c4d0e82371ae8badd7e33138f6f5752567a8e4c5533d423b8760	application/pdf	DOWNLOADED
FME	42	Atas de Reuniões	2732	FME_-_ATA_DA_1-_REUNIAO_EXTRAORDINARIA_29-09-2025	https://serv42.limeira.sp.gov.br/netConselhos/listaDocumentos/?conselho=42	https://serv42.limeira.sp.gov.br/netConselhos/documento/?documento=2732&desc=FME_-_ATA_DA_1-_REUNIAO_EXTRAORDINARIA_29-09-2025	https://serv42.limeira.sp.gov.br/netConselhos/documento/?documento=2732&desc=FME_-_ATA_DA_1-_REUNIAO_EXTRAORDINARIA_29-09-2025	200	files/FME/Atas de Reuniões/2732__FME - ATA DA 1ª REUNIÃO EXTRAORDINÁRIA 29-09-2025.pdf	2732__FME - ATA DA 1ª REUNIÃO EXTRAORDINÁRIA 29-09-2025.pdf	1044146	5cabc7ef87a424686e1a8d07e1d77bc42a22fb26cdfc533163ae63dff5ee68f9	application/pdf	DOWNLOADED
FME	42	Atas de Reuniões	2733	FME_-_ATA_DA_3-_REUNIAO_ORDINARIA_-_10-12-2025	https://serv42.limeira.sp.gov.br/netConselhos/listaDocumentos/?conselho=42	https://serv42.limeira.sp.gov.br/netConselhos/documento/?documento=2733&desc=FME_-_ATA_DA_3-_REUNIAO_ORDINARIA_-_10-12-2025	https://serv42.limeira.sp.gov.br/netConselhos/documento/?documento=2733&desc=FME_-_ATA_DA_3-_REUNIAO_ORDINARIA_-_10-12-2025	200	files/FME/Atas de Reuniões/2733__FME - ATA DA 3ª REUNIÃO ORDINÁRIA - 10-12-2025.pdf	2733__FME - ATA DA 3ª REUNIÃO ORDINÁRIA - 10-12-2025.pdf	690722	64b3e4ec993a22828f8cb499e09dc9b626ad68ac5637a4aec6be3bd125d43974	application/pdf	DOWNLOADED
FME	42	Outros	2494	Avaliacao_e_Monitoramento_do_Plano_Municipal_de_Educacao_-PME_2015-2024	https://serv42.limeira.sp.gov.br/netConselhos/listaDocumentos/?conselho=42	https://serv42.limeira.sp.gov.br/netConselhos/documento/?documento=2494&desc=Avaliacao_e_Monitoramento_do_Plano_Municipal_de_Educacao_-PME_2015-2024	https://serv42.limeira.sp.gov.br/netConselhos/documento/?documento=2494&desc=Avaliacao_e_Monitoramento_do_Plano_Municipal_de_Educacao_-PME_2015-2024	200	files/FME/Outros/2494__Avaliação e Monitoramento do Plano Municipal de Educação -PME 2015-2024.pdf	2494__Avaliação e Monitoramento do Plano Municipal de Educação -PME 2015-2024.pdf	654691	03392cc9aa5065e194e41a6d121367dfff74f8b2fb99aae3340859ac792a85e3	application/pdf	DOWNLOADED
