council	council_id	section	document_id	description	source_page	source_url
CACS_FUNDEB	33	Leis	209	Lei_Municipal_n-_6089/2018_-_Dispoe_sobre_a_organizacao_do_Sistema_Municipal_de_Ensino_de_Limeira.	https://serv42.limeira.sp.gov.br/netConselhos/listaDocumentos/?conselho=33	https://serv42.limeira.sp.gov.br/netConselhos/documento/?documento=209&desc=Lei_Municipal_n-_6089/2018_-_Dispoe_sobre_a_organizacao_do_Sistema_Municipal_de_Ensino_de_Limeira.
CACS_FUNDEB	33	Leis	257	Lei_Federal_n-_11494/2007_-_Criacao_do_Fundeb.	https://serv42.limeira.sp.gov.br/netConselhos/listaDocumentos/?conselho=33	https://serv42.limeira.sp.gov.br/netConselhos/documento/?documento=257&desc=Lei_Federal_n-_11494/2007_-_Criacao_do_Fundeb.
CACS_FUNDEB	33	Leis	258	Lei_Federal_n-_10880/2008_-_Criacao_do_Programa_Nacional_de_Transporte_do_Escolar_-_PNATE	https://serv42.limeira.sp.gov.br/netConselhos/listaDocumentos/?conselho=33	https://serv42.limeira.sp.gov.br/netConselhos/documento/?documento=258&desc=Lei_Federal_n-_10880/2008_-_Criacao_do_Programa_Nacional_de_Transporte_do_Escolar_-_PNATE
CACS_FUNDEB	33	Leis	529	Lei_Municipal_6542/2021_-_Novo_Fundeb_Municipal	https://serv42.limeira.sp.gov.br/netConselhos/listaDocumentos/?conselho=33	https://serv42.limeira.sp.gov.br/netConselhos/documento/?documento=529&desc=Lei_Municipal_6542/2021_-_Novo_Fundeb_Municipal
CACS_FUNDEB	33	Decretos	204	Decreto_n-162-2018_-_nomeacao_de_conselheiros_do_bienio_2018-2019	https://serv42.limeira.sp.gov.br/netConselhos/listaDocumentos/?conselho=33	https://serv42.limeira.sp.gov.br/netConselhos/documento/?documento=204&desc=Decreto_n-162-2018_-_nomeacao_de_conselheiros_do_bienio_2018-2019
CACS_FUNDEB	33	Decretos	205	Decreto_n-_210-2018_-_retificacao_de_nome_da_Conselheira	https://serv42.limeira.sp.gov.br/netConselhos/listaDocumentos/?conselho=33	https://serv42.limeira.sp.gov.br/netConselhos/documento/?documento=205&desc=Decreto_n-_210-2018_-_retificacao_de_nome_da_Conselheira
CACS_FUNDEB	33	Decretos	206	Decreto_n-_27-2019_-_Substituicao_de_representantes_do_CME	https://serv42.limeira.sp.gov.br/netConselhos/listaDocumentos/?conselho=33	https://serv42.limeira.sp.gov.br/netConselhos/documento/?documento=206&desc=Decreto_n-_27-2019_-_Substituicao_de_representantes_do_CME
CACS_FUNDEB	33	Decretos	524	Decreto_n-_241-2020_nomeacao_de_conselheiros_do_bienio_2020-2021	https://serv42.limeira.sp.gov.br/netConselhos/listaDocumentos/?conselho=33	https://serv42.limeira.sp.gov.br/netConselhos/documento/?documento=524&desc=Decreto_n-_241-2020_nomeacao_de_conselheiros_do_bienio_2020-2021
CACS_FUNDEB	33	Decretos	525	Decreto_n-_148-2021_-_Nomeacao_de_Conselheiros_do_bienio_2021-2022	https://serv42.limeira.sp.gov.br/netConselhos/listaDocumentos/?conselho=33	https://serv42.limeira.sp.gov.br/netConselhos/documento/?documento=525&desc=Decreto_n-_148-2021_-_Nomeacao_de_Conselheiros_do_bienio_2021-2022
CACS_FUNDEB	33	Decretos	1193	Decreto_de_Nomeacao_do_Quadrienio_2023-2026_-_n-_471-2022_-_CACS-FUNDEB	https://serv42.limeira.sp.gov.br/netConselhos/listaDocumentos/?conselho=33	https://serv42.limeira.sp.gov.br/netConselhos/documento/?documento=1193&desc=Decreto_de_Nomeacao_do_Quadrienio_2023-2026_-_n-_471-2022_-_CACS-FUNDEB
CACS_FUNDEB	33	Decretos	1473	23-01-2024_-_Decreto_n-_28-2024_-_Substituicao_de_representante_titular_da_Secretaria_Educacao	https://serv42.limeira.sp.gov.br/netConselhos/listaDocumentos/?conselho=33	https://serv42.limeira.sp.gov.br/netConselhos/documento/?documento=1473&desc=23-01-2024_-_Decreto_n-_28-2024_-_Substituicao_de_representante_titular_da_Secretaria_Educacao
CACS_FUNDEB	33	Decretos	2471	23-01-2024_-_Decreto_n-_29-2024_-_Substituicao_de_representante_Suplente_do_Poder_Executivo_-_revogado	https://serv42.limeira.sp.gov.br/netConselhos/listaDocumentos/?conselho=33	https://serv42.limeira.sp.gov.br/netConselhos/documento/?documento=2471&desc=23-01-2024_-_Decreto_n-_29-2024_-_Substituicao_de_representante_Suplente_do_Poder_Executivo_-_revogado
CACS_FUNDEB	33	Decretos	2472	07-02-2024_-_Decreto_n-_49-2024_-_Substituicao_de_representante_suplente_do_Poder_Executivo	https://serv42.limeira.sp.gov.br/netConselhos/listaDocumentos/?conselho=33	https://serv42.limeira.sp.gov.br/netConselhos/documento/?documento=2472&desc=07-02-2024_-_Decreto_n-_49-2024_-_Substituicao_de_representante_suplente_do_Poder_Executivo
CACS_FUNDEB	33	Decretos	2473	11-04-2024_-_Decreto_n-__113-2024_-_Substituicoes_de_representantes_do_Conselho_Tutelar	https://serv42.limeira.sp.gov.br/netConselhos/listaDocumentos/?conselho=33	https://serv42.limeira.sp.gov.br/netConselhos/documento/?documento=2473&desc=11-04-2024_-_Decreto_n-__113-2024_-_Substituicoes_de_representantes_do_Conselho_Tutelar
CACS_FUNDEB	33	Decretos	2474	16-07-2024_-_Decreto_n-_198-2024_-_Substituicao_de_representante_Titular_do_Poder_Executivo	https://serv42.limeira.sp.gov.br/netConselhos/listaDocumentos/?conselho=33	https://serv42.limeira.sp.gov.br/netConselhos/documento/?documento=2474&desc=16-07-2024_-_Decreto_n-_198-2024_-_Substituicao_de_representante_Titular_do_Poder_Executivo
CACS_FUNDEB	33	Decretos	2483	31-01-2025_-_Decreto_29-2025_-_Substituicoes_de_representantes_da_Secretaria_Educacao	https://serv42.limeira.sp.gov.br/netConselhos/listaDocumentos/?conselho=33	https://serv42.limeira.sp.gov.br/netConselhos/documento/?documento=2483&desc=31-01-2025_-_Decreto_29-2025_-_Substituicoes_de_representantes_da_Secretaria_Educacao
CACS_FUNDEB	33	Decretos	2484	28-05-2025_-_Decreto_n-_144-2025_-_Substiuicao_representante_suplente_representante_do_CME	https://serv42.limeira.sp.gov.br/netConselhos/listaDocumentos/?conselho=33	https://serv42.limeira.sp.gov.br/netConselhos/documento/?documento=2484&desc=28-05-2025_-_Decreto_n-_144-2025_-_Substiuicao_representante_suplente_representante_do_CME
CACS_FUNDEB	33	Decretos	2485	11-12-2025_-_Decreto_321-2025_-_Substituicao_de_representante_suplente_da_Secretaria_Educacao	https://serv42.limeira.sp.gov.br/netConselhos/listaDocumentos/?conselho=33	https://serv42.limeira.sp.gov.br/netConselhos/documento/?documento=2485&desc=11-12-2025_-_Decreto_321-2025_-_Substituicao_de_representante_suplente_da_Secretaria_Educacao
CACS_FUNDEB	33	Decretos	2486	13-02-2026-_Decreto_31-2026_-_Substituicao_de_representante_suplente_do_Conselho_Tutelar	https://serv42.limeira.sp.gov.br/netConselhos/listaDocumentos/?conselho=33	https://serv42.limeira.sp.gov.br/netConselhos/documento/?documento=2486&desc=13-02-2026-_Decreto_31-2026_-_Substituicao_de_representante_suplente_do_Conselho_Tutelar
CACS_FUNDEB	33	Decretos	2517	Tabela_com_a_composicao_do_CACS-FUNDEB_2026	https://serv42.limeira.sp.gov.br/netConselhos/listaDocumentos/?conselho=33	https://serv42.limeira.sp.gov.br/netConselhos/documento/?documento=2517&desc=Tabela_com_a_composicao_do_CACS-FUNDEB_2026
CACS_FUNDEB	33	Pautas	132	Pauta_da_1-_Reuniao_Ordinaria_31-01-2019	https://serv42.limeira.sp.gov.br/netConselhos/listaDocumentos/?conselho=33	https://serv42.limeira.sp.gov.br/netConselhos/documento/?documento=132&desc=Pauta_da_1-_Reuniao_Ordinaria_31-01-2019
CACS_FUNDEB	33	Pautas	133	Pauta_da_2-_Reuniao_Ordinaria_26-03-2019	https://serv42.limeira.sp.gov.br/netConselhos/listaDocumentos/?conselho=33	https://serv42.limeira.sp.gov.br/netConselhos/documento/?documento=133&desc=Pauta_da_2-_Reuniao_Ordinaria_26-03-2019
CACS_FUNDEB	33	Pautas	134	Pauta_da_3-_Reuniao_Ordinaria_25-04-2019	https://serv42.limeira.sp.gov.br/netConselhos/listaDocumentos/?conselho=33	https://serv42.limeira.sp.gov.br/netConselhos/documento/?documento=134&desc=Pauta_da_3-_Reuniao_Ordinaria_25-04-2019
CACS_FUNDEB	33	Pautas	135	Pauta_da_4-_Reuniao_Ordinaria_30-05-2019	https://serv42.limeira.sp.gov.br/netConselhos/listaDocumentos/?conselho=33	https://serv42.limeira.sp.gov.br/netConselhos/documento/?documento=135&desc=Pauta_da_4-_Reuniao_Ordinaria_30-05-2019
CACS_FUNDEB	33	Pautas	136	Pauta_da_5-_Reuniao_Ordinaria_11-07-2019	https://serv42.limeira.sp.gov.br/netConselhos/listaDocumentos/?conselho=33	https://serv42.limeira.sp.gov.br/netConselhos/documento/?documento=136&desc=Pauta_da_5-_Reuniao_Ordinaria_11-07-2019
CACS_FUNDEB	33	Pautas	137	Pauta_da_6-_Reuniao_Ordinaria_30-07-2019	https://serv42.limeira.sp.gov.br/netConselhos/listaDocumentos/?conselho=33	https://serv42.limeira.sp.gov.br/netConselhos/documento/?documento=137&desc=Pauta_da_6-_Reuniao_Ordinaria_30-07-2019
CACS_FUNDEB	33	Pautas	138	Pauta_da_7-_Reuniao_Ordinaria_28-08-2019	https://serv42.limeira.sp.gov.br/netConselhos/listaDocumentos/?conselho=33	https://serv42.limeira.sp.gov.br/netConselhos/documento/?documento=138&desc=Pauta_da_7-_Reuniao_Ordinaria_28-08-2019
CACS_FUNDEB	33	Pautas	139	Pauta_da_8-_Reuniao_Ordinaria_02-10-2019	https://serv42.limeira.sp.gov.br/netConselhos/listaDocumentos/?conselho=33	https://serv42.limeira.sp.gov.br/netConselhos/documento/?documento=139&desc=Pauta_da_8-_Reuniao_Ordinaria_02-10-2019
CACS_FUNDEB	33	Pautas	140	Pauta_da_9-_Reuniao_Ordinaria_30-10-2019	https://serv42.limeira.sp.gov.br/netConselhos/listaDocumentos/?conselho=33	https://serv42.limeira.sp.gov.br/netConselhos/documento/?documento=140&desc=Pauta_da_9-_Reuniao_Ordinaria_30-10-2019
CACS_FUNDEB	33	Pautas	141	Pauta_da_10-_Reuniao_Ordinaria_28-11-2019	https://serv42.limeira.sp.gov.br/netConselhos/listaDocumentos/?conselho=33	https://serv42.limeira.sp.gov.br/netConselhos/documento/?documento=141&desc=Pauta_da_10-_Reuniao_Ordinaria_28-11-2019
CACS_FUNDEB	33	Pautas	142	Pauta_da_1-_Reuniao_Extraordinaria_-21-02-2019	https://serv42.limeira.sp.gov.br/netConselhos/listaDocumentos/?conselho=33	https://serv42.limeira.sp.gov.br/netConselhos/documento/?documento=142&desc=Pauta_da_1-_Reuniao_Extraordinaria_-21-02-2019
CACS_FUNDEB	33	Pautas	143	Pauta_da_2-_Reuniao_Extraordinaria_-10-04-2019	https://serv42.limeira.sp.gov.br/netConselhos/listaDocumentos/?conselho=33	https://serv42.limeira.sp.gov.br/netConselhos/documento/?documento=143&desc=Pauta_da_2-_Reuniao_Extraordinaria_-10-04-2019
CACS_FUNDEB	33	Pautas	144	Pauta_da_3-_Reuniao_extraordinaria_08-05-2019	https://serv42.limeira.sp.gov.br/netConselhos/listaDocumentos/?conselho=33	https://serv42.limeira.sp.gov.br/netConselhos/documento/?documento=144&desc=Pauta_da_3-_Reuniao_extraordinaria_08-05-2019
CACS_FUNDEB	33	Pautas	233	Pauta_da_1-_Reuniao_Ordinaria_2020_-_28-01-2020	https://serv42.limeira.sp.gov.br/netConselhos/listaDocumentos/?conselho=33	https://serv42.limeira.sp.gov.br/netConselhos/documento/?documento=233&desc=Pauta_da_1-_Reuniao_Ordinaria_2020_-_28-01-2020
CACS_FUNDEB	33	Pautas	334	Pauta_da_2-_Reuniao_Ordinaria_2020_-_04-03-2020	https://serv42.limeira.sp.gov.br/netConselhos/listaDocumentos/?conselho=33	https://serv42.limeira.sp.gov.br/netConselhos/documento/?documento=334&desc=Pauta_da_2-_Reuniao_Ordinaria_2020_-_04-03-2020
CACS_FUNDEB	33	Pautas	336	Pauta_da_1-_Reuniao_Extraordinaria_-28-04-2020	https://serv42.limeira.sp.gov.br/netConselhos/listaDocumentos/?conselho=33	https://serv42.limeira.sp.gov.br/netConselhos/documento/?documento=336&desc=Pauta_da_1-_Reuniao_Extraordinaria_-28-04-2020
CACS_FUNDEB	33	Pautas	338	Pauta_da_2-_Reuniao_Extraordinaria_-02-07-2020_-_Reuniao_de_Posse	https://serv42.limeira.sp.gov.br/netConselhos/listaDocumentos/?conselho=33	https://serv42.limeira.sp.gov.br/netConselhos/documento/?documento=338&desc=Pauta_da_2-_Reuniao_Extraordinaria_-02-07-2020_-_Reuniao_de_Posse
CACS_FUNDEB	33	Pautas	340	Pauta_da_3-_Reuniao_Extraordinaria_07-07-2020	https://serv42.limeira.sp.gov.br/netConselhos/listaDocumentos/?conselho=33	https://serv42.limeira.sp.gov.br/netConselhos/documento/?documento=340&desc=Pauta_da_3-_Reuniao_Extraordinaria_07-07-2020
CACS_FUNDEB	33	Pautas	404	Pauta_da_4-_Reuniao_Extraordinaria_29-07-2020	https://serv42.limeira.sp.gov.br/netConselhos/listaDocumentos/?conselho=33	https://serv42.limeira.sp.gov.br/netConselhos/documento/?documento=404&desc=Pauta_da_4-_Reuniao_Extraordinaria_29-07-2020
CACS_FUNDEB	33	Pautas	405	Pauta_da_5-_Reuniao_Extraordinaria_01-10-2020	https://serv42.limeira.sp.gov.br/netConselhos/listaDocumentos/?conselho=33	https://serv42.limeira.sp.gov.br/netConselhos/documento/?documento=405&desc=Pauta_da_5-_Reuniao_Extraordinaria_01-10-2020
CACS_FUNDEB	33	Pautas	434	Pauta_da_6-_Reuniao_Extraordinaria_29-10-2020	https://serv42.limeira.sp.gov.br/netConselhos/listaDocumentos/?conselho=33	https://serv42.limeira.sp.gov.br/netConselhos/documento/?documento=434&desc=Pauta_da_6-_Reuniao_Extraordinaria_29-10-2020
CACS_FUNDEB	33	Pautas	444	Pauta_da_7-_Reuniao_Extraordinaria_27-11-2020	https://serv42.limeira.sp.gov.br/netConselhos/listaDocumentos/?conselho=33	https://serv42.limeira.sp.gov.br/netConselhos/documento/?documento=444&desc=Pauta_da_7-_Reuniao_Extraordinaria_27-11-2020
CACS_FUNDEB	33	Pautas	477	Pauta_da_8-_Reuniao_Extraordinaria_21-12-2020	https://serv42.limeira.sp.gov.br/netConselhos/listaDocumentos/?conselho=33	https://serv42.limeira.sp.gov.br/netConselhos/documento/?documento=477&desc=Pauta_da_8-_Reuniao_Extraordinaria_21-12-2020
CACS_FUNDEB	33	Pautas	503	Pauta_da_1-_Reuniao_Extraordinaria_29-01-2021	https://serv42.limeira.sp.gov.br/netConselhos/listaDocumentos/?conselho=33	https://serv42.limeira.sp.gov.br/netConselhos/documento/?documento=503&desc=Pauta_da_1-_Reuniao_Extraordinaria_29-01-2021
CACS_FUNDEB	33	Pautas	504	Pauta_da_2-_Reuniao_Extraordinaria_17-02-2021	https://serv42.limeira.sp.gov.br/netConselhos/listaDocumentos/?conselho=33	https://serv42.limeira.sp.gov.br/netConselhos/documento/?documento=504&desc=Pauta_da_2-_Reuniao_Extraordinaria_17-02-2021
CACS_FUNDEB	33	Pautas	505	Pauta_da_1-_Reuniao_Ordinaria_26-02-2021	https://serv42.limeira.sp.gov.br/netConselhos/listaDocumentos/?conselho=33	https://serv42.limeira.sp.gov.br/netConselhos/documento/?documento=505&desc=Pauta_da_1-_Reuniao_Ordinaria_26-02-2021
CACS_FUNDEB	33	Pautas	516	Pauta_da_1-_Reuniao_Ordinaria_26-02-2021	https://serv42.limeira.sp.gov.br/netConselhos/listaDocumentos/?conselho=33	https://serv42.limeira.sp.gov.br/netConselhos/documento/?documento=516&desc=Pauta_da_1-_Reuniao_Ordinaria_26-02-2021
CACS_FUNDEB	33	Pautas	517	Pauta_da_3-_Reuniao_Extraordinaria_06-04-2021	https://serv42.limeira.sp.gov.br/netConselhos/listaDocumentos/?conselho=33	https://serv42.limeira.sp.gov.br/netConselhos/documento/?documento=517&desc=Pauta_da_3-_Reuniao_Extraordinaria_06-04-2021
CACS_FUNDEB	33	Pautas	527	Pauta_da__2-_Reuniao_Ordinaria_29-04-2021	https://serv42.limeira.sp.gov.br/netConselhos/listaDocumentos/?conselho=33	https://serv42.limeira.sp.gov.br/netConselhos/documento/?documento=527&desc=Pauta_da__2-_Reuniao_Ordinaria_29-04-2021
CACS_FUNDEB	33	Pautas	528	Roteiro_de_Posse_-_bienio_2021-2022_-_19-05-2021	https://serv42.limeira.sp.gov.br/netConselhos/listaDocumentos/?conselho=33	https://serv42.limeira.sp.gov.br/netConselhos/documento/?documento=528&desc=Roteiro_de_Posse_-_bienio_2021-2022_-_19-05-2021
CACS_FUNDEB	33	Pautas	586	Pauta__da_3-_Reuniao_Ordinaria_28-05-2021	https://serv42.limeira.sp.gov.br/netConselhos/listaDocumentos/?conselho=33	https://serv42.limeira.sp.gov.br/netConselhos/documento/?documento=586&desc=Pauta__da_3-_Reuniao_Ordinaria_28-05-2021
CACS_FUNDEB	33	Pautas	587	Pauta_da_4-_Reuniao_Extraordinaria_15-06-2021	https://serv42.limeira.sp.gov.br/netConselhos/listaDocumentos/?conselho=33	https://serv42.limeira.sp.gov.br/netConselhos/documento/?documento=587&desc=Pauta_da_4-_Reuniao_Extraordinaria_15-06-2021
CACS_FUNDEB	33	Pautas	588	Pauta_da_4-_Reuniao_Ordinaria_29-06-2021	https://serv42.limeira.sp.gov.br/netConselhos/listaDocumentos/?conselho=33	https://serv42.limeira.sp.gov.br/netConselhos/documento/?documento=588&desc=Pauta_da_4-_Reuniao_Ordinaria_29-06-2021
CACS_FUNDEB	33	Pautas	590	Pauta_da_5-_Reuniao_Ordinaria_30-07-2021	https://serv42.limeira.sp.gov.br/netConselhos/listaDocumentos/?conselho=33	https://serv42.limeira.sp.gov.br/netConselhos/documento/?documento=590&desc=Pauta_da_5-_Reuniao_Ordinaria_30-07-2021
CACS_FUNDEB	33	Pautas	810	Pauta_da_6-_Reuniao_Ordinaria_27-08-2021	https://serv42.limeira.sp.gov.br/netConselhos/listaDocumentos/?conselho=33	https://serv42.limeira.sp.gov.br/netConselhos/documento/?documento=810&desc=Pauta_da_6-_Reuniao_Ordinaria_27-08-2021
CACS_FUNDEB	33	Pautas	855	Pauta_da_7-_Reuniao_Ordinaria_29-09-2021	https://serv42.limeira.sp.gov.br/netConselhos/listaDocumentos/?conselho=33	https://serv42.limeira.sp.gov.br/netConselhos/documento/?documento=855&desc=Pauta_da_7-_Reuniao_Ordinaria_29-09-2021
CACS_FUNDEB	33	Pautas	856	Pauta_da_8-_Reuniao_Ordinaria_29-10-2021	https://serv42.limeira.sp.gov.br/netConselhos/listaDocumentos/?conselho=33	https://serv42.limeira.sp.gov.br/netConselhos/documento/?documento=856&desc=Pauta_da_8-_Reuniao_Ordinaria_29-10-2021
CACS_FUNDEB	33	Pautas	904	Pauta_da_9-_Reuniao_Ordinaria_30-11-2021	https://serv42.limeira.sp.gov.br/netConselhos/listaDocumentos/?conselho=33	https://serv42.limeira.sp.gov.br/netConselhos/documento/?documento=904&desc=Pauta_da_9-_Reuniao_Ordinaria_30-11-2021
CACS_FUNDEB	33	Pautas	905	Pauta_10-_Reuniao_Ordinaria_09-12-2021	https://serv42.limeira.sp.gov.br/netConselhos/listaDocumentos/?conselho=33	https://serv42.limeira.sp.gov.br/netConselhos/documento/?documento=905&desc=Pauta_10-_Reuniao_Ordinaria_09-12-2021
CACS_FUNDEB	33	Pautas	1076	Pauta_da_1-_Reuniao_Ordinaria_28-01-2022	https://serv42.limeira.sp.gov.br/netConselhos/listaDocumentos/?conselho=33	https://serv42.limeira.sp.gov.br/netConselhos/documento/?documento=1076&desc=Pauta_da_1-_Reuniao_Ordinaria_28-01-2022
CACS_FUNDEB	33	Pautas	1077	Pauta_da_2-_Reuniao_Ordinaria_25-02-2022	https://serv42.limeira.sp.gov.br/netConselhos/listaDocumentos/?conselho=33	https://serv42.limeira.sp.gov.br/netConselhos/documento/?documento=1077&desc=Pauta_da_2-_Reuniao_Ordinaria_25-02-2022
CACS_FUNDEB	33	Pautas	1078	Pauta_da_3-_Reuniao_Ordinaria_31-03-2022	https://serv42.limeira.sp.gov.br/netConselhos/listaDocumentos/?conselho=33	https://serv42.limeira.sp.gov.br/netConselhos/documento/?documento=1078&desc=Pauta_da_3-_Reuniao_Ordinaria_31-03-2022
CACS_FUNDEB	33	Pautas	1079	Pauta_da_4-_Reuniao_Ordinaria_29-04-2022	https://serv42.limeira.sp.gov.br/netConselhos/listaDocumentos/?conselho=33	https://serv42.limeira.sp.gov.br/netConselhos/documento/?documento=1079&desc=Pauta_da_4-_Reuniao_Ordinaria_29-04-2022
CACS_FUNDEB	33	Pautas	1080	Pauta_da_1-_Reuniao_Extraordinaria_11-05-2022	https://serv42.limeira.sp.gov.br/netConselhos/listaDocumentos/?conselho=33	https://serv42.limeira.sp.gov.br/netConselhos/documento/?documento=1080&desc=Pauta_da_1-_Reuniao_Extraordinaria_11-05-2022
CACS_FUNDEB	33	Pautas	1081	Pauta_da_5-_Reuniao_Ordinaria_31-05-2022	https://serv42.limeira.sp.gov.br/netConselhos/listaDocumentos/?conselho=33	https://serv42.limeira.sp.gov.br/netConselhos/documento/?documento=1081&desc=Pauta_da_5-_Reuniao_Ordinaria_31-05-2022
CACS_FUNDEB	33	Pautas	1082	Pauta_da_6-_Reuniao_Ordinaria_29-06-2022	https://serv42.limeira.sp.gov.br/netConselhos/listaDocumentos/?conselho=33	https://serv42.limeira.sp.gov.br/netConselhos/documento/?documento=1082&desc=Pauta_da_6-_Reuniao_Ordinaria_29-06-2022
CACS_FUNDEB	33	Pautas	1173	Pauta_da_7-_Reuniao_Ordinaria_29-07-2022	https://serv42.limeira.sp.gov.br/netConselhos/listaDocumentos/?conselho=33	https://serv42.limeira.sp.gov.br/netConselhos/documento/?documento=1173&desc=Pauta_da_7-_Reuniao_Ordinaria_29-07-2022
CACS_FUNDEB	33	Pautas	1174	Pauta_da_8-_Reuniao_Ordinaria_30-08-2022	https://serv42.limeira.sp.gov.br/netConselhos/listaDocumentos/?conselho=33	https://serv42.limeira.sp.gov.br/netConselhos/documento/?documento=1174&desc=Pauta_da_8-_Reuniao_Ordinaria_30-08-2022
CACS_FUNDEB	33	Pautas	1175	Pauta_da_2-_Reuniao_Extraordinaria_09-09-2022	https://serv42.limeira.sp.gov.br/netConselhos/listaDocumentos/?conselho=33	https://serv42.limeira.sp.gov.br/netConselhos/documento/?documento=1175&desc=Pauta_da_2-_Reuniao_Extraordinaria_09-09-2022
CACS_FUNDEB	33	Pautas	1176	Pauta_da_9-_Reuniao_Ordinaria_30-09-2022	https://serv42.limeira.sp.gov.br/netConselhos/listaDocumentos/?conselho=33	https://serv42.limeira.sp.gov.br/netConselhos/documento/?documento=1176&desc=Pauta_da_9-_Reuniao_Ordinaria_30-09-2022
CACS_FUNDEB	33	Pautas	1177	Pauta_da_10-_Reuniao_ordinaria_31-10-2022	https://serv42.limeira.sp.gov.br/netConselhos/listaDocumentos/?conselho=33	https://serv42.limeira.sp.gov.br/netConselhos/documento/?documento=1177&desc=Pauta_da_10-_Reuniao_ordinaria_31-10-2022
CACS_FUNDEB	33	Pautas	1178	Pauta_da_11-_Reuniao_Ordinaria_29-11-20222	https://serv42.limeira.sp.gov.br/netConselhos/listaDocumentos/?conselho=33	https://serv42.limeira.sp.gov.br/netConselhos/documento/?documento=1178&desc=Pauta_da_11-_Reuniao_Ordinaria_29-11-20222
CACS_FUNDEB	33	Pautas	1179	Pauta_da_12-_Reuniao_Ordinaria_12-12-2022	https://serv42.limeira.sp.gov.br/netConselhos/listaDocumentos/?conselho=33	https://serv42.limeira.sp.gov.br/netConselhos/documento/?documento=1179&desc=Pauta_da_12-_Reuniao_Ordinaria_12-12-2022
CACS_FUNDEB	33	Pautas	1189	Pauta_da_1-_Reuniao_Ordinaria_31-01-2023	https://serv42.limeira.sp.gov.br/netConselhos/listaDocumentos/?conselho=33	https://serv42.limeira.sp.gov.br/netConselhos/documento/?documento=1189&desc=Pauta_da_1-_Reuniao_Ordinaria_31-01-2023
CACS_FUNDEB	33	Pautas	1308	Pauta_da_2-_Reuniao_Ordinaria_28-02-2023	https://serv42.limeira.sp.gov.br/netConselhos/listaDocumentos/?conselho=33	https://serv42.limeira.sp.gov.br/netConselhos/documento/?documento=1308&desc=Pauta_da_2-_Reuniao_Ordinaria_28-02-2023
CACS_FUNDEB	33	Pautas	1309	Pauta_da_3-_Reuniao_Ordinaria_31-03-2023	https://serv42.limeira.sp.gov.br/netConselhos/listaDocumentos/?conselho=33	https://serv42.limeira.sp.gov.br/netConselhos/documento/?documento=1309&desc=Pauta_da_3-_Reuniao_Ordinaria_31-03-2023
CACS_FUNDEB	33	Pautas	1310	Pauta_da_4-_Reuniao_Ordinaria_28-04-2023	https://serv42.limeira.sp.gov.br/netConselhos/listaDocumentos/?conselho=33	https://serv42.limeira.sp.gov.br/netConselhos/documento/?documento=1310&desc=Pauta_da_4-_Reuniao_Ordinaria_28-04-2023
CACS_FUNDEB	33	Pautas	1311	Pauta_da_5-_Reuniao_Ordinaria_31-05-2023	https://serv42.limeira.sp.gov.br/netConselhos/listaDocumentos/?conselho=33	https://serv42.limeira.sp.gov.br/netConselhos/documento/?documento=1311&desc=Pauta_da_5-_Reuniao_Ordinaria_31-05-2023
CACS_FUNDEB	33	Pautas	1333	Pauta_da_6-_Reuniao_Ordinaria_29-06-2023	https://serv42.limeira.sp.gov.br/netConselhos/listaDocumentos/?conselho=33	https://serv42.limeira.sp.gov.br/netConselhos/documento/?documento=1333&desc=Pauta_da_6-_Reuniao_Ordinaria_29-06-2023
CACS_FUNDEB	33	Pautas	1337	Pauta_da_7-_Reuniao_Ordinaria_31-07-2023	https://serv42.limeira.sp.gov.br/netConselhos/listaDocumentos/?conselho=33	https://serv42.limeira.sp.gov.br/netConselhos/documento/?documento=1337&desc=Pauta_da_7-_Reuniao_Ordinaria_31-07-2023
CACS_FUNDEB	33	Pautas	1384	Pauta_da_8-_Reuniao_Ordinaria_31-08-2023	https://serv42.limeira.sp.gov.br/netConselhos/listaDocumentos/?conselho=33	https://serv42.limeira.sp.gov.br/netConselhos/documento/?documento=1384&desc=Pauta_da_8-_Reuniao_Ordinaria_31-08-2023
CACS_FUNDEB	33	Pautas	1423	Pauta_da_9-_Reuniao_Ordinaria_29-09-2023	https://serv42.limeira.sp.gov.br/netConselhos/listaDocumentos/?conselho=33	https://serv42.limeira.sp.gov.br/netConselhos/documento/?documento=1423&desc=Pauta_da_9-_Reuniao_Ordinaria_29-09-2023
CACS_FUNDEB	33	Pautas	1424	Pauta_da_10-_Reuniao_Ordinaria_30-10-2023	https://serv42.limeira.sp.gov.br/netConselhos/listaDocumentos/?conselho=33	https://serv42.limeira.sp.gov.br/netConselhos/documento/?documento=1424&desc=Pauta_da_10-_Reuniao_Ordinaria_30-10-2023
CACS_FUNDEB	33	Pautas	1449	Pauta_da_11-_Reuniao_Ordinaria_30-11-2023	https://serv42.limeira.sp.gov.br/netConselhos/listaDocumentos/?conselho=33	https://serv42.limeira.sp.gov.br/netConselhos/documento/?documento=1449&desc=Pauta_da_11-_Reuniao_Ordinaria_30-11-2023
CACS_FUNDEB	33	Pautas	1517	Pauta_da_1-_Reuniao_Ordinaria_30-01-2024	https://serv42.limeira.sp.gov.br/netConselhos/listaDocumentos/?conselho=33	https://serv42.limeira.sp.gov.br/netConselhos/documento/?documento=1517&desc=Pauta_da_1-_Reuniao_Ordinaria_30-01-2024
CACS_FUNDEB	33	Pautas	1518	Pauta_da_2-_Reuniao_Ordinaria_05-04-24	https://serv42.limeira.sp.gov.br/netConselhos/listaDocumentos/?conselho=33	https://serv42.limeira.sp.gov.br/netConselhos/documento/?documento=1518&desc=Pauta_da_2-_Reuniao_Ordinaria_05-04-24
CACS_FUNDEB	33	Pautas	1519	Pauta_da_3-_Reuniao_Ordinaria_30-04-24	https://serv42.limeira.sp.gov.br/netConselhos/listaDocumentos/?conselho=33	https://serv42.limeira.sp.gov.br/netConselhos/documento/?documento=1519&desc=Pauta_da_3-_Reuniao_Ordinaria_30-04-24
CACS_FUNDEB	33	Pautas	1520	Pauta_da_4-_Reuniao_Ordinaria_29-05-2024	https://serv42.limeira.sp.gov.br/netConselhos/listaDocumentos/?conselho=33	https://serv42.limeira.sp.gov.br/netConselhos/documento/?documento=1520&desc=Pauta_da_4-_Reuniao_Ordinaria_29-05-2024
CACS_FUNDEB	33	Pautas	1585	Pauta_da_5-_Reuniao_Ordinaria_28-06-2024	https://serv42.limeira.sp.gov.br/netConselhos/listaDocumentos/?conselho=33	https://serv42.limeira.sp.gov.br/netConselhos/documento/?documento=1585&desc=Pauta_da_5-_Reuniao_Ordinaria_28-06-2024
CACS_FUNDEB	33	Pautas	1607	Pauta_da_5-_Reuniao_Ordinaria_28-06-2024	https://serv42.limeira.sp.gov.br/netConselhos/listaDocumentos/?conselho=33	https://serv42.limeira.sp.gov.br/netConselhos/documento/?documento=1607&desc=Pauta_da_5-_Reuniao_Ordinaria_28-06-2024
CACS_FUNDEB	33	Pautas	1608	Pauta_da_1-_Reuniao_Extraordinaria_10-07-2024	https://serv42.limeira.sp.gov.br/netConselhos/listaDocumentos/?conselho=33	https://serv42.limeira.sp.gov.br/netConselhos/documento/?documento=1608&desc=Pauta_da_1-_Reuniao_Extraordinaria_10-07-2024
CACS_FUNDEB	33	Pautas	1637	Pauta_da_6-_Reuniao_Ordinaria_26-07-2024	https://serv42.limeira.sp.gov.br/netConselhos/listaDocumentos/?conselho=33	https://serv42.limeira.sp.gov.br/netConselhos/documento/?documento=1637&desc=Pauta_da_6-_Reuniao_Ordinaria_26-07-2024
CACS_FUNDEB	33	Pautas	1639	Pauta_da_2-_Reuniao_Extraordinaria__14-08-2024	https://serv42.limeira.sp.gov.br/netConselhos/listaDocumentos/?conselho=33	https://serv42.limeira.sp.gov.br/netConselhos/documento/?documento=1639&desc=Pauta_da_2-_Reuniao_Extraordinaria__14-08-2024
CACS_FUNDEB	33	Pautas	1640	Pauta_da_7-_Reuniao_Ordinaria_30-08-2024	https://serv42.limeira.sp.gov.br/netConselhos/listaDocumentos/?conselho=33	https://serv42.limeira.sp.gov.br/netConselhos/documento/?documento=1640&desc=Pauta_da_7-_Reuniao_Ordinaria_30-08-2024
CACS_FUNDEB	33	Pautas	1670	Pauta_da_8-_Reuniao_Ordinaria_30-09-2024	https://serv42.limeira.sp.gov.br/netConselhos/listaDocumentos/?conselho=33	https://serv42.limeira.sp.gov.br/netConselhos/documento/?documento=1670&desc=Pauta_da_8-_Reuniao_Ordinaria_30-09-2024
CACS_FUNDEB	33	Pautas	1671	Pauta_da_9-_Reuniao_Ordinaria_30-10-2024	https://serv42.limeira.sp.gov.br/netConselhos/listaDocumentos/?conselho=33	https://serv42.limeira.sp.gov.br/netConselhos/documento/?documento=1671&desc=Pauta_da_9-_Reuniao_Ordinaria_30-10-2024
CACS_FUNDEB	33	Pautas	1744	Pauta_da_9-_Reuniao_Ordinaria_30-10-2024	https://serv42.limeira.sp.gov.br/netConselhos/listaDocumentos/?conselho=33	https://serv42.limeira.sp.gov.br/netConselhos/documento/?documento=1744&desc=Pauta_da_9-_Reuniao_Ordinaria_30-10-2024
CACS_FUNDEB	33	Pautas	1779	Pauta_da_10-_Reuniao_Ordinaria_02-12-2024	https://serv42.limeira.sp.gov.br/netConselhos/listaDocumentos/?conselho=33	https://serv42.limeira.sp.gov.br/netConselhos/documento/?documento=1779&desc=Pauta_da_10-_Reuniao_Ordinaria_02-12-2024
CACS_FUNDEB	33	Pautas	1780	Pauta_da_1-_Reuniao_Ordinaria_30-01-2025	https://serv42.limeira.sp.gov.br/netConselhos/listaDocumentos/?conselho=33	https://serv42.limeira.sp.gov.br/netConselhos/documento/?documento=1780&desc=Pauta_da_1-_Reuniao_Ordinaria_30-01-2025
CACS_FUNDEB	33	Pautas	1781	Pauta_da_1-_Reuniao_Extraordinaria__06-02-2025	https://serv42.limeira.sp.gov.br/netConselhos/listaDocumentos/?conselho=33	https://serv42.limeira.sp.gov.br/netConselhos/documento/?documento=1781&desc=Pauta_da_1-_Reuniao_Extraordinaria__06-02-2025
CACS_FUNDEB	33	Pautas	1782	Pauta_da_2-_Reuniao_Ordinaria_06-03-2025	https://serv42.limeira.sp.gov.br/netConselhos/listaDocumentos/?conselho=33	https://serv42.limeira.sp.gov.br/netConselhos/documento/?documento=1782&desc=Pauta_da_2-_Reuniao_Ordinaria_06-03-2025
CACS_FUNDEB	33	Pautas	1783	Pauta_da_3-_Reuniao_Ordinaria__01-04-2025	https://serv42.limeira.sp.gov.br/netConselhos/listaDocumentos/?conselho=33	https://serv42.limeira.sp.gov.br/netConselhos/documento/?documento=1783&desc=Pauta_da_3-_Reuniao_Ordinaria__01-04-2025
CACS_FUNDEB	33	Pautas	1804	Pauta_da_4-_Reuniao_Ordinaria_30-04-2025	https://serv42.limeira.sp.gov.br/netConselhos/listaDocumentos/?conselho=33	https://serv42.limeira.sp.gov.br/netConselhos/documento/?documento=1804&desc=Pauta_da_4-_Reuniao_Ordinaria_30-04-2025
CACS_FUNDEB	33	Pautas	1805	Pauta_da_5-_Reuniao_Ordinaria_30-05-2025	https://serv42.limeira.sp.gov.br/netConselhos/listaDocumentos/?conselho=33	https://serv42.limeira.sp.gov.br/netConselhos/documento/?documento=1805&desc=Pauta_da_5-_Reuniao_Ordinaria_30-05-2025
CACS_FUNDEB	33	Pautas	1806	Pauta_da_2-_Reuniao_Extraordinaria__04-06-2025	https://serv42.limeira.sp.gov.br/netConselhos/listaDocumentos/?conselho=33	https://serv42.limeira.sp.gov.br/netConselhos/documento/?documento=1806&desc=Pauta_da_2-_Reuniao_Extraordinaria__04-06-2025
CACS_FUNDEB	33	Pautas	1854	Pauta_da_6-_Reuniao_Ordinaria_-_01-07-2025	https://serv42.limeira.sp.gov.br/netConselhos/listaDocumentos/?conselho=33	https://serv42.limeira.sp.gov.br/netConselhos/documento/?documento=1854&desc=Pauta_da_6-_Reuniao_Ordinaria_-_01-07-2025
CACS_FUNDEB	33	Pautas	1855	Pauta_da_7-_Reuniao_Ordinaria_31-07-2025	https://serv42.limeira.sp.gov.br/netConselhos/listaDocumentos/?conselho=33	https://serv42.limeira.sp.gov.br/netConselhos/documento/?documento=1855&desc=Pauta_da_7-_Reuniao_Ordinaria_31-07-2025
CACS_FUNDEB	33	Pautas	1906	Pauta_da_7-_Reuniao_Ordinaria_31-07-2025	https://serv42.limeira.sp.gov.br/netConselhos/listaDocumentos/?conselho=33	https://serv42.limeira.sp.gov.br/netConselhos/documento/?documento=1906&desc=Pauta_da_7-_Reuniao_Ordinaria_31-07-2025
CACS_FUNDEB	33	Pautas	1907	Pauta_da_8-_Reuniao_Ordinaria_29-08-2025	https://serv42.limeira.sp.gov.br/netConselhos/listaDocumentos/?conselho=33	https://serv42.limeira.sp.gov.br/netConselhos/documento/?documento=1907&desc=Pauta_da_8-_Reuniao_Ordinaria_29-08-2025
CACS_FUNDEB	33	Pautas	1925	Pauta_da_9-_Reuniao_Ordinaria_30-09-2025	https://serv42.limeira.sp.gov.br/netConselhos/listaDocumentos/?conselho=33	https://serv42.limeira.sp.gov.br/netConselhos/documento/?documento=1925&desc=Pauta_da_9-_Reuniao_Ordinaria_30-09-2025
CACS_FUNDEB	33	Pautas	2075	Pauta_da_10-_Reuniao_Ordinaria_30-10-2025	https://serv42.limeira.sp.gov.br/netConselhos/listaDocumentos/?conselho=33	https://serv42.limeira.sp.gov.br/netConselhos/documento/?documento=2075&desc=Pauta_da_10-_Reuniao_Ordinaria_30-10-2025
CACS_FUNDEB	33	Pautas	2076	Pauta_da_3-_Reuniao_Extraordinaria_13-10-2025	https://serv42.limeira.sp.gov.br/netConselhos/listaDocumentos/?conselho=33	https://serv42.limeira.sp.gov.br/netConselhos/documento/?documento=2076&desc=Pauta_da_3-_Reuniao_Extraordinaria_13-10-2025
CACS_FUNDEB	33	Pautas	2077	Pauta_da_4-_Reuniao_Extraordinaria_12-11-2025	https://serv42.limeira.sp.gov.br/netConselhos/listaDocumentos/?conselho=33	https://serv42.limeira.sp.gov.br/netConselhos/documento/?documento=2077&desc=Pauta_da_4-_Reuniao_Extraordinaria_12-11-2025
CACS_FUNDEB	33	Pautas	2078	Pauta_da_11-_Reuniao_Ordinaria_28-11-2025	https://serv42.limeira.sp.gov.br/netConselhos/listaDocumentos/?conselho=33	https://serv42.limeira.sp.gov.br/netConselhos/documento/?documento=2078&desc=Pauta_da_11-_Reuniao_Ordinaria_28-11-2025
CACS_FUNDEB	33	Pautas	2079	Pauta_da_5-_Reuniao_Extraordinaria_03-12-2025	https://serv42.limeira.sp.gov.br/netConselhos/listaDocumentos/?conselho=33	https://serv42.limeira.sp.gov.br/netConselhos/documento/?documento=2079&desc=Pauta_da_5-_Reuniao_Extraordinaria_03-12-2025
CACS_FUNDEB	33	Pautas	2301	Pauta_da_1-_Reuniao_Ordinaria_30-01-2026	https://serv42.limeira.sp.gov.br/netConselhos/listaDocumentos/?conselho=33	https://serv42.limeira.sp.gov.br/netConselhos/documento/?documento=2301&desc=Pauta_da_1-_Reuniao_Ordinaria_30-01-2026
CACS_FUNDEB	33	Pautas	2303	Pauta_da_1-_Reuniao_Extraordinaria__12-02-2026	https://serv42.limeira.sp.gov.br/netConselhos/listaDocumentos/?conselho=33	https://serv42.limeira.sp.gov.br/netConselhos/documento/?documento=2303&desc=Pauta_da_1-_Reuniao_Extraordinaria__12-02-2026
CACS_FUNDEB	33	Pautas	2304	Pauta_da_2-_Reuniao_Ordinaria_27-02-2026	https://serv42.limeira.sp.gov.br/netConselhos/listaDocumentos/?conselho=33	https://serv42.limeira.sp.gov.br/netConselhos/documento/?documento=2304&desc=Pauta_da_2-_Reuniao_Ordinaria_27-02-2026
CACS_FUNDEB	33	Pautas	2437	Pauta_da_3-_Reuniao_Ordinaria__31-03-2026	https://serv42.limeira.sp.gov.br/netConselhos/listaDocumentos/?conselho=33	https://serv42.limeira.sp.gov.br/netConselhos/documento/?documento=2437&desc=Pauta_da_3-_Reuniao_Ordinaria__31-03-2026
CACS_FUNDEB	33	Pautas	2588	Pauta_da_4-_Reuniao_Ordinaria_29-04-2026	https://serv42.limeira.sp.gov.br/netConselhos/listaDocumentos/?conselho=33	https://serv42.limeira.sp.gov.br/netConselhos/documento/?documento=2588&desc=Pauta_da_4-_Reuniao_Ordinaria_29-04-2026
CACS_FUNDEB	33	Pautas	2589	Pauta_da_5-_Reuniao_Ordinaria_29-05-2026	https://serv42.limeira.sp.gov.br/netConselhos/listaDocumentos/?conselho=33	https://serv42.limeira.sp.gov.br/netConselhos/documento/?documento=2589&desc=Pauta_da_5-_Reuniao_Ordinaria_29-05-2026
CACS_FUNDEB	33	Pautas	2684	Pauta_da_6-_Reuniao_Ordinaria_30-06-2026	https://serv42.limeira.sp.gov.br/netConselhos/listaDocumentos/?conselho=33	https://serv42.limeira.sp.gov.br/netConselhos/documento/?documento=2684&desc=Pauta_da_6-_Reuniao_Ordinaria_30-06-2026
CACS_FUNDEB	33	Pautas	2685	Pauta_da_7-_Reuniao_Ordinaria_30-07-2026	https://serv42.limeira.sp.gov.br/netConselhos/listaDocumentos/?conselho=33	https://serv42.limeira.sp.gov.br/netConselhos/documento/?documento=2685&desc=Pauta_da_7-_Reuniao_Ordinaria_30-07-2026
CACS_FUNDEB	33	Atas de Reuniões	145	FUNDEB_1-_R.O_31-01-19	https://serv42.limeira.sp.gov.br/netConselhos/listaDocumentos/?conselho=33	https://serv42.limeira.sp.gov.br/netConselhos/documento/?documento=145&desc=FUNDEB_1-_R.O_31-01-19
CACS_FUNDEB	33	Atas de Reuniões	146	FUNDEB_2-_RO_26-03-19	https://serv42.limeira.sp.gov.br/netConselhos/listaDocumentos/?conselho=33	https://serv42.limeira.sp.gov.br/netConselhos/documento/?documento=146&desc=FUNDEB_2-_RO_26-03-19
CACS_FUNDEB	33	Atas de Reuniões	147	FUNDEB_3-_RO_25-04-19	https://serv42.limeira.sp.gov.br/netConselhos/listaDocumentos/?conselho=33	https://serv42.limeira.sp.gov.br/netConselhos/documento/?documento=147&desc=FUNDEB_3-_RO_25-04-19
CACS_FUNDEB	33	Atas de Reuniões	148	FUNDEB_4a_RO_30.05.19	https://serv42.limeira.sp.gov.br/netConselhos/listaDocumentos/?conselho=33	https://serv42.limeira.sp.gov.br/netConselhos/documento/?documento=148&desc=FUNDEB_4a_RO_30.05.19
CACS_FUNDEB	33	Atas de Reuniões	149	FUNDEB_5a_RO_11.07.19	https://serv42.limeira.sp.gov.br/netConselhos/listaDocumentos/?conselho=33	https://serv42.limeira.sp.gov.br/netConselhos/documento/?documento=149&desc=FUNDEB_5a_RO_11.07.19
CACS_FUNDEB	33	Atas de Reuniões	150	FUNDEB_6a_RO_30.07.19	https://serv42.limeira.sp.gov.br/netConselhos/listaDocumentos/?conselho=33	https://serv42.limeira.sp.gov.br/netConselhos/documento/?documento=150&desc=FUNDEB_6a_RO_30.07.19
CACS_FUNDEB	33	Atas de Reuniões	151	FUNDEB_7a_RO_28.08.19	https://serv42.limeira.sp.gov.br/netConselhos/listaDocumentos/?conselho=33	https://serv42.limeira.sp.gov.br/netConselhos/documento/?documento=151&desc=FUNDEB_7a_RO_28.08.19
CACS_FUNDEB	33	Atas de Reuniões	152	FUNDEB_8a_RO_02.10.19	https://serv42.limeira.sp.gov.br/netConselhos/listaDocumentos/?conselho=33	https://serv42.limeira.sp.gov.br/netConselhos/documento/?documento=152&desc=FUNDEB_8a_RO_02.10.19
CACS_FUNDEB	33	Atas de Reuniões	153	FUNDEB_9a_RO_30.10.19	https://serv42.limeira.sp.gov.br/netConselhos/listaDocumentos/?conselho=33	https://serv42.limeira.sp.gov.br/netConselhos/documento/?documento=153&desc=FUNDEB_9a_RO_30.10.19
CACS_FUNDEB	33	Atas de Reuniões	154	FUNDEB_1-_R.E._21-02-19	https://serv42.limeira.sp.gov.br/netConselhos/listaDocumentos/?conselho=33	https://serv42.limeira.sp.gov.br/netConselhos/documento/?documento=154&desc=FUNDEB_1-_R.E._21-02-19
CACS_FUNDEB	33	Atas de Reuniões	155	FUNDEB_2-_RE_10-04-19	https://serv42.limeira.sp.gov.br/netConselhos/listaDocumentos/?conselho=33	https://serv42.limeira.sp.gov.br/netConselhos/documento/?documento=155&desc=FUNDEB_2-_RE_10-04-19
CACS_FUNDEB	33	Atas de Reuniões	156	FUNDEB_3-_RE_08-05-19	https://serv42.limeira.sp.gov.br/netConselhos/listaDocumentos/?conselho=33	https://serv42.limeira.sp.gov.br/netConselhos/documento/?documento=156&desc=FUNDEB_3-_RE_08-05-19
CACS_FUNDEB	33	Atas de Reuniões	234	FUNDEB_10-_RO_28-11-19	https://serv42.limeira.sp.gov.br/netConselhos/listaDocumentos/?conselho=33	https://serv42.limeira.sp.gov.br/netConselhos/documento/?documento=234&desc=FUNDEB_10-_RO_28-11-19
CACS_FUNDEB	33	Atas de Reuniões	312	FUNDEB_2020_1-_RO_28.01.2020	https://serv42.limeira.sp.gov.br/netConselhos/listaDocumentos/?conselho=33	https://serv42.limeira.sp.gov.br/netConselhos/documento/?documento=312&desc=FUNDEB_2020_1-_RO_28.01.2020
CACS_FUNDEB	33	Atas de Reuniões	335	FUNDEB_2020_2-_RO_04.03.2020	https://serv42.limeira.sp.gov.br/netConselhos/listaDocumentos/?conselho=33	https://serv42.limeira.sp.gov.br/netConselhos/documento/?documento=335&desc=FUNDEB_2020_2-_RO_04.03.2020
CACS_FUNDEB	33	Atas de Reuniões	337	FUNDEB_2020_1-_RE_28.04.2020	https://serv42.limeira.sp.gov.br/netConselhos/listaDocumentos/?conselho=33	https://serv42.limeira.sp.gov.br/netConselhos/documento/?documento=337&desc=FUNDEB_2020_1-_RE_28.04.2020
CACS_FUNDEB	33	Atas de Reuniões	339	FUNDEB_2020_2-_RE_E_POSSE_BIENIO_2020-2021_-_02.07.2020	https://serv42.limeira.sp.gov.br/netConselhos/listaDocumentos/?conselho=33	https://serv42.limeira.sp.gov.br/netConselhos/documento/?documento=339&desc=FUNDEB_2020_2-_RE_E_POSSE_BIENIO_2020-2021_-_02.07.2020
CACS_FUNDEB	33	Atas de Reuniões	341	FUNDEB_2020_3-_RE_07.07.2020	https://serv42.limeira.sp.gov.br/netConselhos/listaDocumentos/?conselho=33	https://serv42.limeira.sp.gov.br/netConselhos/documento/?documento=341&desc=FUNDEB_2020_3-_RE_07.07.2020
CACS_FUNDEB	33	Atas de Reuniões	402	FUNDEB_2020_4-_RE_29.07.20	https://serv42.limeira.sp.gov.br/netConselhos/listaDocumentos/?conselho=33	https://serv42.limeira.sp.gov.br/netConselhos/documento/?documento=402&desc=FUNDEB_2020_4-_RE_29.07.20
CACS_FUNDEB	33	Atas de Reuniões	403	FUNDEB_2020_5-_RE_01.10.20	https://serv42.limeira.sp.gov.br/netConselhos/listaDocumentos/?conselho=33	https://serv42.limeira.sp.gov.br/netConselhos/documento/?documento=403&desc=FUNDEB_2020_5-_RE_01.10.20
CACS_FUNDEB	33	Atas de Reuniões	433	FUNDEB_2020_6-_RE_29.10.2020	https://serv42.limeira.sp.gov.br/netConselhos/listaDocumentos/?conselho=33	https://serv42.limeira.sp.gov.br/netConselhos/documento/?documento=433&desc=FUNDEB_2020_6-_RE_29.10.2020
CACS_FUNDEB	33	Atas de Reuniões	494	FUNDEB_2020_7-_RE_27-11-20	https://serv42.limeira.sp.gov.br/netConselhos/listaDocumentos/?conselho=33	https://serv42.limeira.sp.gov.br/netConselhos/documento/?documento=494&desc=FUNDEB_2020_7-_RE_27-11-20
CACS_FUNDEB	33	Atas de Reuniões	495	FUNDEB_2020_8-_RE_21-12-20	https://serv42.limeira.sp.gov.br/netConselhos/listaDocumentos/?conselho=33	https://serv42.limeira.sp.gov.br/netConselhos/documento/?documento=495&desc=FUNDEB_2020_8-_RE_21-12-20
CACS_FUNDEB	33	Atas de Reuniões	501	FUNDEB_1-_RE_29-01-2021	https://serv42.limeira.sp.gov.br/netConselhos/listaDocumentos/?conselho=33	https://serv42.limeira.sp.gov.br/netConselhos/documento/?documento=501&desc=FUNDEB_1-_RE_29-01-2021
CACS_FUNDEB	33	Atas de Reuniões	502	FUNDEB_2-_RE_17-02-2021	https://serv42.limeira.sp.gov.br/netConselhos/listaDocumentos/?conselho=33	https://serv42.limeira.sp.gov.br/netConselhos/documento/?documento=502&desc=FUNDEB_2-_RE_17-02-2021
CACS_FUNDEB	33	Atas de Reuniões	514	FUNDEB_1-_RO_26-02-2021	https://serv42.limeira.sp.gov.br/netConselhos/listaDocumentos/?conselho=33	https://serv42.limeira.sp.gov.br/netConselhos/documento/?documento=514&desc=FUNDEB_1-_RO_26-02-2021
CACS_FUNDEB	33	Atas de Reuniões	515	FUNDEB_3-_RE_06-04-2021	https://serv42.limeira.sp.gov.br/netConselhos/listaDocumentos/?conselho=33	https://serv42.limeira.sp.gov.br/netConselhos/documento/?documento=515&desc=FUNDEB_3-_RE_06-04-2021
CACS_FUNDEB	33	Atas de Reuniões	522	FUNDEB_2-_RO_29-04-2021	https://serv42.limeira.sp.gov.br/netConselhos/listaDocumentos/?conselho=33	https://serv42.limeira.sp.gov.br/netConselhos/documento/?documento=522&desc=FUNDEB_2-_RO_29-04-2021
CACS_FUNDEB	33	Atas de Reuniões	523	FUNDEB_-_Ata_de_Posse_-_Bienio_2021-2022_-_19-05-2021	https://serv42.limeira.sp.gov.br/netConselhos/listaDocumentos/?conselho=33	https://serv42.limeira.sp.gov.br/netConselhos/documento/?documento=523&desc=FUNDEB_-_Ata_de_Posse_-_Bienio_2021-2022_-_19-05-2021
CACS_FUNDEB	33	Atas de Reuniões	583	FUNDEB_3-_RO_28-05-2021	https://serv42.limeira.sp.gov.br/netConselhos/listaDocumentos/?conselho=33	https://serv42.limeira.sp.gov.br/netConselhos/documento/?documento=583&desc=FUNDEB_3-_RO_28-05-2021
CACS_FUNDEB	33	Atas de Reuniões	584	FUNDEB_4-_RE_15-06-2021	https://serv42.limeira.sp.gov.br/netConselhos/listaDocumentos/?conselho=33	https://serv42.limeira.sp.gov.br/netConselhos/documento/?documento=584&desc=FUNDEB_4-_RE_15-06-2021
CACS_FUNDEB	33	Atas de Reuniões	585	FUNDEB_4-_RO_29-06-2021	https://serv42.limeira.sp.gov.br/netConselhos/listaDocumentos/?conselho=33	https://serv42.limeira.sp.gov.br/netConselhos/documento/?documento=585&desc=FUNDEB_4-_RO_29-06-2021
CACS_FUNDEB	33	Atas de Reuniões	589	FUNDEB_5-_RO_30-07-2021	https://serv42.limeira.sp.gov.br/netConselhos/listaDocumentos/?conselho=33	https://serv42.limeira.sp.gov.br/netConselhos/documento/?documento=589&desc=FUNDEB_5-_RO_30-07-2021
CACS_FUNDEB	33	Atas de Reuniões	809	FUNDEB_6-_RO_27-08-2021	https://serv42.limeira.sp.gov.br/netConselhos/listaDocumentos/?conselho=33	https://serv42.limeira.sp.gov.br/netConselhos/documento/?documento=809&desc=FUNDEB_6-_RO_27-08-2021
CACS_FUNDEB	33	Atas de Reuniões	853	FUNDEB_7-_RO_29-09-2021	https://serv42.limeira.sp.gov.br/netConselhos/listaDocumentos/?conselho=33	https://serv42.limeira.sp.gov.br/netConselhos/documento/?documento=853&desc=FUNDEB_7-_RO_29-09-2021
CACS_FUNDEB	33	Atas de Reuniões	854	FUNDEB_8-_RO_29-10-2021	https://serv42.limeira.sp.gov.br/netConselhos/listaDocumentos/?conselho=33	https://serv42.limeira.sp.gov.br/netConselhos/documento/?documento=854&desc=FUNDEB_8-_RO_29-10-2021
CACS_FUNDEB	33	Atas de Reuniões	906	FUNDEB_9-_RO_30.11.2021	https://serv42.limeira.sp.gov.br/netConselhos/listaDocumentos/?conselho=33	https://serv42.limeira.sp.gov.br/netConselhos/documento/?documento=906&desc=FUNDEB_9-_RO_30.11.2021
CACS_FUNDEB	33	Atas de Reuniões	907	FUNDEB_10-_RO_09.12.2021	https://serv42.limeira.sp.gov.br/netConselhos/listaDocumentos/?conselho=33	https://serv42.limeira.sp.gov.br/netConselhos/documento/?documento=907&desc=FUNDEB_10-_RO_09.12.2021
CACS_FUNDEB	33	Atas de Reuniões	1070	Fundeb_1-_RO_28.01.2022	https://serv42.limeira.sp.gov.br/netConselhos/listaDocumentos/?conselho=33	https://serv42.limeira.sp.gov.br/netConselhos/documento/?documento=1070&desc=Fundeb_1-_RO_28.01.2022
CACS_FUNDEB	33	Atas de Reuniões	1071	Fundeb_2-_RO_25.02.2022	https://serv42.limeira.sp.gov.br/netConselhos/listaDocumentos/?conselho=33	https://serv42.limeira.sp.gov.br/netConselhos/documento/?documento=1071&desc=Fundeb_2-_RO_25.02.2022
CACS_FUNDEB	33	Atas de Reuniões	1072	Fundeb_3-_RO_31.03.2022	https://serv42.limeira.sp.gov.br/netConselhos/listaDocumentos/?conselho=33	https://serv42.limeira.sp.gov.br/netConselhos/documento/?documento=1072&desc=Fundeb_3-_RO_31.03.2022
CACS_FUNDEB	33	Atas de Reuniões	1073	Fundeb_4-_RO_29.04.2022	https://serv42.limeira.sp.gov.br/netConselhos/listaDocumentos/?conselho=33	https://serv42.limeira.sp.gov.br/netConselhos/documento/?documento=1073&desc=Fundeb_4-_RO_29.04.2022
CACS_FUNDEB	33	Atas de Reuniões	1074	Fundeb_1-_RE_11.05.2022	https://serv42.limeira.sp.gov.br/netConselhos/listaDocumentos/?conselho=33	https://serv42.limeira.sp.gov.br/netConselhos/documento/?documento=1074&desc=Fundeb_1-_RE_11.05.2022
CACS_FUNDEB	33	Atas de Reuniões	1075	Fundeb_5-_RO_31.05.2022	https://serv42.limeira.sp.gov.br/netConselhos/listaDocumentos/?conselho=33	https://serv42.limeira.sp.gov.br/netConselhos/documento/?documento=1075&desc=Fundeb_5-_RO_31.05.2022
CACS_FUNDEB	33	Atas de Reuniões	1165	FUNDEB_6-_RO_29-06-2022	https://serv42.limeira.sp.gov.br/netConselhos/listaDocumentos/?conselho=33	https://serv42.limeira.sp.gov.br/netConselhos/documento/?documento=1165&desc=FUNDEB_6-_RO_29-06-2022
CACS_FUNDEB	33	Atas de Reuniões	1166	FUNDEB_7-_RO_29-07-2022	https://serv42.limeira.sp.gov.br/netConselhos/listaDocumentos/?conselho=33	https://serv42.limeira.sp.gov.br/netConselhos/documento/?documento=1166&desc=FUNDEB_7-_RO_29-07-2022
CACS_FUNDEB	33	Atas de Reuniões	1167	FUNDEB_8-_RO_30-08-2022	https://serv42.limeira.sp.gov.br/netConselhos/listaDocumentos/?conselho=33	https://serv42.limeira.sp.gov.br/netConselhos/documento/?documento=1167&desc=FUNDEB_8-_RO_30-08-2022
CACS_FUNDEB	33	Atas de Reuniões	1168	FUNDEB_2-_RE_09-09-2022	https://serv42.limeira.sp.gov.br/netConselhos/listaDocumentos/?conselho=33	https://serv42.limeira.sp.gov.br/netConselhos/documento/?documento=1168&desc=FUNDEB_2-_RE_09-09-2022
CACS_FUNDEB	33	Atas de Reuniões	1169	FUNDEB_9-_RO_30-09-2022	https://serv42.limeira.sp.gov.br/netConselhos/listaDocumentos/?conselho=33	https://serv42.limeira.sp.gov.br/netConselhos/documento/?documento=1169&desc=FUNDEB_9-_RO_30-09-2022
CACS_FUNDEB	33	Atas de Reuniões	1170	FUNDEB_10-_RO_31-10-2022	https://serv42.limeira.sp.gov.br/netConselhos/listaDocumentos/?conselho=33	https://serv42.limeira.sp.gov.br/netConselhos/documento/?documento=1170&desc=FUNDEB_10-_RO_31-10-2022
CACS_FUNDEB	33	Atas de Reuniões	1171	FUNDEB_11-_RO_29-11-2022	https://serv42.limeira.sp.gov.br/netConselhos/listaDocumentos/?conselho=33	https://serv42.limeira.sp.gov.br/netConselhos/documento/?documento=1171&desc=FUNDEB_11-_RO_29-11-2022
CACS_FUNDEB	33	Atas de Reuniões	1172	FUNDEB_12-_RO_12-12-2022	https://serv42.limeira.sp.gov.br/netConselhos/listaDocumentos/?conselho=33	https://serv42.limeira.sp.gov.br/netConselhos/documento/?documento=1172&desc=FUNDEB_12-_RO_12-12-2022
CACS_FUNDEB	33	Atas de Reuniões	1187	Reuniao_de_Posse_24-01-2023	https://serv42.limeira.sp.gov.br/netConselhos/listaDocumentos/?conselho=33	https://serv42.limeira.sp.gov.br/netConselhos/documento/?documento=1187&desc=Reuniao_de_Posse_24-01-2023
CACS_FUNDEB	33	Atas de Reuniões	1188	FUNDEB_1-_RO_31-01-2023	https://serv42.limeira.sp.gov.br/netConselhos/listaDocumentos/?conselho=33	https://serv42.limeira.sp.gov.br/netConselhos/documento/?documento=1188&desc=FUNDEB_1-_RO_31-01-2023
CACS_FUNDEB	33	Atas de Reuniões	1304	FUNDEB_2a_RO_28-02-2023	https://serv42.limeira.sp.gov.br/netConselhos/listaDocumentos/?conselho=33	https://serv42.limeira.sp.gov.br/netConselhos/documento/?documento=1304&desc=FUNDEB_2a_RO_28-02-2023
CACS_FUNDEB	33	Atas de Reuniões	1305	FUNDEB_3a_RO_31-03-2023	https://serv42.limeira.sp.gov.br/netConselhos/listaDocumentos/?conselho=33	https://serv42.limeira.sp.gov.br/netConselhos/documento/?documento=1305&desc=FUNDEB_3a_RO_31-03-2023
CACS_FUNDEB	33	Atas de Reuniões	1306	FUNDEB_4a_RO_28-04-2023	https://serv42.limeira.sp.gov.br/netConselhos/listaDocumentos/?conselho=33	https://serv42.limeira.sp.gov.br/netConselhos/documento/?documento=1306&desc=FUNDEB_4a_RO_28-04-2023
CACS_FUNDEB	33	Atas de Reuniões	1307	FUNDEB_5a_RO_31-05-2023	https://serv42.limeira.sp.gov.br/netConselhos/listaDocumentos/?conselho=33	https://serv42.limeira.sp.gov.br/netConselhos/documento/?documento=1307&desc=FUNDEB_5a_RO_31-05-2023
CACS_FUNDEB	33	Atas de Reuniões	1332	FUNDEB_6-_RO_29-06-2023	https://serv42.limeira.sp.gov.br/netConselhos/listaDocumentos/?conselho=33	https://serv42.limeira.sp.gov.br/netConselhos/documento/?documento=1332&desc=FUNDEB_6-_RO_29-06-2023
CACS_FUNDEB	33	Atas de Reuniões	1336	FUNDEB_7-_RO_-_31-07-2023	https://serv42.limeira.sp.gov.br/netConselhos/listaDocumentos/?conselho=33	https://serv42.limeira.sp.gov.br/netConselhos/documento/?documento=1336&desc=FUNDEB_7-_RO_-_31-07-2023
CACS_FUNDEB	33	Atas de Reuniões	1383	FUNDEB_8-_RO_-_31-08-2023	https://serv42.limeira.sp.gov.br/netConselhos/listaDocumentos/?conselho=33	https://serv42.limeira.sp.gov.br/netConselhos/documento/?documento=1383&desc=FUNDEB_8-_RO_-_31-08-2023
CACS_FUNDEB	33	Atas de Reuniões	1421	FUNDEB_9-_RO_31-10-2023	https://serv42.limeira.sp.gov.br/netConselhos/listaDocumentos/?conselho=33	https://serv42.limeira.sp.gov.br/netConselhos/documento/?documento=1421&desc=FUNDEB_9-_RO_31-10-2023
CACS_FUNDEB	33	Atas de Reuniões	1422	FUNDEB_10-_RO_30-10-2023	https://serv42.limeira.sp.gov.br/netConselhos/listaDocumentos/?conselho=33	https://serv42.limeira.sp.gov.br/netConselhos/documento/?documento=1422&desc=FUNDEB_10-_RO_30-10-2023
CACS_FUNDEB	33	Atas de Reuniões	1448	FUNDEB_11-_RO_30-11-2023	https://serv42.limeira.sp.gov.br/netConselhos/listaDocumentos/?conselho=33	https://serv42.limeira.sp.gov.br/netConselhos/documento/?documento=1448&desc=FUNDEB_11-_RO_30-11-2023
CACS_FUNDEB	33	Atas de Reuniões	1514	FUNDEB_1-_RO_30-01-2024	https://serv42.limeira.sp.gov.br/netConselhos/listaDocumentos/?conselho=33	https://serv42.limeira.sp.gov.br/netConselhos/documento/?documento=1514&desc=FUNDEB_1-_RO_30-01-2024
CACS_FUNDEB	33	Atas de Reuniões	1515	FUNDEB_2-_RO_05-04-2024	https://serv42.limeira.sp.gov.br/netConselhos/listaDocumentos/?conselho=33	https://serv42.limeira.sp.gov.br/netConselhos/documento/?documento=1515&desc=FUNDEB_2-_RO_05-04-2024
CACS_FUNDEB	33	Atas de Reuniões	1516	FUNDEB_3-_RO_30-04-2024	https://serv42.limeira.sp.gov.br/netConselhos/listaDocumentos/?conselho=33	https://serv42.limeira.sp.gov.br/netConselhos/documento/?documento=1516&desc=FUNDEB_3-_RO_30-04-2024
CACS_FUNDEB	33	Atas de Reuniões	1586	FUNDEB_4-_RO_29-05-2024	https://serv42.limeira.sp.gov.br/netConselhos/listaDocumentos/?conselho=33	https://serv42.limeira.sp.gov.br/netConselhos/documento/?documento=1586&desc=FUNDEB_4-_RO_29-05-2024
CACS_FUNDEB	33	Atas de Reuniões	1605	FUNDEB_5-_RO_28-06-2024	https://serv42.limeira.sp.gov.br/netConselhos/listaDocumentos/?conselho=33	https://serv42.limeira.sp.gov.br/netConselhos/documento/?documento=1605&desc=FUNDEB_5-_RO_28-06-2024
CACS_FUNDEB	33	Atas de Reuniões	1612	FUNDEB_1-_RE_10-07-2024	https://serv42.limeira.sp.gov.br/netConselhos/listaDocumentos/?conselho=33	https://serv42.limeira.sp.gov.br/netConselhos/documento/?documento=1612&desc=FUNDEB_1-_RE_10-07-2024
CACS_FUNDEB	33	Atas de Reuniões	1634	FUNDEB_6-_RO_26-07-2024	https://serv42.limeira.sp.gov.br/netConselhos/listaDocumentos/?conselho=33	https://serv42.limeira.sp.gov.br/netConselhos/documento/?documento=1634&desc=FUNDEB_6-_RO_26-07-2024
CACS_FUNDEB	33	Atas de Reuniões	1635	FUNDEB_2-_RE_14-08-2024	https://serv42.limeira.sp.gov.br/netConselhos/listaDocumentos/?conselho=33	https://serv42.limeira.sp.gov.br/netConselhos/documento/?documento=1635&desc=FUNDEB_2-_RE_14-08-2024
CACS_FUNDEB	33	Atas de Reuniões	1636	FUNDEB_7-_RO_30-08-2024	https://serv42.limeira.sp.gov.br/netConselhos/listaDocumentos/?conselho=33	https://serv42.limeira.sp.gov.br/netConselhos/documento/?documento=1636&desc=FUNDEB_7-_RO_30-08-2024
CACS_FUNDEB	33	Atas de Reuniões	1669	FUNDEB_8-_RO_30-09-2024	https://serv42.limeira.sp.gov.br/netConselhos/listaDocumentos/?conselho=33	https://serv42.limeira.sp.gov.br/netConselhos/documento/?documento=1669&desc=FUNDEB_8-_RO_30-09-2024
CACS_FUNDEB	33	Atas de Reuniões	1743	FUNDEB_9-_RO_30-10-2024	https://serv42.limeira.sp.gov.br/netConselhos/listaDocumentos/?conselho=33	https://serv42.limeira.sp.gov.br/netConselhos/documento/?documento=1743&desc=FUNDEB_9-_RO_30-10-2024
CACS_FUNDEB	33	Atas de Reuniões	1784	FUNDEB_10-_RO_02-12-2024	https://serv42.limeira.sp.gov.br/netConselhos/listaDocumentos/?conselho=33	https://serv42.limeira.sp.gov.br/netConselhos/documento/?documento=1784&desc=FUNDEB_10-_RO_02-12-2024
CACS_FUNDEB	33	Atas de Reuniões	1785	FUNDEB_1-_RO_30-01-2025	https://serv42.limeira.sp.gov.br/netConselhos/listaDocumentos/?conselho=33	https://serv42.limeira.sp.gov.br/netConselhos/documento/?documento=1785&desc=FUNDEB_1-_RO_30-01-2025
CACS_FUNDEB	33	Atas de Reuniões	1786	FUNDEB_1-_RE_06-02-2025	https://serv42.limeira.sp.gov.br/netConselhos/listaDocumentos/?conselho=33	https://serv42.limeira.sp.gov.br/netConselhos/documento/?documento=1786&desc=FUNDEB_1-_RE_06-02-2025
CACS_FUNDEB	33	Atas de Reuniões	1787	FUNDEB_2-_RO_06-03-2025	https://serv42.limeira.sp.gov.br/netConselhos/listaDocumentos/?conselho=33	https://serv42.limeira.sp.gov.br/netConselhos/documento/?documento=1787&desc=FUNDEB_2-_RO_06-03-2025
CACS_FUNDEB	33	Atas de Reuniões	1807	FUNDEB_3-_RO_01-04-2025	https://serv42.limeira.sp.gov.br/netConselhos/listaDocumentos/?conselho=33	https://serv42.limeira.sp.gov.br/netConselhos/documento/?documento=1807&desc=FUNDEB_3-_RO_01-04-2025
CACS_FUNDEB	33	Atas de Reuniões	1808	FUNDEB_4-_RO_30-04-2025	https://serv42.limeira.sp.gov.br/netConselhos/listaDocumentos/?conselho=33	https://serv42.limeira.sp.gov.br/netConselhos/documento/?documento=1808&desc=FUNDEB_4-_RO_30-04-2025
CACS_FUNDEB	33	Atas de Reuniões	1856	FUNDEB_5-_RO_08-05-2025	https://serv42.limeira.sp.gov.br/netConselhos/listaDocumentos/?conselho=33	https://serv42.limeira.sp.gov.br/netConselhos/documento/?documento=1856&desc=FUNDEB_5-_RO_08-05-2025
CACS_FUNDEB	33	Atas de Reuniões	1857	FUNDEB_2-_RE_03-06-2025	https://serv42.limeira.sp.gov.br/netConselhos/listaDocumentos/?conselho=33	https://serv42.limeira.sp.gov.br/netConselhos/documento/?documento=1857&desc=FUNDEB_2-_RE_03-06-2025
CACS_FUNDEB	33	Atas de Reuniões	1858	FUNDEB_6-_RO_01-07-2025	https://serv42.limeira.sp.gov.br/netConselhos/listaDocumentos/?conselho=33	https://serv42.limeira.sp.gov.br/netConselhos/documento/?documento=1858&desc=FUNDEB_6-_RO_01-07-2025
CACS_FUNDEB	33	Atas de Reuniões	1926	FUNDEB_7-_RO_31-07-2025	https://serv42.limeira.sp.gov.br/netConselhos/listaDocumentos/?conselho=33	https://serv42.limeira.sp.gov.br/netConselhos/documento/?documento=1926&desc=FUNDEB_7-_RO_31-07-2025
CACS_FUNDEB	33	Atas de Reuniões	1960	FUNDEB_8-_RO_29-08-2025	https://serv42.limeira.sp.gov.br/netConselhos/listaDocumentos/?conselho=33	https://serv42.limeira.sp.gov.br/netConselhos/documento/?documento=1960&desc=FUNDEB_8-_RO_29-08-2025
CACS_FUNDEB	33	Atas de Reuniões	2102	FUNDEB_9-_RO_30-09-2025	https://serv42.limeira.sp.gov.br/netConselhos/listaDocumentos/?conselho=33	https://serv42.limeira.sp.gov.br/netConselhos/documento/?documento=2102&desc=FUNDEB_9-_RO_30-09-2025
CACS_FUNDEB	33	Atas de Reuniões	2103	FUNDEB_3-_RE_13-10-2025	https://serv42.limeira.sp.gov.br/netConselhos/listaDocumentos/?conselho=33	https://serv42.limeira.sp.gov.br/netConselhos/documento/?documento=2103&desc=FUNDEB_3-_RE_13-10-2025
CACS_FUNDEB	33	Atas de Reuniões	2104	FUNDEB_10-_RO_30-10-2025	https://serv42.limeira.sp.gov.br/netConselhos/listaDocumentos/?conselho=33	https://serv42.limeira.sp.gov.br/netConselhos/documento/?documento=2104&desc=FUNDEB_10-_RO_30-10-2025
CACS_FUNDEB	33	Atas de Reuniões	2105	FUNDEB_4-_RE_12-11-2025	https://serv42.limeira.sp.gov.br/netConselhos/listaDocumentos/?conselho=33	https://serv42.limeira.sp.gov.br/netConselhos/documento/?documento=2105&desc=FUNDEB_4-_RE_12-11-2025
CACS_FUNDEB	33	Atas de Reuniões	2106	FUNDEB_11-_RO_28-11-2025	https://serv42.limeira.sp.gov.br/netConselhos/listaDocumentos/?conselho=33	https://serv42.limeira.sp.gov.br/netConselhos/documento/?documento=2106&desc=FUNDEB_11-_RO_28-11-2025
CACS_FUNDEB	33	Atas de Reuniões	2107	FUNDEB_5-_RE_03-12-2025	https://serv42.limeira.sp.gov.br/netConselhos/listaDocumentos/?conselho=33	https://serv42.limeira.sp.gov.br/netConselhos/documento/?documento=2107&desc=FUNDEB_5-_RE_03-12-2025
CACS_FUNDEB	33	Atas de Reuniões	2111	FUNDEB_12-_RO_18-12-2025	https://serv42.limeira.sp.gov.br/netConselhos/listaDocumentos/?conselho=33	https://serv42.limeira.sp.gov.br/netConselhos/documento/?documento=2111&desc=FUNDEB_12-_RO_18-12-2025
CACS_FUNDEB	33	Atas de Reuniões	2299	FUNDEB_1-_RO_30-01-2026	https://serv42.limeira.sp.gov.br/netConselhos/listaDocumentos/?conselho=33	https://serv42.limeira.sp.gov.br/netConselhos/documento/?documento=2299&desc=FUNDEB_1-_RO_30-01-2026
CACS_FUNDEB	33	Atas de Reuniões	2300	FUNDEB_1-_RE_12-02-2026	https://serv42.limeira.sp.gov.br/netConselhos/listaDocumentos/?conselho=33	https://serv42.limeira.sp.gov.br/netConselhos/documento/?documento=2300&desc=FUNDEB_1-_RE_12-02-2026
CACS_FUNDEB	33	Atas de Reuniões	2565	FUNDEB_2-_RO_27-02-2026	https://serv42.limeira.sp.gov.br/netConselhos/listaDocumentos/?conselho=33	https://serv42.limeira.sp.gov.br/netConselhos/documento/?documento=2565&desc=FUNDEB_2-_RO_27-02-2026
CACS_FUNDEB	33	Atas de Reuniões	2566	FUNDEB_3-_RO_31-03-2026	https://serv42.limeira.sp.gov.br/netConselhos/listaDocumentos/?conselho=33	https://serv42.limeira.sp.gov.br/netConselhos/documento/?documento=2566&desc=FUNDEB_3-_RO_31-03-2026
CACS_FUNDEB	33	Atas de Reuniões	2587	FUNDEB_4-_RO_29-04-2026	https://serv42.limeira.sp.gov.br/netConselhos/listaDocumentos/?conselho=33	https://serv42.limeira.sp.gov.br/netConselhos/documento/?documento=2587&desc=FUNDEB_4-_RO_29-04-2026
CACS_FUNDEB	33	Atas de Reuniões	2646	FUNDEB_5-_RO_29-05-2026	https://serv42.limeira.sp.gov.br/netConselhos/listaDocumentos/?conselho=33	https://serv42.limeira.sp.gov.br/netConselhos/documento/?documento=2646&desc=FUNDEB_5-_RO_29-05-2026
CACS_FUNDEB	33	Atas de Reuniões	2647	FUNDEB_2-_RE_09-06-2026	https://serv42.limeira.sp.gov.br/netConselhos/listaDocumentos/?conselho=33	https://serv42.limeira.sp.gov.br/netConselhos/documento/?documento=2647&desc=FUNDEB_2-_RE_09-06-2026
CACS_FUNDEB	33	Atas de Reuniões	2648	FUNDEB_3-_RE_12-06-2026	https://serv42.limeira.sp.gov.br/netConselhos/listaDocumentos/?conselho=33	https://serv42.limeira.sp.gov.br/netConselhos/documento/?documento=2648&desc=FUNDEB_3-_RE_12-06-2026
CACS_FUNDEB	33	Atas de Reuniões	2756	FUNDEB_6-_RO_30-06-2026	https://serv42.limeira.sp.gov.br/netConselhos/listaDocumentos/?conselho=33	https://serv42.limeira.sp.gov.br/netConselhos/documento/?documento=2756&desc=FUNDEB_6-_RO_30-06-2026
CACS_FUNDEB	33	Atas de Reuniões	2757	FUNDEB_7-_RO_30-07-2026	https://serv42.limeira.sp.gov.br/netConselhos/listaDocumentos/?conselho=33	https://serv42.limeira.sp.gov.br/netConselhos/documento/?documento=2757&desc=FUNDEB_7-_RO_30-07-2026
CACS_FUNDEB	33	Atas de Reuniões	2758	FUNDEB_8-_RO_01-09-2026	https://serv42.limeira.sp.gov.br/netConselhos/listaDocumentos/?conselho=33	https://serv42.limeira.sp.gov.br/netConselhos/documento/?documento=2758&desc=FUNDEB_8-_RO_01-09-2026
CACS_FUNDEB	33	Contato	2575	CANAL_CONTATO_-_CACS-FUNDEB	https://serv42.limeira.sp.gov.br/netConselhos/listaDocumentos/?conselho=33	https://serv42.limeira.sp.gov.br/netConselhos/documento/?documento=2575&desc=CANAL_CONTATO_-_CACS-FUNDEB
CACS_FUNDEB	33	Outros	207	Regimento_Interno_do_CACS-FUNDEB	https://serv42.limeira.sp.gov.br/netConselhos/listaDocumentos/?conselho=33	https://serv42.limeira.sp.gov.br/netConselhos/documento/?documento=207&desc=Regimento_Interno_do_CACS-FUNDEB
CACS_FUNDEB	33	Outros	214	FOTO_DA_POSSE_CACS-FUNDEB_BIENIO_2018-2019	https://serv42.limeira.sp.gov.br/netConselhos/listaDocumentos/?conselho=33	https://serv42.limeira.sp.gov.br/netConselhos/documento/?documento=214&desc=FOTO_DA_POSSE_CACS-FUNDEB_BIENIO_2018-2019
CACS_FUNDEB	33	Outros	313	CALENDARIO_DE__REUNIOES_ORDINARIAS_CACS-FUNDEB_-2020	https://serv42.limeira.sp.gov.br/netConselhos/listaDocumentos/?conselho=33	https://serv42.limeira.sp.gov.br/netConselhos/documento/?documento=313&desc=CALENDARIO_DE__REUNIOES_ORDINARIAS_CACS-FUNDEB_-2020
CACS_FUNDEB	33	Outros	493	CALENDARIO_DE_REUNIOES_ORDINARIAS_CACS-FUNDEB_-2021	https://serv42.limeira.sp.gov.br/netConselhos/listaDocumentos/?conselho=33	https://serv42.limeira.sp.gov.br/netConselhos/documento/?documento=493&desc=CALENDARIO_DE_REUNIOES_ORDINARIAS_CACS-FUNDEB_-2021
CACS_FUNDEB	33	Outros	909	REGIMENTO_INTERNO_-_ATUALIZADO_EM_30.11.2021	https://serv42.limeira.sp.gov.br/netConselhos/listaDocumentos/?conselho=33	https://serv42.limeira.sp.gov.br/netConselhos/documento/?documento=909&desc=REGIMENTO_INTERNO_-_ATUALIZADO_EM_30.11.2021
CACS_FUNDEB	33	Outros	910	LEI_FEDERAL_N-_14.113-2020__-_LEI_DO_NOVO_FUNDEB	https://serv42.limeira.sp.gov.br/netConselhos/listaDocumentos/?conselho=33	https://serv42.limeira.sp.gov.br/netConselhos/documento/?documento=910&desc=LEI_FEDERAL_N-_14.113-2020__-_LEI_DO_NOVO_FUNDEB
CACS_FUNDEB	33	Outros	911	LEI_N-_14.276-2021_-_ATUALIZACAO_DA_LEI_DO_NOVO_FUNDEB	https://serv42.limeira.sp.gov.br/netConselhos/listaDocumentos/?conselho=33	https://serv42.limeira.sp.gov.br/netConselhos/documento/?documento=911&desc=LEI_N-_14.276-2021_-_ATUALIZACAO_DA_LEI_DO_NOVO_FUNDEB
CACS_FUNDEB	33	Outros	979	CRONOGRAMA__REUNIOES_ORDINARIAS_-_ATUALIZADO_EM_MARCO-2022	https://serv42.limeira.sp.gov.br/netConselhos/listaDocumentos/?conselho=33	https://serv42.limeira.sp.gov.br/netConselhos/documento/?documento=979&desc=CRONOGRAMA__REUNIOES_ORDINARIAS_-_ATUALIZADO_EM_MARCO-2022
CACS_FUNDEB	33	Outros	1006	PARECER_001-2021	https://serv42.limeira.sp.gov.br/netConselhos/listaDocumentos/?conselho=33	https://serv42.limeira.sp.gov.br/netConselhos/documento/?documento=1006&desc=PARECER_001-2021
CACS_FUNDEB	33	Outros	1007	PARECER_002-2021	https://serv42.limeira.sp.gov.br/netConselhos/listaDocumentos/?conselho=33	https://serv42.limeira.sp.gov.br/netConselhos/documento/?documento=1007&desc=PARECER_002-2021
CACS_FUNDEB	33	Outros	1008	PARECER_003-2021	https://serv42.limeira.sp.gov.br/netConselhos/listaDocumentos/?conselho=33	https://serv42.limeira.sp.gov.br/netConselhos/documento/?documento=1008&desc=PARECER_003-2021
CACS_FUNDEB	33	Outros	1009	PARECER_004-2021	https://serv42.limeira.sp.gov.br/netConselhos/listaDocumentos/?conselho=33	https://serv42.limeira.sp.gov.br/netConselhos/documento/?documento=1009&desc=PARECER_004-2021
CACS_FUNDEB	33	Outros	1010	PARECER_001-2022	https://serv42.limeira.sp.gov.br/netConselhos/listaDocumentos/?conselho=33	https://serv42.limeira.sp.gov.br/netConselhos/documento/?documento=1010&desc=PARECER_001-2022
CACS_FUNDEB	33	Outros	1185	PARECER_002-2022	https://serv42.limeira.sp.gov.br/netConselhos/listaDocumentos/?conselho=33	https://serv42.limeira.sp.gov.br/netConselhos/documento/?documento=1185&desc=PARECER_002-2022
CACS_FUNDEB	33	Outros	1186	PARECER_003-2022	https://serv42.limeira.sp.gov.br/netConselhos/listaDocumentos/?conselho=33	https://serv42.limeira.sp.gov.br/netConselhos/documento/?documento=1186&desc=PARECER_003-2022
CACS_FUNDEB	33	Outros	1475	CRONOGRAMA__REUNIOES_ORDINARIAS_2024_-_CACS-FUNDEB_	https://serv42.limeira.sp.gov.br/netConselhos/listaDocumentos/?conselho=33	https://serv42.limeira.sp.gov.br/netConselhos/documento/?documento=1475&desc=CRONOGRAMA__REUNIOES_ORDINARIAS_2024_-_CACS-FUNDEB_
CACS_FUNDEB	33	Outros	1476	PARECERES_TRIMESTRAIS_CACS-FUNDEB_2023	https://serv42.limeira.sp.gov.br/netConselhos/listaDocumentos/?conselho=33	https://serv42.limeira.sp.gov.br/netConselhos/documento/?documento=1476&desc=PARECERES_TRIMESTRAIS_CACS-FUNDEB_2023
CACS_FUNDEB	33	Outros	1477	NOVEMBRO_2023_-_DEMONSTRATIVO_MENSAL	https://serv42.limeira.sp.gov.br/netConselhos/listaDocumentos/?conselho=33	https://serv42.limeira.sp.gov.br/netConselhos/documento/?documento=1477&desc=NOVEMBRO_2023_-_DEMONSTRATIVO_MENSAL
CACS_FUNDEB	33	Outros	1478	DEZEMBRO_2023_-_DEMONSTRATIVO_MENSAL	https://serv42.limeira.sp.gov.br/netConselhos/listaDocumentos/?conselho=33	https://serv42.limeira.sp.gov.br/netConselhos/documento/?documento=1478&desc=DEZEMBRO_2023_-_DEMONSTRATIVO_MENSAL
CACS_FUNDEB	33	Outros	1479	DEMONSTRATIVO_ANUAL_CACS-FUNDEB_-_2023	https://serv42.limeira.sp.gov.br/netConselhos/listaDocumentos/?conselho=33	https://serv42.limeira.sp.gov.br/netConselhos/documento/?documento=1479&desc=DEMONSTRATIVO_ANUAL_CACS-FUNDEB_-_2023
CACS_FUNDEB	33	Outros	1480	DEZEMBRO_2023_-_RELATORIO_MENSAL_DE_QUANTIDADE_DE_CARGOS_PAGOS	https://serv42.limeira.sp.gov.br/netConselhos/listaDocumentos/?conselho=33	https://serv42.limeira.sp.gov.br/netConselhos/documento/?documento=1480&desc=DEZEMBRO_2023_-_RELATORIO_MENSAL_DE_QUANTIDADE_DE_CARGOS_PAGOS
CACS_FUNDEB	33	Outros	1481	DEZEMBRO_2023_-_RELATORIO_MENSAL_DE_VALORES_PAGOS_POR_CARGO	https://serv42.limeira.sp.gov.br/netConselhos/listaDocumentos/?conselho=33	https://serv42.limeira.sp.gov.br/netConselhos/documento/?documento=1481&desc=DEZEMBRO_2023_-_RELATORIO_MENSAL_DE_VALORES_PAGOS_POR_CARGO
CACS_FUNDEB	33	Outros	1521	JANEIRO_2024_-_DEMONSTRATIVO_MENSAL	https://serv42.limeira.sp.gov.br/netConselhos/listaDocumentos/?conselho=33	https://serv42.limeira.sp.gov.br/netConselhos/documento/?documento=1521&desc=JANEIRO_2024_-_DEMONSTRATIVO_MENSAL
CACS_FUNDEB	33	Outros	1522	FEVEREIRO_2024_-_DEMONSTRATIVO_MENSAL	https://serv42.limeira.sp.gov.br/netConselhos/listaDocumentos/?conselho=33	https://serv42.limeira.sp.gov.br/netConselhos/documento/?documento=1522&desc=FEVEREIRO_2024_-_DEMONSTRATIVO_MENSAL
CACS_FUNDEB	33	Outros	1523	MARCO_2024_-_DEMONSTRATIVO_MENSAL	https://serv42.limeira.sp.gov.br/netConselhos/listaDocumentos/?conselho=33	https://serv42.limeira.sp.gov.br/netConselhos/documento/?documento=1523&desc=MARCO_2024_-_DEMONSTRATIVO_MENSAL
CACS_FUNDEB	33	Outros	1524	ABRIL_2024_-_DEMONSTRATIVO_MENSAL	https://serv42.limeira.sp.gov.br/netConselhos/listaDocumentos/?conselho=33	https://serv42.limeira.sp.gov.br/netConselhos/documento/?documento=1524&desc=ABRIL_2024_-_DEMONSTRATIVO_MENSAL
CACS_FUNDEB	33	Outros	1525	DEMONSTRATIVO_ANUAL_FUNDEB-_ATE_ABRIL-2024	https://serv42.limeira.sp.gov.br/netConselhos/listaDocumentos/?conselho=33	https://serv42.limeira.sp.gov.br/netConselhos/documento/?documento=1525&desc=DEMONSTRATIVO_ANUAL_FUNDEB-_ATE_ABRIL-2024
CACS_FUNDEB	33	Outros	1602	MAIO_2024_-_DEMONSTRATIVO_MENSAL	https://serv42.limeira.sp.gov.br/netConselhos/listaDocumentos/?conselho=33	https://serv42.limeira.sp.gov.br/netConselhos/documento/?documento=1602&desc=MAIO_2024_-_DEMONSTRATIVO_MENSAL
CACS_FUNDEB	33	Outros	1603	RELATORIO_DE_QUANTIDADE_DE_CARGOS_PAGOS_-JANEIRO_A_MARCO	https://serv42.limeira.sp.gov.br/netConselhos/listaDocumentos/?conselho=33	https://serv42.limeira.sp.gov.br/netConselhos/documento/?documento=1603&desc=RELATORIO_DE_QUANTIDADE_DE_CARGOS_PAGOS_-JANEIRO_A_MARCO
CACS_FUNDEB	33	Outros	1604	RELATORIO_DE_VALORES_PAGOS_POR_CARGO_-_JANEIRO_A_MARCO	https://serv42.limeira.sp.gov.br/netConselhos/listaDocumentos/?conselho=33	https://serv42.limeira.sp.gov.br/netConselhos/documento/?documento=1604&desc=RELATORIO_DE_VALORES_PAGOS_POR_CARGO_-_JANEIRO_A_MARCO
CACS_FUNDEB	33	Outros	1613	PARECER_02-2024_-_2-_TRIMESTRE_2024	https://serv42.limeira.sp.gov.br/netConselhos/listaDocumentos/?conselho=33	https://serv42.limeira.sp.gov.br/netConselhos/documento/?documento=1613&desc=PARECER_02-2024_-_2-_TRIMESTRE_2024
CACS_FUNDEB	33	Outros	1682	Atas_do_-_CACS-Fundeb_-_de_2007_a_2023	https://serv42.limeira.sp.gov.br/netConselhos/listaDocumentos/?conselho=33	https://serv42.limeira.sp.gov.br/netConselhos/documento/?documento=1682&desc=Atas_do_-_CACS-Fundeb_-_de_2007_a_2023
CACS_FUNDEB	33	Outros	1726	Estudo_sobre_imoveis_adquiridos_pelo_Fundeb_de_2008_a_2010	https://serv42.limeira.sp.gov.br/netConselhos/listaDocumentos/?conselho=33	https://serv42.limeira.sp.gov.br/netConselhos/documento/?documento=1726&desc=Estudo_sobre_imoveis_adquiridos_pelo_Fundeb_de_2008_a_2010
CACS_FUNDEB	33	Outros	1908	Demonstrativo_fundeb_11-2024	https://serv42.limeira.sp.gov.br/netConselhos/listaDocumentos/?conselho=33	https://serv42.limeira.sp.gov.br/netConselhos/documento/?documento=1908&desc=Demonstrativo_fundeb_11-2024
CACS_FUNDEB	33	Outros	1909	demonstrativo_fundeb_12-2024	https://serv42.limeira.sp.gov.br/netConselhos/listaDocumentos/?conselho=33	https://serv42.limeira.sp.gov.br/netConselhos/documento/?documento=1909&desc=demonstrativo_fundeb_12-2024
CACS_FUNDEB	33	Outros	1910	Demonstrativo_fundeb_anual_2024	https://serv42.limeira.sp.gov.br/netConselhos/listaDocumentos/?conselho=33	https://serv42.limeira.sp.gov.br/netConselhos/documento/?documento=1910&desc=Demonstrativo_fundeb_anual_2024
CACS_FUNDEB	33	Outros	2438	QUANTIDADE_DE_CARGOS_PAGOS_COM_FUNDEB_-_MAIO-2024	https://serv42.limeira.sp.gov.br/netConselhos/listaDocumentos/?conselho=33	https://serv42.limeira.sp.gov.br/netConselhos/documento/?documento=2438&desc=QUANTIDADE_DE_CARGOS_PAGOS_COM_FUNDEB_-_MAIO-2024
CACS_FUNDEB	33	Outros	2439	PARECER_CONCLUSIVO_JULHO,_AGOSTO_E_SETEMBRO_-_2024	https://serv42.limeira.sp.gov.br/netConselhos/listaDocumentos/?conselho=33	https://serv42.limeira.sp.gov.br/netConselhos/documento/?documento=2439&desc=PARECER_CONCLUSIVO_JULHO,_AGOSTO_E_SETEMBRO_-_2024
CACS_FUNDEB	33	Outros	2440	PARECER_CONCLUSIVO_OUTUBRO,_NOVEMBRO,_DEZEMBRO_E_13-_SALARIO_-_2024	https://serv42.limeira.sp.gov.br/netConselhos/listaDocumentos/?conselho=33	https://serv42.limeira.sp.gov.br/netConselhos/documento/?documento=2440&desc=PARECER_CONCLUSIVO_OUTUBRO,_NOVEMBRO,_DEZEMBRO_E_13-_SALARIO_-_2024
CACS_FUNDEB	33	Outros	2441	demonstrativo_fundeb_01-2025	https://serv42.limeira.sp.gov.br/netConselhos/listaDocumentos/?conselho=33	https://serv42.limeira.sp.gov.br/netConselhos/documento/?documento=2441&desc=demonstrativo_fundeb_01-2025
CACS_FUNDEB	33	Outros	2442	demonstrativo_fundeb_02-2025	https://serv42.limeira.sp.gov.br/netConselhos/listaDocumentos/?conselho=33	https://serv42.limeira.sp.gov.br/netConselhos/documento/?documento=2442&desc=demonstrativo_fundeb_02-2025
CACS_FUNDEB	33	Outros	2443	Demonstrativo_SIOPE-MAVS_-_1-_BIMESTRE_2025	https://serv42.limeira.sp.gov.br/netConselhos/listaDocumentos/?conselho=33	https://serv42.limeira.sp.gov.br/netConselhos/documento/?documento=2443&desc=Demonstrativo_SIOPE-MAVS_-_1-_BIMESTRE_2025
CACS_FUNDEB	33	Outros	2444	demonstrativo_fundeb_03-2025	https://serv42.limeira.sp.gov.br/netConselhos/listaDocumentos/?conselho=33	https://serv42.limeira.sp.gov.br/netConselhos/documento/?documento=2444&desc=demonstrativo_fundeb_03-2025
CACS_FUNDEB	33	Outros	2445	PARECER_CONCLUSIVO_JANEIRO,_FEVEREIRO_E_MARCO_-_2025	https://serv42.limeira.sp.gov.br/netConselhos/listaDocumentos/?conselho=33	https://serv42.limeira.sp.gov.br/netConselhos/documento/?documento=2445&desc=PARECER_CONCLUSIVO_JANEIRO,_FEVEREIRO_E_MARCO_-_2025
CACS_FUNDEB	33	Outros	2446	QUANTIDADE_DE_CARGOS_PAGOS_COM_FUNDEB_-_MARCO-2025	https://serv42.limeira.sp.gov.br/netConselhos/listaDocumentos/?conselho=33	https://serv42.limeira.sp.gov.br/netConselhos/documento/?documento=2446&desc=QUANTIDADE_DE_CARGOS_PAGOS_COM_FUNDEB_-_MARCO-2025
CACS_FUNDEB	33	Outros	2447	demonstrativo_fundeb_04-2025	https://serv42.limeira.sp.gov.br/netConselhos/listaDocumentos/?conselho=33	https://serv42.limeira.sp.gov.br/netConselhos/documento/?documento=2447&desc=demonstrativo_fundeb_04-2025
CACS_FUNDEB	33	Outros	2448	Demonstrativo_SIOPE-MAVS_-__2-_BIMESTRE_2025	https://serv42.limeira.sp.gov.br/netConselhos/listaDocumentos/?conselho=33	https://serv42.limeira.sp.gov.br/netConselhos/documento/?documento=2448&desc=Demonstrativo_SIOPE-MAVS_-__2-_BIMESTRE_2025
CACS_FUNDEB	33	Outros	2449	QUANTIDADE_DE_CARGOS_PAGOS_COM_FUNDEB_-_ABRIL-2025	https://serv42.limeira.sp.gov.br/netConselhos/listaDocumentos/?conselho=33	https://serv42.limeira.sp.gov.br/netConselhos/documento/?documento=2449&desc=QUANTIDADE_DE_CARGOS_PAGOS_COM_FUNDEB_-_ABRIL-2025
CACS_FUNDEB	33	Outros	2450	demonstrativo_fundeb_05-2025	https://serv42.limeira.sp.gov.br/netConselhos/listaDocumentos/?conselho=33	https://serv42.limeira.sp.gov.br/netConselhos/documento/?documento=2450&desc=demonstrativo_fundeb_05-2025
CACS_FUNDEB	33	Outros	2451	demonstrativo_fundeb_06-2025	https://serv42.limeira.sp.gov.br/netConselhos/listaDocumentos/?conselho=33	https://serv42.limeira.sp.gov.br/netConselhos/documento/?documento=2451&desc=demonstrativo_fundeb_06-2025
CACS_FUNDEB	33	Outros	2452	Demonstrativo_SIOPE-MAVS_-_3-_BIMESTRE_2025	https://serv42.limeira.sp.gov.br/netConselhos/listaDocumentos/?conselho=33	https://serv42.limeira.sp.gov.br/netConselhos/documento/?documento=2452&desc=Demonstrativo_SIOPE-MAVS_-_3-_BIMESTRE_2025
CACS_FUNDEB	33	Outros	2453	PARECER_CONCLUSIVO_ABRIL,_MAIO_E_JUNHO_-_2025	https://serv42.limeira.sp.gov.br/netConselhos/listaDocumentos/?conselho=33	https://serv42.limeira.sp.gov.br/netConselhos/documento/?documento=2453&desc=PARECER_CONCLUSIVO_ABRIL,_MAIO_E_JUNHO_-_2025
CACS_FUNDEB	33	Outros	2454	demonstrativo_fundeb_07-2025	https://serv42.limeira.sp.gov.br/netConselhos/listaDocumentos/?conselho=33	https://serv42.limeira.sp.gov.br/netConselhos/documento/?documento=2454&desc=demonstrativo_fundeb_07-2025
CACS_FUNDEB	33	Outros	2455	QUANTIDADE_DE_CARGOS_PAGOS_COM_FUNDEB_-_JULHO-2025	https://serv42.limeira.sp.gov.br/netConselhos/listaDocumentos/?conselho=33	https://serv42.limeira.sp.gov.br/netConselhos/documento/?documento=2455&desc=QUANTIDADE_DE_CARGOS_PAGOS_COM_FUNDEB_-_JULHO-2025
CACS_FUNDEB	33	Outros	2456	demonstrativo_fundeb_08-2025	https://serv42.limeira.sp.gov.br/netConselhos/listaDocumentos/?conselho=33	https://serv42.limeira.sp.gov.br/netConselhos/documento/?documento=2456&desc=demonstrativo_fundeb_08-2025
CACS_FUNDEB	33	Outros	2457	Demonstrativo_SIOPE-MAVS_-_4-_BIMESTRE_2025	https://serv42.limeira.sp.gov.br/netConselhos/listaDocumentos/?conselho=33	https://serv42.limeira.sp.gov.br/netConselhos/documento/?documento=2457&desc=Demonstrativo_SIOPE-MAVS_-_4-_BIMESTRE_2025
CACS_FUNDEB	33	Outros	2458	QUANTIDADE_DE_CARGOS_PAGOS_COM_FUNDEB_-_AGOSTO-2025	https://serv42.limeira.sp.gov.br/netConselhos/listaDocumentos/?conselho=33	https://serv42.limeira.sp.gov.br/netConselhos/documento/?documento=2458&desc=QUANTIDADE_DE_CARGOS_PAGOS_COM_FUNDEB_-_AGOSTO-2025
CACS_FUNDEB	33	Outros	2459	demonstrativo_fundeb_09-2025	https://serv42.limeira.sp.gov.br/netConselhos/listaDocumentos/?conselho=33	https://serv42.limeira.sp.gov.br/netConselhos/documento/?documento=2459&desc=demonstrativo_fundeb_09-2025
CACS_FUNDEB	33	Outros	2460	PARECER_CONCLUSIVO_-_JULHO,_AGOSTO_E_SETEMBRO_-_2025	https://serv42.limeira.sp.gov.br/netConselhos/listaDocumentos/?conselho=33	https://serv42.limeira.sp.gov.br/netConselhos/documento/?documento=2460&desc=PARECER_CONCLUSIVO_-_JULHO,_AGOSTO_E_SETEMBRO_-_2025
CACS_FUNDEB	33	Outros	2461	demonstrativo_fundeb_10-2025	https://serv42.limeira.sp.gov.br/netConselhos/listaDocumentos/?conselho=33	https://serv42.limeira.sp.gov.br/netConselhos/documento/?documento=2461&desc=demonstrativo_fundeb_10-2025
CACS_FUNDEB	33	Outros	2462	Demonstrativo_SIOPE-MAVS_-_5-_BIMESTRE_2025	https://serv42.limeira.sp.gov.br/netConselhos/listaDocumentos/?conselho=33	https://serv42.limeira.sp.gov.br/netConselhos/documento/?documento=2462&desc=Demonstrativo_SIOPE-MAVS_-_5-_BIMESTRE_2025
CACS_FUNDEB	33	Outros	2463	demonstrativo_fundeb_11-2025	https://serv42.limeira.sp.gov.br/netConselhos/listaDocumentos/?conselho=33	https://serv42.limeira.sp.gov.br/netConselhos/documento/?documento=2463&desc=demonstrativo_fundeb_11-2025
CACS_FUNDEB	33	Outros	2464	demonstrativo_fundeb_12-2025	https://serv42.limeira.sp.gov.br/netConselhos/listaDocumentos/?conselho=33	https://serv42.limeira.sp.gov.br/netConselhos/documento/?documento=2464&desc=demonstrativo_fundeb_12-2025
CACS_FUNDEB	33	Outros	2465	Demonstrativo_SIOPE-MAVS_-_6-_BIMESTRE_2025	https://serv42.limeira.sp.gov.br/netConselhos/listaDocumentos/?conselho=33	https://serv42.limeira.sp.gov.br/netConselhos/documento/?documento=2465&desc=Demonstrativo_SIOPE-MAVS_-_6-_BIMESTRE_2025
CACS_FUNDEB	33	Outros	2466	PARECER_CONCLUSIVO_OUTUBRO,_NOVEMBRO_E_DEZEMBRO_2025	https://serv42.limeira.sp.gov.br/netConselhos/listaDocumentos/?conselho=33	https://serv42.limeira.sp.gov.br/netConselhos/documento/?documento=2466&desc=PARECER_CONCLUSIVO_OUTUBRO,_NOVEMBRO_E_DEZEMBRO_2025
CACS_FUNDEB	33	Outros	2467	DEMONSTRATIV0_DEZEMBRO_2025_-_ANUAL	https://serv42.limeira.sp.gov.br/netConselhos/listaDocumentos/?conselho=33	https://serv42.limeira.sp.gov.br/netConselhos/documento/?documento=2467&desc=DEMONSTRATIV0_DEZEMBRO_2025_-_ANUAL
CACS_FUNDEB	33	Outros	2468	demonstrativo_fundeb_01-2026	https://serv42.limeira.sp.gov.br/netConselhos/listaDocumentos/?conselho=33	https://serv42.limeira.sp.gov.br/netConselhos/documento/?documento=2468&desc=demonstrativo_fundeb_01-2026
CACS_FUNDEB	33	Outros	2469	demonstrativo_fundeb_02-2026	https://serv42.limeira.sp.gov.br/netConselhos/listaDocumentos/?conselho=33	https://serv42.limeira.sp.gov.br/netConselhos/documento/?documento=2469&desc=demonstrativo_fundeb_02-2026
CACS_FUNDEB	33	Outros	2470	Demonstrativo_SIOPE-MAVS_-_1-_BIMESTRE_2026	https://serv42.limeira.sp.gov.br/netConselhos/listaDocumentos/?conselho=33	https://serv42.limeira.sp.gov.br/netConselhos/documento/?documento=2470&desc=Demonstrativo_SIOPE-MAVS_-_1-_BIMESTRE_2026
CACS_FUNDEB	33	Outros	2518	cronograma_de_reunioes_2026	https://serv42.limeira.sp.gov.br/netConselhos/listaDocumentos/?conselho=33	https://serv42.limeira.sp.gov.br/netConselhos/documento/?documento=2518&desc=cronograma_de_reunioes_2026
CACS_FUNDEB	33	Outros	2563	demonstrativo_Fundeb_03-2026	https://serv42.limeira.sp.gov.br/netConselhos/listaDocumentos/?conselho=33	https://serv42.limeira.sp.gov.br/netConselhos/documento/?documento=2563&desc=demonstrativo_Fundeb_03-2026
CACS_FUNDEB	33	Outros	2585	Demonstrativo_Fundeb_04-2026	https://serv42.limeira.sp.gov.br/netConselhos/listaDocumentos/?conselho=33	https://serv42.limeira.sp.gov.br/netConselhos/documento/?documento=2585&desc=Demonstrativo_Fundeb_04-2026
CACS_FUNDEB	33	Outros	2586	PARECER_CONCLUSIVO_-_JANEIRO,_FEVEREIRO_E_MARCO_-_2026	https://serv42.limeira.sp.gov.br/netConselhos/listaDocumentos/?conselho=33	https://serv42.limeira.sp.gov.br/netConselhos/documento/?documento=2586&desc=PARECER_CONCLUSIVO_-_JANEIRO,_FEVEREIRO_E_MARCO_-_2026
CACS_FUNDEB	33	Outros	2645	Demonstrativo_Fundeb_05-2026	https://serv42.limeira.sp.gov.br/netConselhos/listaDocumentos/?conselho=33	https://serv42.limeira.sp.gov.br/netConselhos/documento/?documento=2645&desc=Demonstrativo_Fundeb_05-2026
CACS_FUNDEB	33	Outros	2686	Demonstrativo_Fundeb_06-2026	https://serv42.limeira.sp.gov.br/netConselhos/listaDocumentos/?conselho=33	https://serv42.limeira.sp.gov.br/netConselhos/documento/?documento=2686&desc=Demonstrativo_Fundeb_06-2026
CACS_FUNDEB	33	Outros	2687	Demonstrativo_Fundeb_-_Acumulado_do_1-_semestre_-_2026	https://serv42.limeira.sp.gov.br/netConselhos/listaDocumentos/?conselho=33	https://serv42.limeira.sp.gov.br/netConselhos/documento/?documento=2687&desc=Demonstrativo_Fundeb_-_Acumulado_do_1-_semestre_-_2026
CACS_FUNDEB	33	Outros	2755	PARECER_CONCLUSIVO_-_ABRIL,_MAIO_E_JUNHO_-_2026	https://serv42.limeira.sp.gov.br/netConselhos/listaDocumentos/?conselho=33	https://serv42.limeira.sp.gov.br/netConselhos/documento/?documento=2755&desc=PARECER_CONCLUSIVO_-_ABRIL,_MAIO_E_JUNHO_-_2026
CAE	32	Leis	210	Lei_Municipal_n-_6089-18_-_Dispoe_sobre_a_organizacao_do_Sistema_Municipal_de_Ensino	https://serv42.limeira.sp.gov.br/netConselhos/listaDocumentos/?conselho=32	https://serv42.limeira.sp.gov.br/netConselhos/documento/?documento=210&desc=Lei_Municipal_n-_6089-18_-_Dispoe_sobre_a_organizacao_do_Sistema_Municipal_de_Ensino
CAE	32	Decretos	260	DECRETO_N-_414-2018_-_NOMEACAO_DO_QUADRIENIO2019-2022	https://serv42.limeira.sp.gov.br/netConselhos/listaDocumentos/?conselho=32	https://serv42.limeira.sp.gov.br/netConselhos/documento/?documento=260&desc=DECRETO_N-_414-2018_-_NOMEACAO_DO_QUADRIENIO2019-2022
CAE	32	Decretos	1192	Decreto_de_Nomeacao_do_Quadrienio_2023-2026_-_n-_473-2022	https://serv42.limeira.sp.gov.br/netConselhos/listaDocumentos/?conselho=32	https://serv42.limeira.sp.gov.br/netConselhos/documento/?documento=1192&desc=Decreto_de_Nomeacao_do_Quadrienio_2023-2026_-_n-_473-2022
CAE	32	Decretos	2325	Decreto_n-_322-2025_-_Substituicao_de_representante_do_Poder_Executivo	https://serv42.limeira.sp.gov.br/netConselhos/listaDocumentos/?conselho=32	https://serv42.limeira.sp.gov.br/netConselhos/documento/?documento=2325&desc=Decreto_n-_322-2025_-_Substituicao_de_representante_do_Poder_Executivo
CAE	32	Pautas	157	Pauta_1-_reuniao_ordinaria_-_25-01-2019	https://serv42.limeira.sp.gov.br/netConselhos/listaDocumentos/?conselho=32	https://serv42.limeira.sp.gov.br/netConselhos/documento/?documento=157&desc=Pauta_1-_reuniao_ordinaria_-_25-01-2019
CAE	32	Pautas	158	Pauta_2-_reuniao_ordinaria_-_20-02-2019	https://serv42.limeira.sp.gov.br/netConselhos/listaDocumentos/?conselho=32	https://serv42.limeira.sp.gov.br/netConselhos/documento/?documento=158&desc=Pauta_2-_reuniao_ordinaria_-_20-02-2019
CAE	32	Pautas	159	Pauta_3-_reuniao_ordinaria_-_14-03-2019	https://serv42.limeira.sp.gov.br/netConselhos/listaDocumentos/?conselho=32	https://serv42.limeira.sp.gov.br/netConselhos/documento/?documento=159&desc=Pauta_3-_reuniao_ordinaria_-_14-03-2019
CAE	32	Pautas	160	Pauta_4-_reuniao_ordinaria_-_11-04-2019	https://serv42.limeira.sp.gov.br/netConselhos/listaDocumentos/?conselho=32	https://serv42.limeira.sp.gov.br/netConselhos/documento/?documento=160&desc=Pauta_4-_reuniao_ordinaria_-_11-04-2019
CAE	32	Pautas	161	Pauta_5-_reuniao_ordinaria_-_09-05-2019	https://serv42.limeira.sp.gov.br/netConselhos/listaDocumentos/?conselho=32	https://serv42.limeira.sp.gov.br/netConselhos/documento/?documento=161&desc=Pauta_5-_reuniao_ordinaria_-_09-05-2019
CAE	32	Pautas	162	Pauta_6-_reuniao_ordinaria_-12-06-2019	https://serv42.limeira.sp.gov.br/netConselhos/listaDocumentos/?conselho=32	https://serv42.limeira.sp.gov.br/netConselhos/documento/?documento=162&desc=Pauta_6-_reuniao_ordinaria_-12-06-2019
CAE	32	Pautas	163	Pauta_7-_reuniao_ordinaria_-_04-07-2019	https://serv42.limeira.sp.gov.br/netConselhos/listaDocumentos/?conselho=32	https://serv42.limeira.sp.gov.br/netConselhos/documento/?documento=163&desc=Pauta_7-_reuniao_ordinaria_-_04-07-2019
CAE	32	Pautas	164	Pauta_8-_reuniao_ordinaria_-_08-08-2019	https://serv42.limeira.sp.gov.br/netConselhos/listaDocumentos/?conselho=32	https://serv42.limeira.sp.gov.br/netConselhos/documento/?documento=164&desc=Pauta_8-_reuniao_ordinaria_-_08-08-2019
CAE	32	Pautas	165	Pauta_9-_reuniao_ordinaria_-_05-09-2019	https://serv42.limeira.sp.gov.br/netConselhos/listaDocumentos/?conselho=32	https://serv42.limeira.sp.gov.br/netConselhos/documento/?documento=165&desc=Pauta_9-_reuniao_ordinaria_-_05-09-2019
CAE	32	Pautas	166	Pauta_10-_reuniao_ordinaria_-_09-10-2019	https://serv42.limeira.sp.gov.br/netConselhos/listaDocumentos/?conselho=32	https://serv42.limeira.sp.gov.br/netConselhos/documento/?documento=166&desc=Pauta_10-_reuniao_ordinaria_-_09-10-2019
CAE	32	Pautas	167	Pauta_11-_reuniao_ordinaria_-_13-11-2019	https://serv42.limeira.sp.gov.br/netConselhos/listaDocumentos/?conselho=32	https://serv42.limeira.sp.gov.br/netConselhos/documento/?documento=167&desc=Pauta_11-_reuniao_ordinaria_-_13-11-2019
CAE	32	Pautas	168	Pauta_12-_reuniao_ordinaria_-_12-12-2019	https://serv42.limeira.sp.gov.br/netConselhos/listaDocumentos/?conselho=32	https://serv42.limeira.sp.gov.br/netConselhos/documento/?documento=168&desc=Pauta_12-_reuniao_ordinaria_-_12-12-2019
CAE	32	Pautas	169	Pauta_1-_reuniao_extraordinaria_-_20.05.2019	https://serv42.limeira.sp.gov.br/netConselhos/listaDocumentos/?conselho=32	https://serv42.limeira.sp.gov.br/netConselhos/documento/?documento=169&desc=Pauta_1-_reuniao_extraordinaria_-_20.05.2019
CAE	32	Pautas	268	Pauta_2-_reuniao_ordinaria_-_18-02-20	https://serv42.limeira.sp.gov.br/netConselhos/listaDocumentos/?conselho=32	https://serv42.limeira.sp.gov.br/netConselhos/documento/?documento=268&desc=Pauta_2-_reuniao_ordinaria_-_18-02-20
CAE	32	Pautas	342	Pauta_3-_reuniao_ordinaria_-_10-03-2020	https://serv42.limeira.sp.gov.br/netConselhos/listaDocumentos/?conselho=32	https://serv42.limeira.sp.gov.br/netConselhos/documento/?documento=342&desc=Pauta_3-_reuniao_ordinaria_-_10-03-2020
CAE	32	Pautas	344	Pauta_1-_reuniao_extraordinaria_-_14-07-2020	https://serv42.limeira.sp.gov.br/netConselhos/listaDocumentos/?conselho=32	https://serv42.limeira.sp.gov.br/netConselhos/documento/?documento=344&desc=Pauta_1-_reuniao_extraordinaria_-_14-07-2020
CAE	32	Pautas	437	Pauta_2-_reuniao_extraordinaria_-_12-08-2020	https://serv42.limeira.sp.gov.br/netConselhos/listaDocumentos/?conselho=32	https://serv42.limeira.sp.gov.br/netConselhos/documento/?documento=437&desc=Pauta_2-_reuniao_extraordinaria_-_12-08-2020
CAE	32	Pautas	438	Pauta_3-_reuniao_extraordinaria_-_07-10-2020	https://serv42.limeira.sp.gov.br/netConselhos/listaDocumentos/?conselho=32	https://serv42.limeira.sp.gov.br/netConselhos/documento/?documento=438&desc=Pauta_3-_reuniao_extraordinaria_-_07-10-2020
CAE	32	Pautas	445	Pauta_4-_reuniao_extraordinaria_-_16-11-2020	https://serv42.limeira.sp.gov.br/netConselhos/listaDocumentos/?conselho=32	https://serv42.limeira.sp.gov.br/netConselhos/documento/?documento=445&desc=Pauta_4-_reuniao_extraordinaria_-_16-11-2020
CAE	32	Pautas	446	Pauta_5-_reuniao_extraordinaria_-_08-12-2020	https://serv42.limeira.sp.gov.br/netConselhos/listaDocumentos/?conselho=32	https://serv42.limeira.sp.gov.br/netConselhos/documento/?documento=446&desc=Pauta_5-_reuniao_extraordinaria_-_08-12-2020
CAE	32	Pautas	478	Pauta_1-_reuniao_extraordinaria_-_26-01-2021	https://serv42.limeira.sp.gov.br/netConselhos/listaDocumentos/?conselho=32	https://serv42.limeira.sp.gov.br/netConselhos/documento/?documento=478&desc=Pauta_1-_reuniao_extraordinaria_-_26-01-2021
CAE	32	Pautas	512	Pauta_2-_reuniao_extraordinaria_-_25-02-2021	https://serv42.limeira.sp.gov.br/netConselhos/listaDocumentos/?conselho=32	https://serv42.limeira.sp.gov.br/netConselhos/documento/?documento=512&desc=Pauta_2-_reuniao_extraordinaria_-_25-02-2021
CAE	32	Pautas	513	Pauta_3-_reuniao_extraordinaria_-_31-03-2021	https://serv42.limeira.sp.gov.br/netConselhos/listaDocumentos/?conselho=32	https://serv42.limeira.sp.gov.br/netConselhos/documento/?documento=513&desc=Pauta_3-_reuniao_extraordinaria_-_31-03-2021
CAE	32	Pautas	520	PAUTA_2-_REUNIAO_ORDINARIA_-_07-04-2021	https://serv42.limeira.sp.gov.br/netConselhos/listaDocumentos/?conselho=32	https://serv42.limeira.sp.gov.br/netConselhos/documento/?documento=520&desc=PAUTA_2-_REUNIAO_ORDINARIA_-_07-04-2021
CAE	32	Pautas	593	Pauta_3-_reuniao_ordinaria_-_11-05-2021	https://serv42.limeira.sp.gov.br/netConselhos/listaDocumentos/?conselho=32	https://serv42.limeira.sp.gov.br/netConselhos/documento/?documento=593&desc=Pauta_3-_reuniao_ordinaria_-_11-05-2021
CAE	32	Pautas	594	Pauta_da_4-_Reuniao_Extraordinaria_27-05-2021	https://serv42.limeira.sp.gov.br/netConselhos/listaDocumentos/?conselho=32	https://serv42.limeira.sp.gov.br/netConselhos/documento/?documento=594&desc=Pauta_da_4-_Reuniao_Extraordinaria_27-05-2021
CAE	32	Pautas	595	Pauta_da_4-_Reuniao_Ordinaria_07-07-2021	https://serv42.limeira.sp.gov.br/netConselhos/listaDocumentos/?conselho=32	https://serv42.limeira.sp.gov.br/netConselhos/documento/?documento=595&desc=Pauta_da_4-_Reuniao_Ordinaria_07-07-2021
CAE	32	Pautas	866	Pauta_da_5-_Reuniao_Ordinaria_-_10-08-2021	https://serv42.limeira.sp.gov.br/netConselhos/listaDocumentos/?conselho=32	https://serv42.limeira.sp.gov.br/netConselhos/documento/?documento=866&desc=Pauta_da_5-_Reuniao_Ordinaria_-_10-08-2021
CAE	32	Pautas	867	Pauta_da_6-_Reuniao_Ordinaria_-_14-09-2021	https://serv42.limeira.sp.gov.br/netConselhos/listaDocumentos/?conselho=32	https://serv42.limeira.sp.gov.br/netConselhos/documento/?documento=867&desc=Pauta_da_6-_Reuniao_Ordinaria_-_14-09-2021
CAE	32	Pautas	868	Pauta_da_7-_Reuniao_Ordinaria_-_05-10-2021	https://serv42.limeira.sp.gov.br/netConselhos/listaDocumentos/?conselho=32	https://serv42.limeira.sp.gov.br/netConselhos/documento/?documento=868&desc=Pauta_da_7-_Reuniao_Ordinaria_-_05-10-2021
CAE	32	Pautas	869	Pauta_da_8-_Reuniao_Ordinaria_-_09-11-2021	https://serv42.limeira.sp.gov.br/netConselhos/listaDocumentos/?conselho=32	https://serv42.limeira.sp.gov.br/netConselhos/documento/?documento=869&desc=Pauta_da_8-_Reuniao_Ordinaria_-_09-11-2021
CAE	32	Pautas	972	Pauta_9-_reuniao_ordinaria_-_08-12-2021	https://serv42.limeira.sp.gov.br/netConselhos/listaDocumentos/?conselho=32	https://serv42.limeira.sp.gov.br/netConselhos/documento/?documento=972&desc=Pauta_9-_reuniao_ordinaria_-_08-12-2021
CAE	32	Pautas	973	Pauta_1-_reuniao_ordinaria_-_22-02-2022	https://serv42.limeira.sp.gov.br/netConselhos/listaDocumentos/?conselho=32	https://serv42.limeira.sp.gov.br/netConselhos/documento/?documento=973&desc=Pauta_1-_reuniao_ordinaria_-_22-02-2022
CAE	32	Pautas	1088	Pauta_da_2-_Reuniao_Ordinaria_-_08-03-2022	https://serv42.limeira.sp.gov.br/netConselhos/listaDocumentos/?conselho=32	https://serv42.limeira.sp.gov.br/netConselhos/documento/?documento=1088&desc=Pauta_da_2-_Reuniao_Ordinaria_-_08-03-2022
CAE	32	Pautas	1089	Pauta_da_3-_Reuniao_Ordinaria_05-04-2022	https://serv42.limeira.sp.gov.br/netConselhos/listaDocumentos/?conselho=32	https://serv42.limeira.sp.gov.br/netConselhos/documento/?documento=1089&desc=Pauta_da_3-_Reuniao_Ordinaria_05-04-2022
CAE	32	Pautas	1090	Pauta_da_4-_Reuniao_Ordinaria_10-05-2022	https://serv42.limeira.sp.gov.br/netConselhos/listaDocumentos/?conselho=32	https://serv42.limeira.sp.gov.br/netConselhos/documento/?documento=1090&desc=Pauta_da_4-_Reuniao_Ordinaria_10-05-2022
CAE	32	Pautas	1091	Pauta_da_5-_Reuniao_Ordinaria_30-05-2022	https://serv42.limeira.sp.gov.br/netConselhos/listaDocumentos/?conselho=32	https://serv42.limeira.sp.gov.br/netConselhos/documento/?documento=1091&desc=Pauta_da_5-_Reuniao_Ordinaria_30-05-2022
CAE	32	Pautas	1092	Pauta_da_6-_Reuniao_Ordinaria_04-07-2022	https://serv42.limeira.sp.gov.br/netConselhos/listaDocumentos/?conselho=32	https://serv42.limeira.sp.gov.br/netConselhos/documento/?documento=1092&desc=Pauta_da_6-_Reuniao_Ordinaria_04-07-2022
CAE	32	Pautas	1093	Pauta_da_7-_Reuniao_Ordinaria_24-08-2022	https://serv42.limeira.sp.gov.br/netConselhos/listaDocumentos/?conselho=32	https://serv42.limeira.sp.gov.br/netConselhos/documento/?documento=1093&desc=Pauta_da_7-_Reuniao_Ordinaria_24-08-2022
CAE	32	Pautas	1136	Pauta_da_8-_Reuniao_Ordinaria_-_06-09-2022	https://serv42.limeira.sp.gov.br/netConselhos/listaDocumentos/?conselho=32	https://serv42.limeira.sp.gov.br/netConselhos/documento/?documento=1136&desc=Pauta_da_8-_Reuniao_Ordinaria_-_06-09-2022
CAE	32	Pautas	1137	Pauta_da_9-_Reuniao_Ordinaria_-_03-10-2022	https://serv42.limeira.sp.gov.br/netConselhos/listaDocumentos/?conselho=32	https://serv42.limeira.sp.gov.br/netConselhos/documento/?documento=1137&desc=Pauta_da_9-_Reuniao_Ordinaria_-_03-10-2022
CAE	32	Pautas	1138	Pauta_da_10-_Reuniao_Ordinaria_-_08-11-2022	https://serv42.limeira.sp.gov.br/netConselhos/listaDocumentos/?conselho=32	https://serv42.limeira.sp.gov.br/netConselhos/documento/?documento=1138&desc=Pauta_da_10-_Reuniao_Ordinaria_-_08-11-2022
CAE	32	Pautas	1139	Pauta_da_11-_Reuniao_Ordinaria_-_08-12-2022	https://serv42.limeira.sp.gov.br/netConselhos/listaDocumentos/?conselho=32	https://serv42.limeira.sp.gov.br/netConselhos/documento/?documento=1139&desc=Pauta_da_11-_Reuniao_Ordinaria_-_08-12-2022
CAE	32	Pautas	1191	Pauta_da_1-_reuniao_ordinaria_-_03-02-2023	https://serv42.limeira.sp.gov.br/netConselhos/listaDocumentos/?conselho=32	https://serv42.limeira.sp.gov.br/netConselhos/documento/?documento=1191&desc=Pauta_da_1-_reuniao_ordinaria_-_03-02-2023
CAE	32	Pautas	1266	Pauta_da_2-_reuniao_ordinaria_-_08-03-2023	https://serv42.limeira.sp.gov.br/netConselhos/listaDocumentos/?conselho=32	https://serv42.limeira.sp.gov.br/netConselhos/documento/?documento=1266&desc=Pauta_da_2-_reuniao_ordinaria_-_08-03-2023
CAE	32	Pautas	1267	Pauta_da_3-_reuniao_ordinaria_-_06-04-2023	https://serv42.limeira.sp.gov.br/netConselhos/listaDocumentos/?conselho=32	https://serv42.limeira.sp.gov.br/netConselhos/documento/?documento=1267&desc=Pauta_da_3-_reuniao_ordinaria_-_06-04-2023
CAE	32	Pautas	1268	Pauta_da_4-_reuniao_ordinaria_-_10-05-2023	https://serv42.limeira.sp.gov.br/netConselhos/listaDocumentos/?conselho=32	https://serv42.limeira.sp.gov.br/netConselhos/documento/?documento=1268&desc=Pauta_da_4-_reuniao_ordinaria_-_10-05-2023
CAE	32	Pautas	1269	Pauta_da_1-_reuniao_extraordinaria_-_25-05-2023	https://serv42.limeira.sp.gov.br/netConselhos/listaDocumentos/?conselho=32	https://serv42.limeira.sp.gov.br/netConselhos/documento/?documento=1269&desc=Pauta_da_1-_reuniao_extraordinaria_-_25-05-2023
CAE	32	Pautas	1325	Pauta_da_5-_reuniao_ordinaria_-_07-06-2023	https://serv42.limeira.sp.gov.br/netConselhos/listaDocumentos/?conselho=32	https://serv42.limeira.sp.gov.br/netConselhos/documento/?documento=1325&desc=Pauta_da_5-_reuniao_ordinaria_-_07-06-2023
CAE	32	Pautas	1327	Pauta_da_6-_reuniao_ordinaria_-_07-07-2023	https://serv42.limeira.sp.gov.br/netConselhos/listaDocumentos/?conselho=32	https://serv42.limeira.sp.gov.br/netConselhos/documento/?documento=1327&desc=Pauta_da_6-_reuniao_ordinaria_-_07-07-2023
CAE	32	Pautas	1339	Pauta_da_7-_reuniao_ordinaria_-_08-08-2023	https://serv42.limeira.sp.gov.br/netConselhos/listaDocumentos/?conselho=32	https://serv42.limeira.sp.gov.br/netConselhos/documento/?documento=1339&desc=Pauta_da_7-_reuniao_ordinaria_-_08-08-2023
CAE	32	Pautas	1382	Pauta_da_8-_reuniao_ordinaria_-_12-09-2023	https://serv42.limeira.sp.gov.br/netConselhos/listaDocumentos/?conselho=32	https://serv42.limeira.sp.gov.br/netConselhos/documento/?documento=1382&desc=Pauta_da_8-_reuniao_ordinaria_-_12-09-2023
CAE	32	Pautas	1409	Pauta_da_9-_reuniao_ordinaria_-_03-10-2023	https://serv42.limeira.sp.gov.br/netConselhos/listaDocumentos/?conselho=32	https://serv42.limeira.sp.gov.br/netConselhos/documento/?documento=1409&desc=Pauta_da_9-_reuniao_ordinaria_-_03-10-2023
CAE	32	Pautas	1434	Pauta_da_10-_reuniao_ordinaria_-_08-11-2023	https://serv42.limeira.sp.gov.br/netConselhos/listaDocumentos/?conselho=32	https://serv42.limeira.sp.gov.br/netConselhos/documento/?documento=1434&desc=Pauta_da_10-_reuniao_ordinaria_-_08-11-2023
CAE	32	Pautas	1488	Pauta_da_11-_Reuniao_Ordinaria_-_07-12-2023	https://serv42.limeira.sp.gov.br/netConselhos/listaDocumentos/?conselho=32	https://serv42.limeira.sp.gov.br/netConselhos/documento/?documento=1488&desc=Pauta_da_11-_Reuniao_Ordinaria_-_07-12-2023
CAE	32	Pautas	1490	Pauta_da_1-_reuniao_ordinaria_-_01-02-2024	https://serv42.limeira.sp.gov.br/netConselhos/listaDocumentos/?conselho=32	https://serv42.limeira.sp.gov.br/netConselhos/documento/?documento=1490&desc=Pauta_da_1-_reuniao_ordinaria_-_01-02-2024
CAE	32	Pautas	1494	Pauta_da_2-_reuniao_ordinaria_-_06-03-2024	https://serv42.limeira.sp.gov.br/netConselhos/listaDocumentos/?conselho=32	https://serv42.limeira.sp.gov.br/netConselhos/documento/?documento=1494&desc=Pauta_da_2-_reuniao_ordinaria_-_06-03-2024
CAE	32	Pautas	1587	Pauta_da_3-_reuniao_ordinaria_-_03-04-2024	https://serv42.limeira.sp.gov.br/netConselhos/listaDocumentos/?conselho=32	https://serv42.limeira.sp.gov.br/netConselhos/documento/?documento=1587&desc=Pauta_da_3-_reuniao_ordinaria_-_03-04-2024
CAE	32	Pautas	1588	Pauta_da_4-_reuniao_ordinaria_-_08-05-2024	https://serv42.limeira.sp.gov.br/netConselhos/listaDocumentos/?conselho=32	https://serv42.limeira.sp.gov.br/netConselhos/documento/?documento=1588&desc=Pauta_da_4-_reuniao_ordinaria_-_08-05-2024
CAE	32	Pautas	1589	Pauta_da_5-_reuniao_ordinaria_-_06-06-2024	https://serv42.limeira.sp.gov.br/netConselhos/listaDocumentos/?conselho=32	https://serv42.limeira.sp.gov.br/netConselhos/documento/?documento=1589&desc=Pauta_da_5-_reuniao_ordinaria_-_06-06-2024
CAE	32	Pautas	1646	Pauta_da_6-_reuniao_ordinaria_-_03-07-2024	https://serv42.limeira.sp.gov.br/netConselhos/listaDocumentos/?conselho=32	https://serv42.limeira.sp.gov.br/netConselhos/documento/?documento=1646&desc=Pauta_da_6-_reuniao_ordinaria_-_03-07-2024
CAE	32	Pautas	1650	Pauta_da_7-_reuniao_ordinaria_-07--08-2024	https://serv42.limeira.sp.gov.br/netConselhos/listaDocumentos/?conselho=32	https://serv42.limeira.sp.gov.br/netConselhos/documento/?documento=1650&desc=Pauta_da_7-_reuniao_ordinaria_-07--08-2024
CAE	32	Pautas	1651	Pauta_da_8-_reuniao_ordinaria_-04-09-2024	https://serv42.limeira.sp.gov.br/netConselhos/listaDocumentos/?conselho=32	https://serv42.limeira.sp.gov.br/netConselhos/documento/?documento=1651&desc=Pauta_da_8-_reuniao_ordinaria_-04-09-2024
CAE	32	Pautas	1652	Pauta_da_9-_reuniao_ordinaria_-02-10-2024	https://serv42.limeira.sp.gov.br/netConselhos/listaDocumentos/?conselho=32	https://serv42.limeira.sp.gov.br/netConselhos/documento/?documento=1652&desc=Pauta_da_9-_reuniao_ordinaria_-02-10-2024
CAE	32	Pautas	1672	Pauta_da_10-_reuniao_ordinaria__06-11-2024	https://serv42.limeira.sp.gov.br/netConselhos/listaDocumentos/?conselho=32	https://serv42.limeira.sp.gov.br/netConselhos/documento/?documento=1672&desc=Pauta_da_10-_reuniao_ordinaria__06-11-2024
CAE	32	Pautas	1826	Pauta_da_11-_reuniao_ordinaria__04-12-2024	https://serv42.limeira.sp.gov.br/netConselhos/listaDocumentos/?conselho=32	https://serv42.limeira.sp.gov.br/netConselhos/documento/?documento=1826&desc=Pauta_da_11-_reuniao_ordinaria__04-12-2024
CAE	32	Pautas	1827	Pauta_da_1-_reuniao_ordinaria_-_01-02-2025	https://serv42.limeira.sp.gov.br/netConselhos/listaDocumentos/?conselho=32	https://serv42.limeira.sp.gov.br/netConselhos/documento/?documento=1827&desc=Pauta_da_1-_reuniao_ordinaria_-_01-02-2025
CAE	32	Pautas	1828	Pauta_da_2-_reuniao_ordinaria_-_13-03-2025	https://serv42.limeira.sp.gov.br/netConselhos/listaDocumentos/?conselho=32	https://serv42.limeira.sp.gov.br/netConselhos/documento/?documento=1828&desc=Pauta_da_2-_reuniao_ordinaria_-_13-03-2025
CAE	32	Pautas	1829	Pauta_da_3-_reuniao_ordinaria_-_04-04-2025	https://serv42.limeira.sp.gov.br/netConselhos/listaDocumentos/?conselho=32	https://serv42.limeira.sp.gov.br/netConselhos/documento/?documento=1829&desc=Pauta_da_3-_reuniao_ordinaria_-_04-04-2025
CAE	32	Pautas	1830	Pauta_da_4-_reuniao_ordinaria_-_06-05-2025	https://serv42.limeira.sp.gov.br/netConselhos/listaDocumentos/?conselho=32	https://serv42.limeira.sp.gov.br/netConselhos/documento/?documento=1830&desc=Pauta_da_4-_reuniao_ordinaria_-_06-05-2025
CAE	32	Pautas	1831	Pauta_da_5-_reuniao_ordinaria_-_04-06-2025	https://serv42.limeira.sp.gov.br/netConselhos/listaDocumentos/?conselho=32	https://serv42.limeira.sp.gov.br/netConselhos/documento/?documento=1831&desc=Pauta_da_5-_reuniao_ordinaria_-_04-06-2025
CAE	32	Pautas	1843	Pauta_da_6-_reuniao_ordinaria_-_03-07-2025	https://serv42.limeira.sp.gov.br/netConselhos/listaDocumentos/?conselho=32	https://serv42.limeira.sp.gov.br/netConselhos/documento/?documento=1843&desc=Pauta_da_6-_reuniao_ordinaria_-_03-07-2025
CAE	32	Pautas	1920	Pauta_da_7-_reuniao_ordinaria_-_08-08-2025	https://serv42.limeira.sp.gov.br/netConselhos/listaDocumentos/?conselho=32	https://serv42.limeira.sp.gov.br/netConselhos/documento/?documento=1920&desc=Pauta_da_7-_reuniao_ordinaria_-_08-08-2025
CAE	32	Pautas	1921	Pauta_da_8-_reuniao_ordinaria_-_02-09-2025	https://serv42.limeira.sp.gov.br/netConselhos/listaDocumentos/?conselho=32	https://serv42.limeira.sp.gov.br/netConselhos/documento/?documento=1921&desc=Pauta_da_8-_reuniao_ordinaria_-_02-09-2025
CAE	32	Pautas	1922	Pauta_da_9-_reuniao_ordinaria_-01-10-2025	https://serv42.limeira.sp.gov.br/netConselhos/listaDocumentos/?conselho=32	https://serv42.limeira.sp.gov.br/netConselhos/documento/?documento=1922&desc=Pauta_da_9-_reuniao_ordinaria_-01-10-2025
CAE	32	Pautas	2323	Pauta_da_10-_reuniao_ordinaria_-06-11-2025	https://serv42.limeira.sp.gov.br/netConselhos/listaDocumentos/?conselho=32	https://serv42.limeira.sp.gov.br/netConselhos/documento/?documento=2323&desc=Pauta_da_10-_reuniao_ordinaria_-06-11-2025
CAE	32	Pautas	2324	Pauta_da_1-_reuniao_extraordinaria_-27-11-2025	https://serv42.limeira.sp.gov.br/netConselhos/listaDocumentos/?conselho=32	https://serv42.limeira.sp.gov.br/netConselhos/documento/?documento=2324&desc=Pauta_da_1-_reuniao_extraordinaria_-27-11-2025
CAE	32	Pautas	2326	Pauta_da_1-_reuniao_ordinaria_-_19-02-2026	https://serv42.limeira.sp.gov.br/netConselhos/listaDocumentos/?conselho=32	https://serv42.limeira.sp.gov.br/netConselhos/documento/?documento=2326&desc=Pauta_da_1-_reuniao_ordinaria_-_19-02-2026
CAE	32	Pautas	2327	Pauta_da_2-_reuniao_ordinaria_-_11-03-2026	https://serv42.limeira.sp.gov.br/netConselhos/listaDocumentos/?conselho=32	https://serv42.limeira.sp.gov.br/netConselhos/documento/?documento=2327&desc=Pauta_da_2-_reuniao_ordinaria_-_11-03-2026
CAE	32	Pautas	2436	Pauta_da_3-_reuniao_ordinaria_-_07-04-2026	https://serv42.limeira.sp.gov.br/netConselhos/listaDocumentos/?conselho=32	https://serv42.limeira.sp.gov.br/netConselhos/documento/?documento=2436&desc=Pauta_da_3-_reuniao_ordinaria_-_07-04-2026
CAE	32	Pautas	2561	Pauta_da_4-_reuniao_ordinaria_-_07-05-2026	https://serv42.limeira.sp.gov.br/netConselhos/listaDocumentos/?conselho=32	https://serv42.limeira.sp.gov.br/netConselhos/documento/?documento=2561&desc=Pauta_da_4-_reuniao_ordinaria_-_07-05-2026
CAE	32	Pautas	2712	Pauta_da_5-_reuniao_ordinaria_-_09-06-2026	https://serv42.limeira.sp.gov.br/netConselhos/listaDocumentos/?conselho=32	https://serv42.limeira.sp.gov.br/netConselhos/documento/?documento=2712&desc=Pauta_da_5-_reuniao_ordinaria_-_09-06-2026
CAE	32	Pautas	2713	Pauta_da_6-_reuniao_ordinaria_-_08-07-2026	https://serv42.limeira.sp.gov.br/netConselhos/listaDocumentos/?conselho=32	https://serv42.limeira.sp.gov.br/netConselhos/documento/?documento=2713&desc=Pauta_da_6-_reuniao_ordinaria_-_08-07-2026
CAE	32	Pautas	2714	Pauta_da_7-_reuniao_ordinaria_-_06-08-2026	https://serv42.limeira.sp.gov.br/netConselhos/listaDocumentos/?conselho=32	https://serv42.limeira.sp.gov.br/netConselhos/documento/?documento=2714&desc=Pauta_da_7-_reuniao_ordinaria_-_06-08-2026
CAE	32	Atas de Reuniões	170	CAE_1-_RO_25-01-19	https://serv42.limeira.sp.gov.br/netConselhos/listaDocumentos/?conselho=32	https://serv42.limeira.sp.gov.br/netConselhos/documento/?documento=170&desc=CAE_1-_RO_25-01-19
CAE	32	Atas de Reuniões	171	CAE_2-_RO_20-02-19	https://serv42.limeira.sp.gov.br/netConselhos/listaDocumentos/?conselho=32	https://serv42.limeira.sp.gov.br/netConselhos/documento/?documento=171&desc=CAE_2-_RO_20-02-19
CAE	32	Atas de Reuniões	172	CAE_3-_RO_14-03-19	https://serv42.limeira.sp.gov.br/netConselhos/listaDocumentos/?conselho=32	https://serv42.limeira.sp.gov.br/netConselhos/documento/?documento=172&desc=CAE_3-_RO_14-03-19
CAE	32	Atas de Reuniões	173	CAE_4-_RO_11-04-19	https://serv42.limeira.sp.gov.br/netConselhos/listaDocumentos/?conselho=32	https://serv42.limeira.sp.gov.br/netConselhos/documento/?documento=173&desc=CAE_4-_RO_11-04-19
CAE	32	Atas de Reuniões	174	CAE_5-_RO_09-05-19	https://serv42.limeira.sp.gov.br/netConselhos/listaDocumentos/?conselho=32	https://serv42.limeira.sp.gov.br/netConselhos/documento/?documento=174&desc=CAE_5-_RO_09-05-19
CAE	32	Atas de Reuniões	175	CAE_6-_RO_12.06.19	https://serv42.limeira.sp.gov.br/netConselhos/listaDocumentos/?conselho=32	https://serv42.limeira.sp.gov.br/netConselhos/documento/?documento=175&desc=CAE_6-_RO_12.06.19
CAE	32	Atas de Reuniões	176	CAE_7a_RO_04.07.19	https://serv42.limeira.sp.gov.br/netConselhos/listaDocumentos/?conselho=32	https://serv42.limeira.sp.gov.br/netConselhos/documento/?documento=176&desc=CAE_7a_RO_04.07.19
CAE	32	Atas de Reuniões	177	CAE_8a_RO_08.08.19	https://serv42.limeira.sp.gov.br/netConselhos/listaDocumentos/?conselho=32	https://serv42.limeira.sp.gov.br/netConselhos/documento/?documento=177&desc=CAE_8a_RO_08.08.19
CAE	32	Atas de Reuniões	178	CAE_9a_RO_05.09.19	https://serv42.limeira.sp.gov.br/netConselhos/listaDocumentos/?conselho=32	https://serv42.limeira.sp.gov.br/netConselhos/documento/?documento=178&desc=CAE_9a_RO_05.09.19
CAE	32	Atas de Reuniões	179	CAE_10a_RO_09.10.19	https://serv42.limeira.sp.gov.br/netConselhos/listaDocumentos/?conselho=32	https://serv42.limeira.sp.gov.br/netConselhos/documento/?documento=179&desc=CAE_10a_RO_09.10.19
CAE	32	Atas de Reuniões	180	CAE_11a_RO_13.11.19	https://serv42.limeira.sp.gov.br/netConselhos/listaDocumentos/?conselho=32	https://serv42.limeira.sp.gov.br/netConselhos/documento/?documento=180&desc=CAE_11a_RO_13.11.19
CAE	32	Atas de Reuniões	259	CAE_12a_RO_12.12.19	https://serv42.limeira.sp.gov.br/netConselhos/listaDocumentos/?conselho=32	https://serv42.limeira.sp.gov.br/netConselhos/documento/?documento=259&desc=CAE_12a_RO_12.12.19
CAE	32	Atas de Reuniões	267	CAE_1-_RO_30-01-20	https://serv42.limeira.sp.gov.br/netConselhos/listaDocumentos/?conselho=32	https://serv42.limeira.sp.gov.br/netConselhos/documento/?documento=267&desc=CAE_1-_RO_30-01-20
CAE	32	Atas de Reuniões	343	CAE_3-_RO_-_10.03.2020	https://serv42.limeira.sp.gov.br/netConselhos/listaDocumentos/?conselho=32	https://serv42.limeira.sp.gov.br/netConselhos/documento/?documento=343&desc=CAE_3-_RO_-_10.03.2020
CAE	32	Atas de Reuniões	345	CAE_1-_RE_14.07.2020	https://serv42.limeira.sp.gov.br/netConselhos/listaDocumentos/?conselho=32	https://serv42.limeira.sp.gov.br/netConselhos/documento/?documento=345&desc=CAE_1-_RE_14.07.2020
CAE	32	Atas de Reuniões	435	CAE_2-_RE_12.08.2020	https://serv42.limeira.sp.gov.br/netConselhos/listaDocumentos/?conselho=32	https://serv42.limeira.sp.gov.br/netConselhos/documento/?documento=435&desc=CAE_2-_RE_12.08.2020
CAE	32	Atas de Reuniões	436	CAE_3-_RE_07.10.2020	https://serv42.limeira.sp.gov.br/netConselhos/listaDocumentos/?conselho=32	https://serv42.limeira.sp.gov.br/netConselhos/documento/?documento=436&desc=CAE_3-_RE_07.10.2020
CAE	32	Atas de Reuniões	439	CAE_2-_RO_18-02-2020	https://serv42.limeira.sp.gov.br/netConselhos/listaDocumentos/?conselho=32	https://serv42.limeira.sp.gov.br/netConselhos/documento/?documento=439&desc=CAE_2-_RO_18-02-2020
CAE	32	Atas de Reuniões	443	CAE_3-_RO_-_10.03.2020	https://serv42.limeira.sp.gov.br/netConselhos/listaDocumentos/?conselho=32	https://serv42.limeira.sp.gov.br/netConselhos/documento/?documento=443&desc=CAE_3-_RO_-_10.03.2020
CAE	32	Atas de Reuniões	449	CAE_4-_RE_16.11.2020	https://serv42.limeira.sp.gov.br/netConselhos/listaDocumentos/?conselho=32	https://serv42.limeira.sp.gov.br/netConselhos/documento/?documento=449&desc=CAE_4-_RE_16.11.2020
CAE	32	Atas de Reuniões	480	CAE_5-_RE_-_08-12-2020	https://serv42.limeira.sp.gov.br/netConselhos/listaDocumentos/?conselho=32	https://serv42.limeira.sp.gov.br/netConselhos/documento/?documento=480&desc=CAE_5-_RE_-_08-12-2020
CAE	32	Atas de Reuniões	499	CAE_1-_RE_-_26-01-2021	https://serv42.limeira.sp.gov.br/netConselhos/listaDocumentos/?conselho=32	https://serv42.limeira.sp.gov.br/netConselhos/documento/?documento=499&desc=CAE_1-_RE_-_26-01-2021
CAE	32	Atas de Reuniões	500	CAE_1-_RO_-_16-02-2021	https://serv42.limeira.sp.gov.br/netConselhos/listaDocumentos/?conselho=32	https://serv42.limeira.sp.gov.br/netConselhos/documento/?documento=500&desc=CAE_1-_RO_-_16-02-2021
CAE	32	Atas de Reuniões	510	CAE_2-_RE_25-02-2021	https://serv42.limeira.sp.gov.br/netConselhos/listaDocumentos/?conselho=32	https://serv42.limeira.sp.gov.br/netConselhos/documento/?documento=510&desc=CAE_2-_RE_25-02-2021
CAE	32	Atas de Reuniões	511	CAE_3-_RE_31-03-2021	https://serv42.limeira.sp.gov.br/netConselhos/listaDocumentos/?conselho=32	https://serv42.limeira.sp.gov.br/netConselhos/documento/?documento=511&desc=CAE_3-_RE_31-03-2021
CAE	32	Atas de Reuniões	521	CAE_2-_RO_07-04-2021	https://serv42.limeira.sp.gov.br/netConselhos/listaDocumentos/?conselho=32	https://serv42.limeira.sp.gov.br/netConselhos/documento/?documento=521&desc=CAE_2-_RO_07-04-2021
CAE	32	Atas de Reuniões	596	CAE_4-_RE_27-05-2021	https://serv42.limeira.sp.gov.br/netConselhos/listaDocumentos/?conselho=32	https://serv42.limeira.sp.gov.br/netConselhos/documento/?documento=596&desc=CAE_4-_RE_27-05-2021
CAE	32	Atas de Reuniões	861	CAE_4-_RO_07-07-2021	https://serv42.limeira.sp.gov.br/netConselhos/listaDocumentos/?conselho=32	https://serv42.limeira.sp.gov.br/netConselhos/documento/?documento=861&desc=CAE_4-_RO_07-07-2021
CAE	32	Atas de Reuniões	862	CAE_5-_RO_10-08-2021	https://serv42.limeira.sp.gov.br/netConselhos/listaDocumentos/?conselho=32	https://serv42.limeira.sp.gov.br/netConselhos/documento/?documento=862&desc=CAE_5-_RO_10-08-2021
CAE	32	Atas de Reuniões	863	CAE_6-_RO_14-09-2021	https://serv42.limeira.sp.gov.br/netConselhos/listaDocumentos/?conselho=32	https://serv42.limeira.sp.gov.br/netConselhos/documento/?documento=863&desc=CAE_6-_RO_14-09-2021
CAE	32	Atas de Reuniões	864	CAE_7-_RO_05-10-2021	https://serv42.limeira.sp.gov.br/netConselhos/listaDocumentos/?conselho=32	https://serv42.limeira.sp.gov.br/netConselhos/documento/?documento=864&desc=CAE_7-_RO_05-10-2021
CAE	32	Atas de Reuniões	865	CAE_8-_RO_09-11-2021	https://serv42.limeira.sp.gov.br/netConselhos/listaDocumentos/?conselho=32	https://serv42.limeira.sp.gov.br/netConselhos/documento/?documento=865&desc=CAE_8-_RO_09-11-2021
CAE	32	Atas de Reuniões	970	CAE_9-_RO_08-12-2021	https://serv42.limeira.sp.gov.br/netConselhos/listaDocumentos/?conselho=32	https://serv42.limeira.sp.gov.br/netConselhos/documento/?documento=970&desc=CAE_9-_RO_08-12-2021
CAE	32	Atas de Reuniões	971	CAE_1-_RO_22-02-2022	https://serv42.limeira.sp.gov.br/netConselhos/listaDocumentos/?conselho=32	https://serv42.limeira.sp.gov.br/netConselhos/documento/?documento=971&desc=CAE_1-_RO_22-02-2022
CAE	32	Atas de Reuniões	1083	CAE_2-_RO_08-03-2022	https://serv42.limeira.sp.gov.br/netConselhos/listaDocumentos/?conselho=32	https://serv42.limeira.sp.gov.br/netConselhos/documento/?documento=1083&desc=CAE_2-_RO_08-03-2022
CAE	32	Atas de Reuniões	1084	CAE_3-_RO_05-04-2022	https://serv42.limeira.sp.gov.br/netConselhos/listaDocumentos/?conselho=32	https://serv42.limeira.sp.gov.br/netConselhos/documento/?documento=1084&desc=CAE_3-_RO_05-04-2022
CAE	32	Atas de Reuniões	1085	CAE_4-_RO_10-05-2022	https://serv42.limeira.sp.gov.br/netConselhos/listaDocumentos/?conselho=32	https://serv42.limeira.sp.gov.br/netConselhos/documento/?documento=1085&desc=CAE_4-_RO_10-05-2022
CAE	32	Atas de Reuniões	1086	CAE_5-_RO_30-05-2022	https://serv42.limeira.sp.gov.br/netConselhos/listaDocumentos/?conselho=32	https://serv42.limeira.sp.gov.br/netConselhos/documento/?documento=1086&desc=CAE_5-_RO_30-05-2022
CAE	32	Atas de Reuniões	1087	CAE_6-_RO_04-07-2022	https://serv42.limeira.sp.gov.br/netConselhos/listaDocumentos/?conselho=32	https://serv42.limeira.sp.gov.br/netConselhos/documento/?documento=1087&desc=CAE_6-_RO_04-07-2022
CAE	32	Atas de Reuniões	1140	CAE_7-_RO_24-08_2022	https://serv42.limeira.sp.gov.br/netConselhos/listaDocumentos/?conselho=32	https://serv42.limeira.sp.gov.br/netConselhos/documento/?documento=1140&desc=CAE_7-_RO_24-08_2022
CAE	32	Atas de Reuniões	1141	CAE_8-_RO_06-07-2022	https://serv42.limeira.sp.gov.br/netConselhos/listaDocumentos/?conselho=32	https://serv42.limeira.sp.gov.br/netConselhos/documento/?documento=1141&desc=CAE_8-_RO_06-07-2022
CAE	32	Atas de Reuniões	1142	CAE_9-_RO_03-10-2022	https://serv42.limeira.sp.gov.br/netConselhos/listaDocumentos/?conselho=32	https://serv42.limeira.sp.gov.br/netConselhos/documento/?documento=1142&desc=CAE_9-_RO_03-10-2022
CAE	32	Atas de Reuniões	1143	CAE_10-_RO_08-11-2022	https://serv42.limeira.sp.gov.br/netConselhos/listaDocumentos/?conselho=32	https://serv42.limeira.sp.gov.br/netConselhos/documento/?documento=1143&desc=CAE_10-_RO_08-11-2022
CAE	32	Atas de Reuniões	1144	CAE_11-_RO_08-12-2022	https://serv42.limeira.sp.gov.br/netConselhos/listaDocumentos/?conselho=32	https://serv42.limeira.sp.gov.br/netConselhos/documento/?documento=1144&desc=CAE_11-_RO_08-12-2022
CAE	32	Atas de Reuniões	1190	Reuniao_de_Posse_do_Quadrienio_2023-2026_CAE_24-01-2023	https://serv42.limeira.sp.gov.br/netConselhos/listaDocumentos/?conselho=32	https://serv42.limeira.sp.gov.br/netConselhos/documento/?documento=1190&desc=Reuniao_de_Posse_do_Quadrienio_2023-2026_CAE_24-01-2023
CAE	32	Atas de Reuniões	1270	CAE_1-_RO_-_03-02-2023	https://serv42.limeira.sp.gov.br/netConselhos/listaDocumentos/?conselho=32	https://serv42.limeira.sp.gov.br/netConselhos/documento/?documento=1270&desc=CAE_1-_RO_-_03-02-2023
CAE	32	Atas de Reuniões	1271	CAE_2-_RO_-_08-03-2023	https://serv42.limeira.sp.gov.br/netConselhos/listaDocumentos/?conselho=32	https://serv42.limeira.sp.gov.br/netConselhos/documento/?documento=1271&desc=CAE_2-_RO_-_08-03-2023
CAE	32	Atas de Reuniões	1272	CAE_3-_RO_-_06-04-2023	https://serv42.limeira.sp.gov.br/netConselhos/listaDocumentos/?conselho=32	https://serv42.limeira.sp.gov.br/netConselhos/documento/?documento=1272&desc=CAE_3-_RO_-_06-04-2023
CAE	32	Atas de Reuniões	1273	CAE_4-_RO_-_10-05-2023	https://serv42.limeira.sp.gov.br/netConselhos/listaDocumentos/?conselho=32	https://serv42.limeira.sp.gov.br/netConselhos/documento/?documento=1273&desc=CAE_4-_RO_-_10-05-2023
CAE	32	Atas de Reuniões	1274	CAE_1-_RE_-_25-05-2023	https://serv42.limeira.sp.gov.br/netConselhos/listaDocumentos/?conselho=32	https://serv42.limeira.sp.gov.br/netConselhos/documento/?documento=1274&desc=CAE_1-_RE_-_25-05-2023
CAE	32	Atas de Reuniões	1326	CAE_5-_RO_07-06-2023	https://serv42.limeira.sp.gov.br/netConselhos/listaDocumentos/?conselho=32	https://serv42.limeira.sp.gov.br/netConselhos/documento/?documento=1326&desc=CAE_5-_RO_07-06-2023
CAE	32	Atas de Reuniões	1328	CAE_6-_RO_07-07-2023	https://serv42.limeira.sp.gov.br/netConselhos/listaDocumentos/?conselho=32	https://serv42.limeira.sp.gov.br/netConselhos/documento/?documento=1328&desc=CAE_6-_RO_07-07-2023
CAE	32	Atas de Reuniões	1338	CAE_7-_RO_08-08-2023	https://serv42.limeira.sp.gov.br/netConselhos/listaDocumentos/?conselho=32	https://serv42.limeira.sp.gov.br/netConselhos/documento/?documento=1338&desc=CAE_7-_RO_08-08-2023
CAE	32	Atas de Reuniões	1381	CAE_8-_RO_12-09-2023	https://serv42.limeira.sp.gov.br/netConselhos/listaDocumentos/?conselho=32	https://serv42.limeira.sp.gov.br/netConselhos/documento/?documento=1381&desc=CAE_8-_RO_12-09-2023
CAE	32	Atas de Reuniões	1410	CAE_9-_RO_03-10-2023	https://serv42.limeira.sp.gov.br/netConselhos/listaDocumentos/?conselho=32	https://serv42.limeira.sp.gov.br/netConselhos/documento/?documento=1410&desc=CAE_9-_RO_03-10-2023
CAE	32	Atas de Reuniões	1433	CAE_10-_RO_08-11-2023	https://serv42.limeira.sp.gov.br/netConselhos/listaDocumentos/?conselho=32	https://serv42.limeira.sp.gov.br/netConselhos/documento/?documento=1433&desc=CAE_10-_RO_08-11-2023
CAE	32	Atas de Reuniões	1487	CAE_11-_RO_07-12-2023	https://serv42.limeira.sp.gov.br/netConselhos/listaDocumentos/?conselho=32	https://serv42.limeira.sp.gov.br/netConselhos/documento/?documento=1487&desc=CAE_11-_RO_07-12-2023
CAE	32	Atas de Reuniões	1489	CAE_1-_RO_01-02-2024	https://serv42.limeira.sp.gov.br/netConselhos/listaDocumentos/?conselho=32	https://serv42.limeira.sp.gov.br/netConselhos/documento/?documento=1489&desc=CAE_1-_RO_01-02-2024
CAE	32	Atas de Reuniões	1493	CAE_2-_RO_06-03-2024	https://serv42.limeira.sp.gov.br/netConselhos/listaDocumentos/?conselho=32	https://serv42.limeira.sp.gov.br/netConselhos/documento/?documento=1493&desc=CAE_2-_RO_06-03-2024
CAE	32	Atas de Reuniões	1590	CAE_3-_RO_03-04-2024	https://serv42.limeira.sp.gov.br/netConselhos/listaDocumentos/?conselho=32	https://serv42.limeira.sp.gov.br/netConselhos/documento/?documento=1590&desc=CAE_3-_RO_03-04-2024
CAE	32	Atas de Reuniões	1591	CAE_4-_RO_08-05-2024	https://serv42.limeira.sp.gov.br/netConselhos/listaDocumentos/?conselho=32	https://serv42.limeira.sp.gov.br/netConselhos/documento/?documento=1591&desc=CAE_4-_RO_08-05-2024
CAE	32	Atas de Reuniões	1592	CAE_5-_RO_06-06-2024	https://serv42.limeira.sp.gov.br/netConselhos/listaDocumentos/?conselho=32	https://serv42.limeira.sp.gov.br/netConselhos/documento/?documento=1592&desc=CAE_5-_RO_06-06-2024
CAE	32	Atas de Reuniões	1643	CAE_6-_RO_03-07-2024	https://serv42.limeira.sp.gov.br/netConselhos/listaDocumentos/?conselho=32	https://serv42.limeira.sp.gov.br/netConselhos/documento/?documento=1643&desc=CAE_6-_RO_03-07-2024
CAE	32	Atas de Reuniões	1653	CAE_7-_RO_07-08-2024	https://serv42.limeira.sp.gov.br/netConselhos/listaDocumentos/?conselho=32	https://serv42.limeira.sp.gov.br/netConselhos/documento/?documento=1653&desc=CAE_7-_RO_07-08-2024
CAE	32	Atas de Reuniões	1654	CAE_8-_RO_04-09-2024	https://serv42.limeira.sp.gov.br/netConselhos/listaDocumentos/?conselho=32	https://serv42.limeira.sp.gov.br/netConselhos/documento/?documento=1654&desc=CAE_8-_RO_04-09-2024
CAE	32	Atas de Reuniões	1673	CAE_9-_RO_02-10-2024	https://serv42.limeira.sp.gov.br/netConselhos/listaDocumentos/?conselho=32	https://serv42.limeira.sp.gov.br/netConselhos/documento/?documento=1673&desc=CAE_9-_RO_02-10-2024
CAE	32	Atas de Reuniões	1820	CAE_10-_RO_08-11-2024	https://serv42.limeira.sp.gov.br/netConselhos/listaDocumentos/?conselho=32	https://serv42.limeira.sp.gov.br/netConselhos/documento/?documento=1820&desc=CAE_10-_RO_08-11-2024
CAE	32	Atas de Reuniões	1821	CAE_11-_RO_04-12-2024	https://serv42.limeira.sp.gov.br/netConselhos/listaDocumentos/?conselho=32	https://serv42.limeira.sp.gov.br/netConselhos/documento/?documento=1821&desc=CAE_11-_RO_04-12-2024
CAE	32	Atas de Reuniões	1822	CAE_1-_RO_01-02-2025	https://serv42.limeira.sp.gov.br/netConselhos/listaDocumentos/?conselho=32	https://serv42.limeira.sp.gov.br/netConselhos/documento/?documento=1822&desc=CAE_1-_RO_01-02-2025
CAE	32	Atas de Reuniões	1823	CAE_2-_RO_13-03-2025	https://serv42.limeira.sp.gov.br/netConselhos/listaDocumentos/?conselho=32	https://serv42.limeira.sp.gov.br/netConselhos/documento/?documento=1823&desc=CAE_2-_RO_13-03-2025
CAE	32	Atas de Reuniões	1824	CAE_3-_RO_04-04-2025	https://serv42.limeira.sp.gov.br/netConselhos/listaDocumentos/?conselho=32	https://serv42.limeira.sp.gov.br/netConselhos/documento/?documento=1824&desc=CAE_3-_RO_04-04-2025
CAE	32	Atas de Reuniões	1825	CAE_4-_RO_06-05-2025	https://serv42.limeira.sp.gov.br/netConselhos/listaDocumentos/?conselho=32	https://serv42.limeira.sp.gov.br/netConselhos/documento/?documento=1825&desc=CAE_4-_RO_06-05-2025
CAE	32	Atas de Reuniões	2701	CAE_5-_RO_04-06-2025	https://serv42.limeira.sp.gov.br/netConselhos/listaDocumentos/?conselho=32	https://serv42.limeira.sp.gov.br/netConselhos/documento/?documento=2701&desc=CAE_5-_RO_04-06-2025
CAE	32	Atas de Reuniões	2702	CAE_6-_RO_03-07-2025	https://serv42.limeira.sp.gov.br/netConselhos/listaDocumentos/?conselho=32	https://serv42.limeira.sp.gov.br/netConselhos/documento/?documento=2702&desc=CAE_6-_RO_03-07-2025
CAE	32	Atas de Reuniões	2703	CAE_7-_RO_08-08-2025	https://serv42.limeira.sp.gov.br/netConselhos/listaDocumentos/?conselho=32	https://serv42.limeira.sp.gov.br/netConselhos/documento/?documento=2703&desc=CAE_7-_RO_08-08-2025
CAE	32	Atas de Reuniões	2704	CAE_9-_RO_01-10-2025	https://serv42.limeira.sp.gov.br/netConselhos/listaDocumentos/?conselho=32	https://serv42.limeira.sp.gov.br/netConselhos/documento/?documento=2704&desc=CAE_9-_RO_01-10-2025
CAE	32	Atas de Reuniões	2705	CAE_10-_RO_06-11-2025	https://serv42.limeira.sp.gov.br/netConselhos/listaDocumentos/?conselho=32	https://serv42.limeira.sp.gov.br/netConselhos/documento/?documento=2705&desc=CAE_10-_RO_06-11-2025
CAE	32	Atas de Reuniões	2706	CAE_1-_RE_27-11-2025	https://serv42.limeira.sp.gov.br/netConselhos/listaDocumentos/?conselho=32	https://serv42.limeira.sp.gov.br/netConselhos/documento/?documento=2706&desc=CAE_1-_RE_27-11-2025
CAE	32	Atas de Reuniões	2707	CAE_1-_RO_19-02-2026	https://serv42.limeira.sp.gov.br/netConselhos/listaDocumentos/?conselho=32	https://serv42.limeira.sp.gov.br/netConselhos/documento/?documento=2707&desc=CAE_1-_RO_19-02-2026
CAE	32	Atas de Reuniões	2708	CAE_2-_RO_11-03-2026	https://serv42.limeira.sp.gov.br/netConselhos/listaDocumentos/?conselho=32	https://serv42.limeira.sp.gov.br/netConselhos/documento/?documento=2708&desc=CAE_2-_RO_11-03-2026
CAE	32	Atas de Reuniões	2709	CAE_3-_RO_07-04-2026	https://serv42.limeira.sp.gov.br/netConselhos/listaDocumentos/?conselho=32	https://serv42.limeira.sp.gov.br/netConselhos/documento/?documento=2709&desc=CAE_3-_RO_07-04-2026
CAE	32	Atas de Reuniões	2710	CAE_4-_RO_07-05-2026	https://serv42.limeira.sp.gov.br/netConselhos/listaDocumentos/?conselho=32	https://serv42.limeira.sp.gov.br/netConselhos/documento/?documento=2710&desc=CAE_4-_RO_07-05-2026
CAE	32	Atas de Reuniões	2711	CAE_5-_RO_09-06-2026	https://serv42.limeira.sp.gov.br/netConselhos/listaDocumentos/?conselho=32	https://serv42.limeira.sp.gov.br/netConselhos/documento/?documento=2711&desc=CAE_5-_RO_09-06-2026
CAE	32	Outros	211	Regimento_Interno_do_CAE	https://serv42.limeira.sp.gov.br/netConselhos/listaDocumentos/?conselho=32	https://serv42.limeira.sp.gov.br/netConselhos/documento/?documento=211&desc=Regimento_Interno_do_CAE
CAE	32	Outros	212	FOTO_POSSE_CAE	https://serv42.limeira.sp.gov.br/netConselhos/listaDocumentos/?conselho=32	https://serv42.limeira.sp.gov.br/netConselhos/documento/?documento=212&desc=FOTO_POSSE_CAE
CAE	32	Outros	481	Plano_de_Acao_CAE_2021	https://serv42.limeira.sp.gov.br/netConselhos/listaDocumentos/?conselho=32	https://serv42.limeira.sp.gov.br/netConselhos/documento/?documento=481&desc=Plano_de_Acao_CAE_2021
CAE	32	Outros	919	PLANO_DE_ACAO_CAE_2022	https://serv42.limeira.sp.gov.br/netConselhos/listaDocumentos/?conselho=32	https://serv42.limeira.sp.gov.br/netConselhos/documento/?documento=919&desc=PLANO_DE_ACAO_CAE_2022
CAE	32	Outros	1329	REGIMENTO_INTERNO_CAE_-_Aprovado_em_07-07-2023	https://serv42.limeira.sp.gov.br/netConselhos/listaDocumentos/?conselho=32	https://serv42.limeira.sp.gov.br/netConselhos/documento/?documento=1329&desc=REGIMENTO_INTERNO_CAE_-_Aprovado_em_07-07-2023
CAE	32	Outros	1435	PLANO_DE_ACAO_CAE_2023	https://serv42.limeira.sp.gov.br/netConselhos/listaDocumentos/?conselho=32	https://serv42.limeira.sp.gov.br/netConselhos/documento/?documento=1435&desc=PLANO_DE_ACAO_CAE_2023
CAE	32	Outros	1495	cronograma_de_reunioes_CAE_2024	https://serv42.limeira.sp.gov.br/netConselhos/listaDocumentos/?conselho=32	https://serv42.limeira.sp.gov.br/netConselhos/documento/?documento=1495&desc=cronograma_de_reunioes_CAE_2024
CAE	32	Outros	1496	Plano_de_acao_2024_	https://serv42.limeira.sp.gov.br/netConselhos/listaDocumentos/?conselho=32	https://serv42.limeira.sp.gov.br/netConselhos/documento/?documento=1496&desc=Plano_de_acao_2024_
CAE	32	Outros	1681	Atas_do_CAE_-_de_2011_a_2023	https://serv42.limeira.sp.gov.br/netConselhos/listaDocumentos/?conselho=32	https://serv42.limeira.sp.gov.br/netConselhos/documento/?documento=1681&desc=Atas_do_CAE_-_de_2011_a_2023
CAE	32	Outros	1845	MOCAO_142-2025_-_RECONHECIMENTO_PELA_CAMARA_MUNICIPAL_-_30_ANOS	https://serv42.limeira.sp.gov.br/netConselhos/listaDocumentos/?conselho=32	https://serv42.limeira.sp.gov.br/netConselhos/documento/?documento=1845&desc=MOCAO_142-2025_-_RECONHECIMENTO_PELA_CAMARA_MUNICIPAL_-_30_ANOS
CAE	32	Outros	1846	MOCAO_certificado	https://serv42.limeira.sp.gov.br/netConselhos/listaDocumentos/?conselho=32	https://serv42.limeira.sp.gov.br/netConselhos/documento/?documento=1846&desc=MOCAO_certificado
CAE	32	Outros	2391	PLANO_DE_ACAO_CAE_2025	https://serv42.limeira.sp.gov.br/netConselhos/listaDocumentos/?conselho=32	https://serv42.limeira.sp.gov.br/netConselhos/documento/?documento=2391&desc=PLANO_DE_ACAO_CAE_2025
CAE	32	Outros	2392	PLANO_DE_ACAO_CAE_2026	https://serv42.limeira.sp.gov.br/netConselhos/listaDocumentos/?conselho=32	https://serv42.limeira.sp.gov.br/netConselhos/documento/?documento=2392&desc=PLANO_DE_ACAO_CAE_2026
FME	42	Decretos	2488	NOMEACAO_DE_MEMBROS_2025-2028_-_RESOLUCAO_SME_n-_04-2025	https://serv42.limeira.sp.gov.br/netConselhos/listaDocumentos/?conselho=42	https://serv42.limeira.sp.gov.br/netConselhos/documento/?documento=2488&desc=NOMEACAO_DE_MEMBROS_2025-2028_-_RESOLUCAO_SME_n-_04-2025
FME	42	Decretos	2734	NOMEACAO_DE_MEMBROS,_SUBSTITUICOES_E_RETIFICACOES	https://serv42.limeira.sp.gov.br/netConselhos/listaDocumentos/?conselho=42	https://serv42.limeira.sp.gov.br/netConselhos/documento/?documento=2734&desc=NOMEACAO_DE_MEMBROS,_SUBSTITUICOES_E_RETIFICACOES
FME	42	Pautas	2742	Pauta_da_1-_Reuniao_Ordinaria_-_trienio_2025-2028_-_30-07-2025	https://serv42.limeira.sp.gov.br/netConselhos/listaDocumentos/?conselho=42	https://serv42.limeira.sp.gov.br/netConselhos/documento/?documento=2742&desc=Pauta_da_1-_Reuniao_Ordinaria_-_trienio_2025-2028_-_30-07-2025
FME	42	Pautas	2743	Pauta_da_2-_Reuniao_Ordinaria_-_trienio_2025-2028_-_18-09-2025	https://serv42.limeira.sp.gov.br/netConselhos/listaDocumentos/?conselho=42	https://serv42.limeira.sp.gov.br/netConselhos/documento/?documento=2743&desc=Pauta_da_2-_Reuniao_Ordinaria_-_trienio_2025-2028_-_18-09-2025
FME	42	Pautas	2744	Pauta_da_1-_Reuniao_Extraordinaria_-_trienio_2025-2028_-_29-09-2025	https://serv42.limeira.sp.gov.br/netConselhos/listaDocumentos/?conselho=42	https://serv42.limeira.sp.gov.br/netConselhos/documento/?documento=2744&desc=Pauta_da_1-_Reuniao_Extraordinaria_-_trienio_2025-2028_-_29-09-2025
FME	42	Pautas	2745	Pauta_da_3-_Reuniao_Ordinaria_-_trienio_2025-2028_-_10-12-2025	https://serv42.limeira.sp.gov.br/netConselhos/listaDocumentos/?conselho=42	https://serv42.limeira.sp.gov.br/netConselhos/documento/?documento=2745&desc=Pauta_da_3-_Reuniao_Ordinaria_-_trienio_2025-2028_-_10-12-2025
FME	42	Pautas	2746	Pauta_da_4-_Reuniao_Ordinaria_-_trienio_2025-2028_-_26-02-2026	https://serv42.limeira.sp.gov.br/netConselhos/listaDocumentos/?conselho=42	https://serv42.limeira.sp.gov.br/netConselhos/documento/?documento=2746&desc=Pauta_da_4-_Reuniao_Ordinaria_-_trienio_2025-2028_-_26-02-2026
FME	42	Pautas	2747	Pauta_da_5-_Reuniao_Ordinaria_-_trienio_2025-2028_-_01-07-2026	https://serv42.limeira.sp.gov.br/netConselhos/listaDocumentos/?conselho=42	https://serv42.limeira.sp.gov.br/netConselhos/documento/?documento=2747&desc=Pauta_da_5-_Reuniao_Ordinaria_-_trienio_2025-2028_-_01-07-2026
FME	42	Pautas	2748	Pauta_da_2-_Reuniao_Extraordinaria_-_trienio_2025-2028_-_15-07-2026	https://serv42.limeira.sp.gov.br/netConselhos/listaDocumentos/?conselho=42	https://serv42.limeira.sp.gov.br/netConselhos/documento/?documento=2748&desc=Pauta_da_2-_Reuniao_Extraordinaria_-_trienio_2025-2028_-_15-07-2026
FME	42	Atas de Reuniões	2729	FME_-_ATA_DE_POSSE_-TRIENIO_2025-2025_	https://serv42.limeira.sp.gov.br/netConselhos/listaDocumentos/?conselho=42	https://serv42.limeira.sp.gov.br/netConselhos/documento/?documento=2729&desc=FME_-_ATA_DE_POSSE_-TRIENIO_2025-2025_
FME	42	Atas de Reuniões	2730	FME_-_ATA_DA_1-_REUNIAO_ORDINARIA_-_30-07-2025	https://serv42.limeira.sp.gov.br/netConselhos/listaDocumentos/?conselho=42	https://serv42.limeira.sp.gov.br/netConselhos/documento/?documento=2730&desc=FME_-_ATA_DA_1-_REUNIAO_ORDINARIA_-_30-07-2025
FME	42	Atas de Reuniões	2731	FME_-_ATA_DA_2-_REUNIAO_ORDINARIA_-_18-09-2025	https://serv42.limeira.sp.gov.br/netConselhos/listaDocumentos/?conselho=42	https://serv42.limeira.sp.gov.br/netConselhos/documento/?documento=2731&desc=FME_-_ATA_DA_2-_REUNIAO_ORDINARIA_-_18-09-2025
FME	42	Atas de Reuniões	2732	FME_-_ATA_DA_1-_REUNIAO_EXTRAORDINARIA_29-09-2025	https://serv42.limeira.sp.gov.br/netConselhos/listaDocumentos/?conselho=42	https://serv42.limeira.sp.gov.br/netConselhos/documento/?documento=2732&desc=FME_-_ATA_DA_1-_REUNIAO_EXTRAORDINARIA_29-09-2025
FME	42	Atas de Reuniões	2733	FME_-_ATA_DA_3-_REUNIAO_ORDINARIA_-_10-12-2025	https://serv42.limeira.sp.gov.br/netConselhos/listaDocumentos/?conselho=42	https://serv42.limeira.sp.gov.br/netConselhos/documento/?documento=2733&desc=FME_-_ATA_DA_3-_REUNIAO_ORDINARIA_-_10-12-2025
FME	42	Outros	2494	Avaliacao_e_Monitoramento_do_Plano_Municipal_de_Educacao_-PME_2015-2024	https://serv42.limeira.sp.gov.br/netConselhos/listaDocumentos/?conselho=42	https://serv42.limeira.sp.gov.br/netConselhos/documento/?documento=2494&desc=Avaliacao_e_Monitoramento_do_Plano_Municipal_de_Educacao_-PME_2015-2024
